[INFO] Scanning for projects...
[INFO] 
[INFO] -------------------------< com.uscdip:backend >-------------------------
[INFO] Building uscdip-backend 0.0.1-SNAPSHOT
[INFO]   from pom.xml
[INFO] --------------------------------[ jar ]---------------------------------
[INFO] 
[INFO] >>> spring-boot:3.3.5:run (default-cli) > test-compile @ backend >>>
[INFO] 
[INFO] --- resources:3.3.1:resources (default-resources) @ backend ---
[INFO] Copying 3 resources from src\main\resources to target\classes
[INFO] Copying 5 resources from src\main\resources to target\classes
[INFO] 
[INFO] --- compiler:3.13.0:compile (default-compile) @ backend ---
[INFO] Recompiling the module because of changed source code.
[INFO] Compiling 312 source files with javac [debug parameters release 17] to target\classes
[INFO] 
[INFO] --- resources:3.3.1:testResources (default-testResources) @ backend ---
[INFO] Not copying test resources
[INFO] 
[INFO] --- compiler:3.13.0:testCompile (default-testCompile) @ backend ---
[INFO] Not compiling test sources
[INFO] 
[INFO] <<< spring-boot:3.3.5:run (default-cli) < test-compile @ backend <<<
[INFO] 
[INFO] 
[INFO] --- spring-boot:3.3.5:run (default-cli) @ backend ---
[INFO] Attaching agents: []

  .   ____          _            __ _ _
 /\\ / ___'_ __ _ _(_)_ __  __ _ \ \ \ \
( ( )\___ | '_ | '_| | '_ \/ _` | \ \ \ \
 \\/  ___)| |_)| | | | | || (_| |  ) ) ) )
  '  |____| .__|_| |_|_| |_\__, | / / / /
 =========|_|==============|___/=/_/_/_/

 :: Spring Boot ::                (v3.3.5)

2026-05-08T20:34:27.433+08:00  INFO 26852 --- [uscdip-backend] [           main] com.uscdip.backend.BackendApplication    : Starting BackendApplication using Java 17.0.10 with PID 26852 (E:\Whd\USCDIP\backend\target\classes started by w1328 in E:\Whd\USCDIP\backend)
2026-05-08T20:34:27.436+08:00  INFO 26852 --- [uscdip-backend] [           main] com.uscdip.backend.BackendApplication    : No active profile set, falling back to 1 default profile: "default"
2026-05-08T20:34:27.437+08:00 DEBUG 26852 --- [uscdip-backend] [           main] o.s.boot.SpringApplication               : Loading source class com.uscdip.backend.BackendApplication
2026-05-08T20:34:27.486+08:00 DEBUG 26852 --- [uscdip-backend] [           main] ConfigServletWebServerApplicationContext : Refreshing org.springframework.boot.web.servlet.context.AnnotationConfigServletWebServerApplicationContext@4b213651
2026-05-08T20:34:29.337+08:00  INFO 26852 --- [uscdip-backend] [           main] .s.d.r.c.RepositoryConfigurationDelegate : Bootstrapping Spring Data JPA repositories in DEFAULT mode.
2026-05-08T20:34:29.354+08:00 DEBUG 26852 --- [uscdip-backend] [           main] o.s.b.a.AutoConfigurationPackages        : @EnableAutoConfiguration was declared on a class in the package 'com.uscdip.backend'. Automatic @Repository and @Entity scanning is enabled.
2026-05-08T20:34:30.024+08:00  INFO 26852 --- [uscdip-backend] [           main] .s.d.r.c.RepositoryConfigurationDelegate : Finished Spring Data repository scanning in 680 ms. Found 56 JPA repository interfaces.
2026-05-08T20:34:34.014+08:00 DEBUG 26852 --- [uscdip-backend] [           main] .s.b.w.e.t.TomcatServletWebServerFactory : Code archive: E:\apache-maven-3.9.11\repository\org\springframework\boot\spring-boot\3.3.5\spring-boot-3.3.5.jar
2026-05-08T20:34:34.015+08:00 DEBUG 26852 --- [uscdip-backend] [           main] .s.b.w.e.t.TomcatServletWebServerFactory : Code archive: E:\apache-maven-3.9.11\repository\org\springframework\boot\spring-boot\3.3.5\spring-boot-3.3.5.jar
2026-05-08T20:34:34.015+08:00 DEBUG 26852 --- [uscdip-backend] [           main] .s.b.w.e.t.TomcatServletWebServerFactory : None of the document roots [src/main/webapp, public, static] point to a directory and will be ignored.
2026-05-08T20:34:34.045+08:00  INFO 26852 --- [uscdip-backend] [           main] o.s.b.w.embedded.tomcat.TomcatWebServer  : Tomcat initialized with port 8080 (http)
2026-05-08T20:34:34.060+08:00  INFO 26852 --- [uscdip-backend] [           main] o.apache.catalina.core.StandardService   : Starting service [Tomcat]
2026-05-08T20:34:34.060+08:00  INFO 26852 --- [uscdip-backend] [           main] o.apache.catalina.core.StandardEngine    : Starting Servlet engine: [Apache Tomcat/10.1.31]
2026-05-08T20:34:34.144+08:00  INFO 26852 --- [uscdip-backend] [           main] o.a.c.c.C.[Tomcat].[localhost].[/]       : Initializing Spring embedded WebApplicationContext
2026-05-08T20:34:34.145+08:00 DEBUG 26852 --- [uscdip-backend] [           main] w.s.c.ServletWebServerApplicationContext : Published root WebApplicationContext as ServletContext attribute with name [org.springframework.web.context.WebApplicationContext.ROOT]
2026-05-08T20:34:34.146+08:00  INFO 26852 --- [uscdip-backend] [           main] w.s.c.ServletWebServerApplicationContext : Root WebApplicationContext: initialization completed in 6659 ms
2026-05-08T20:34:34.205+08:00  INFO 26852 --- [uscdip-backend] [           main] com.zaxxer.hikari.HikariDataSource       : HikariPool-1 - Starting...
2026-05-08T20:34:34.438+08:00  INFO 26852 --- [uscdip-backend] [           main] com.zaxxer.hikari.pool.HikariPool        : HikariPool-1 - Added connection conn0: url=jdbc:h2:mem:uscdip user=SA
2026-05-08T20:34:34.440+08:00  INFO 26852 --- [uscdip-backend] [           main] com.zaxxer.hikari.HikariDataSource       : HikariPool-1 - Start completed.
2026-05-08T20:34:34.452+08:00  INFO 26852 --- [uscdip-backend] [           main] o.s.b.a.h2.H2ConsoleAutoConfiguration    : H2 console available at '/h2-console'. Database available at 'jdbc:h2:mem:uscdip'
2026-05-08T20:34:34.607+08:00  INFO 26852 --- [uscdip-backend] [           main] o.hibernate.jpa.internal.util.LogHelper  : HHH000204: Processing PersistenceUnitInfo [name: default]
2026-05-08T20:34:34.669+08:00  INFO 26852 --- [uscdip-backend] [           main] org.hibernate.Version                    : HHH000412: Hibernate ORM core version 6.5.3.Final
2026-05-08T20:34:34.710+08:00  INFO 26852 --- [uscdip-backend] [           main] o.h.c.internal.RegionFactoryInitiator    : HHH000026: Second-level cache disabled
2026-05-08T20:34:35.063+08:00  INFO 26852 --- [uscdip-backend] [           main] o.s.o.j.p.SpringPersistenceUnitInfo      : No LoadTimeWeaver setup: ignoring JPA class transformer
2026-05-08T20:34:37.619+08:00  INFO 26852 --- [uscdip-backend] [           main] o.h.e.t.j.p.i.JtaPlatformInitiator       : HHH000489: No JTA platform available (set 'hibernate.transaction.jta.platform' to enable JTA platform integration)
2026-05-08T20:34:37.636+08:00 DEBUG 26852 --- [uscdip-backend] [           main] org.hibernate.SQL                        : drop table if exists alert_case cascade 
2026-05-08T20:34:37.640+08:00 DEBUG 26852 --- [uscdip-backend] [           main] org.hibernate.SQL                        : drop table if exists alert_policy cascade 
2026-05-08T20:34:37.641+08:00 DEBUG 26852 --- [uscdip-backend] [           main] org.hibernate.SQL                        : drop table if exists alert_record cascade 
2026-05-08T20:34:37.642+08:00 DEBUG 26852 --- [uscdip-backend] [           main] org.hibernate.SQL                        : drop table if exists alert_rule cascade 
2026-05-08T20:34:37.642+08:00 DEBUG 26852 --- [uscdip-backend] [           main] org.hibernate.SQL                        : drop table if exists audit_log cascade 
2026-05-08T20:34:37.642+08:00 DEBUG 26852 --- [uscdip-backend] [           main] org.hibernate.SQL                        : drop table if exists auth_oidc_state cascade 
2026-05-08T20:34:37.642+08:00 DEBUG 26852 --- [uscdip-backend] [           main] org.hibernate.SQL                        : drop table if exists auth_refresh_token cascade 
2026-05-08T20:34:37.643+08:00 DEBUG 26852 --- [uscdip-backend] [           main] org.hibernate.SQL                        : drop table if exists auth_session cascade 
2026-05-08T20:34:37.643+08:00 DEBUG 26852 --- [uscdip-backend] [           main] org.hibernate.SQL                        : drop table if exists calibration_drift_record cascade 
2026-05-08T20:34:37.644+08:00 DEBUG 26852 --- [uscdip-backend] [           main] org.hibernate.SQL                        : drop table if exists calibration_profile cascade 
2026-05-08T20:34:37.644+08:00 DEBUG 26852 --- [uscdip-backend] [           main] org.hibernate.SQL                        : drop table if exists dead_letter cascade 
2026-05-08T20:34:37.645+08:00 DEBUG 26852 --- [uscdip-backend] [           main] org.hibernate.SQL                        : drop table if exists device cascade 
2026-05-08T20:34:37.645+08:00 DEBUG 26852 --- [uscdip-backend] [           main] org.hibernate.SQL                        : drop table if exists device_heartbeat cascade 
2026-05-08T20:34:37.646+08:00 DEBUG 26852 --- [uscdip-backend] [           main] org.hibernate.SQL                        : drop table if exists emergency_account cascade 
2026-05-08T20:34:37.646+08:00 DEBUG 26852 --- [uscdip-backend] [           main] org.hibernate.SQL                        : drop table if exists facility cascade 
2026-05-08T20:34:37.647+08:00 DEBUG 26852 --- [uscdip-backend] [           main] org.hibernate.SQL                        : drop table if exists feature_view_access_audit cascade 
2026-05-08T20:34:37.647+08:00 DEBUG 26852 --- [uscdip-backend] [           main] org.hibernate.SQL                        : drop table if exists feature_view_grant cascade 
2026-05-08T20:34:37.647+08:00 DEBUG 26852 --- [uscdip-backend] [           main] org.hibernate.SQL                        : drop table if exists gateway_client_rule cascade 
2026-05-08T20:34:37.648+08:00 DEBUG 26852 --- [uscdip-backend] [           main] org.hibernate.SQL                        : drop table if exists gateway_risk_audit cascade 
2026-05-08T20:34:37.648+08:00 DEBUG 26852 --- [uscdip-backend] [           main] org.hibernate.SQL                        : drop table if exists gateway_route_policy cascade 
2026-05-08T20:34:37.648+08:00 DEBUG 26852 --- [uscdip-backend] [           main] org.hibernate.SQL                        : drop table if exists idempotent_record cascade 
2026-05-08T20:34:37.649+08:00 DEBUG 26852 --- [uscdip-backend] [           main] org.hibernate.SQL                        : drop table if exists incident cascade 
2026-05-08T20:34:37.649+08:00 DEBUG 26852 --- [uscdip-backend] [           main] org.hibernate.SQL                        : drop table if exists ingest_batch cascade 
2026-05-08T20:34:37.649+08:00 DEBUG 26852 --- [uscdip-backend] [           main] org.hibernate.SQL                        : drop table if exists ingest_record cascade 
2026-05-08T20:34:37.650+08:00 DEBUG 26852 --- [uscdip-backend] [           main] org.hibernate.SQL                        : drop table if exists master_change_request cascade 
2026-05-08T20:34:37.650+08:00 DEBUG 26852 --- [uscdip-backend] [           main] org.hibernate.SQL                        : drop table if exists master_data_audit cascade 
2026-05-08T20:34:37.651+08:00 DEBUG 26852 --- [uscdip-backend] [           main] org.hibernate.SQL                        : drop table if exists model_invocation_audit cascade 
2026-05-08T20:34:37.652+08:00 DEBUG 26852 --- [uscdip-backend] [           main] org.hibernate.SQL                        : drop table if exists model_operation_audit cascade 
2026-05-08T20:34:37.652+08:00 DEBUG 26852 --- [uscdip-backend] [           main] org.hibernate.SQL                        : drop table if exists model_registry cascade 
2026-05-08T20:34:37.652+08:00 DEBUG 26852 --- [uscdip-backend] [           main] org.hibernate.SQL                        : drop table if exists model_result cascade 
2026-05-08T20:34:37.653+08:00 DEBUG 26852 --- [uscdip-backend] [           main] org.hibernate.SQL                        : drop table if exists model_version cascade 
2026-05-08T20:34:37.654+08:00 DEBUG 26852 --- [uscdip-backend] [           main] org.hibernate.SQL                        : drop table if exists node cascade 
2026-05-08T20:34:37.654+08:00 DEBUG 26852 --- [uscdip-backend] [           main] org.hibernate.SQL                        : drop table if exists notification_delivery cascade 
2026-05-08T20:34:37.654+08:00 DEBUG 26852 --- [uscdip-backend] [           main] org.hibernate.SQL                        : drop table if exists notification_message cascade 
2026-05-08T20:34:37.654+08:00 DEBUG 26852 --- [uscdip-backend] [           main] org.hibernate.SQL                        : drop table if exists object_geo_index cascade 
2026-05-08T20:34:37.654+08:00 DEBUG 26852 --- [uscdip-backend] [           main] org.hibernate.SQL                        : drop table if exists object_relation cascade 
2026-05-08T20:34:37.655+08:00 DEBUG 26852 --- [uscdip-backend] [           main] org.hibernate.SQL                        : drop table if exists object_scope_binding cascade 
2026-05-08T20:34:37.655+08:00 DEBUG 26852 --- [uscdip-backend] [           main] org.hibernate.SQL                        : drop table if exists object_version cascade 
2026-05-08T20:34:37.655+08:00 DEBUG 26852 --- [uscdip-backend] [           main] org.hibernate.SQL                        : drop table if exists outbox_event cascade 
2026-05-08T20:34:37.656+08:00 DEBUG 26852 --- [uscdip-backend] [           main] org.hibernate.SQL                        : drop table if exists rbac_permission cascade 
2026-05-08T20:34:37.656+08:00 DEBUG 26852 --- [uscdip-backend] [           main] org.hibernate.SQL                        : drop table if exists rbac_role cascade 
2026-05-08T20:34:37.657+08:00 DEBUG 26852 --- [uscdip-backend] [           main] org.hibernate.SQL                        : drop table if exists rbac_role_permission cascade 
2026-05-08T20:34:37.657+08:00 DEBUG 26852 --- [uscdip-backend] [           main] org.hibernate.SQL                        : drop table if exists rbac_user_role cascade 
2026-05-08T20:34:37.657+08:00 DEBUG 26852 --- [uscdip-backend] [           main] org.hibernate.SQL                        : drop table if exists security_audit cascade 
2026-05-08T20:34:37.658+08:00 DEBUG 26852 --- [uscdip-backend] [           main] org.hibernate.SQL                        : drop table if exists segment cascade 
2026-05-08T20:34:37.659+08:00 DEBUG 26852 --- [uscdip-backend] [           main] org.hibernate.SQL                        : drop table if exists topic_scope_rule cascade 
2026-05-08T20:34:37.660+08:00 DEBUG 26852 --- [uscdip-backend] [           main] org.hibernate.SQL                        : drop table if exists trace_link_event cascade 
2026-05-08T20:34:37.660+08:00 DEBUG 26852 --- [uscdip-backend] [           main] org.hibernate.SQL                        : drop table if exists ts_metric cascade 
2026-05-08T20:34:37.660+08:00 DEBUG 26852 --- [uscdip-backend] [           main] org.hibernate.SQL                        : drop table if exists ts_write_log cascade 
2026-05-08T20:34:37.661+08:00 DEBUG 26852 --- [uscdip-backend] [           main] org.hibernate.SQL                        : drop table if exists user_account cascade 
2026-05-08T20:34:37.661+08:00 DEBUG 26852 --- [uscdip-backend] [           main] org.hibernate.SQL                        : drop table if exists user_data_scope cascade 
2026-05-08T20:34:37.661+08:00 DEBUG 26852 --- [uscdip-backend] [           main] org.hibernate.SQL                        : drop table if exists websocket_ack cascade 
2026-05-08T20:34:37.662+08:00 DEBUG 26852 --- [uscdip-backend] [           main] org.hibernate.SQL                        : drop table if exists websocket_connection cascade 
2026-05-08T20:34:37.662+08:00 DEBUG 26852 --- [uscdip-backend] [           main] org.hibernate.SQL                        : drop table if exists websocket_push_message cascade 
2026-05-08T20:34:37.662+08:00 DEBUG 26852 --- [uscdip-backend] [           main] org.hibernate.SQL                        : drop table if exists websocket_subscription cascade 
2026-05-08T20:34:37.662+08:00 DEBUG 26852 --- [uscdip-backend] [           main] org.hibernate.SQL                        : drop table if exists work_order cascade 
2026-05-08T20:34:37.667+08:00 DEBUG 26852 --- [uscdip-backend] [           main] org.hibernate.SQL                        : create table alert_case (escalation_level integer not null, hit_count integer not null, unsuppressed_hit_count integer not null, created_at timestamp(6) not null, first_triggered_at timestamp(6) not null, last_triggered_at timestamp(6) not null, recovered_at timestamp(6), suppressed_until timestamp(6), updated_at timestamp(6) not null, case_status varchar(32) not null, decision_snapshot varchar(32) not null, severity_current varchar(32) not null, case_id varchar(64) not null, device_id varchar(64), first_alert_id varchar(64) not null, last_alert_id varchar(64) not null, node_id varchar(64), rule_code varchar(64) not null, segment_id varchar(64), trace_id varchar(128), dedupe_key varchar(255) not null, primary key (case_id))
2026-05-08T20:34:37.673+08:00 DEBUG 26852 --- [uscdip-backend] [           main] org.hibernate.SQL                        : create table alert_policy (dedupe_window_seconds integer not null, enabled boolean not null, escalate_threshold_l1 integer not null, escalate_threshold_l2 integer not null, recovery_window_seconds integer not null, suppress_window_seconds integer not null, created_at timestamp(6) not null, updated_at timestamp(6) not null, policy_id varchar(64) not null, rule_code varchar(64) not null, primary key (policy_id), constraint uk_alert_policy_rule_code unique (rule_code))
2026-05-08T20:34:37.675+08:00 DEBUG 26852 --- [uscdip-backend] [           main] org.hibernate.SQL                        : create table alert_record (alert_conf_final float(53) not null, alert_conf_raw float(53) not null, dq_alarm_conf_factor float(53), dq_score_snapshot float(53), escalation_level integer, suppressed boolean, created_at timestamp(6) not null, dq_level_snapshot varchar(8), event_time timestamp(6), processed_at timestamp(6), decision varchar(32) not null, process_status varchar(32), severity varchar(32) not null, alert_id varchar(64) not null, case_id varchar(64), device_id varchar(64) not null, metric_code varchar(64), node_id varchar(64), rule_code varchar(64) not null, segment_id varchar(64), source_batch_id varchar(64) not null, source_record_id varchar(64) not null, trace_id varchar(128), metric_value varchar(512), dedupe_key varchar(255), primary key (alert_id))
2026-05-08T20:34:37.677+08:00 DEBUG 26852 --- [uscdip-backend] [           main] org.hibernate.SQL                        : create table alert_rule (base_confidence float(53), enabled boolean not null, threshold_high float(53), threshold_low float(53), created_at timestamp(6) not null, updated_at timestamp(6) not null, logic_type varchar(32), operator_code varchar(32), rule_type varchar(32) not null, severity varchar(32) not null, metric_code varchar(64), rule_code varchar(64) not null, rule_id varchar(64) not null, expression_json varchar(2000), rule_name varchar(255) not null, primary key (rule_id), constraint uk_alert_rule_code unique (rule_code))
2026-05-08T20:34:37.679+08:00 DEBUG 26852 --- [uscdip-backend] [           main] org.hibernate.SQL                        : create table audit_log (event_time timestamp(6) not null, http_method varchar(16), auth_mode varchar(32), outcome varchar(32) not null, risk_level varchar(32), actor_user_id varchar(64), audit_id varchar(64) not null, client_ip varchar(64), emergency_account_id varchar(64), event_category varchar(64) not null, object_type varchar(64), source_module varchar(64) not null, source_table varchar(64), trace_id varchar(64), action varchar(128), actor_username varchar(128), event_type varchar(128) not null, object_id varchar(128), source_record_id varchar(128), request_path varchar(512), user_agent varchar(512), detail varchar(2000), after_snapshot clob, before_snapshot clob, primary key (audit_id))
2026-05-08T20:34:37.680+08:00 DEBUG 26852 --- [uscdip-backend] [           main] org.hibernate.SQL                        : create table auth_oidc_state (consumed_at timestamp(6), created_at timestamp(6) not null, expires_at timestamp(6) not null, status varchar(32) not null, client_ip varchar(64), state varchar(128) not null, code_verifier varchar(256) not null, redirect_uri varchar(512), user_agent varchar(512), primary key (state))
2026-05-08T20:34:37.681+08:00 DEBUG 26852 --- [uscdip-backend] [           main] org.hibernate.SQL                        : create table auth_refresh_token (created_at timestamp(6) not null, expires_at timestamp(6) not null, issued_at timestamp(6) not null, updated_at timestamp(6) not null, auth_mode varchar(32) not null, status varchar(32) not null, client_ip varchar(64), emergency_account_id varchar(64), replaced_by_token_id varchar(64), rotated_from_token_id varchar(64), session_id varchar(64) not null, token_id varchar(64) not null, user_id varchar(64) not null, token_hash varchar(128) not null unique, user_agent varchar(512), primary key (token_id))
2026-05-08T20:34:37.684+08:00 DEBUG 26852 --- [uscdip-backend] [           main] org.hibernate.SQL                        : create table auth_session (created_at timestamp(6) not null, revoked_at timestamp(6), updated_at timestamp(6) not null, auth_mode varchar(32) not null, status varchar(32) not null, client_ip varchar(64), emergency_account_id varchar(64), revoke_reason varchar(64), session_id varchar(64) not null, user_id varchar(64) not null, user_agent varchar(512), primary key (session_id))
2026-05-08T20:34:37.685+08:00 DEBUG 26852 --- [uscdip-backend] [           main] org.hibernate.SQL                        : create table calibration_drift_record (deviation_abs numeric(18,6) not null, deviation_pct numeric(18,6) not null, observed_value numeric(18,6) not null, reference_value numeric(18,6) not null, checked_at timestamp(6) not null, created_at timestamp(6) not null, drift_status varchar(32) not null, device_id varchar(64) not null, drift_record_id varchar(64) not null, incident_id varchar(64), metric_code varchar(64) not null, profile_id varchar(64) not null, work_order_id varchar(64), checked_by varchar(128) not null, primary key (drift_record_id))
2026-05-08T20:34:37.686+08:00 DEBUG 26852 --- [uscdip-backend] [           main] org.hibernate.SQL                        : create table calibration_profile (correction_offset numeric(18,6) not null, correction_slope numeric(18,6) not null, drift_threshold_abs numeric(18,6) not null, drift_threshold_pct numeric(18,6) not null, calibrated_at timestamp(6) not null, created_at timestamp(6) not null, effective_from timestamp(6) not null, effective_until timestamp(6) not null, updated_at timestamp(6) not null, status varchar(32) not null, device_id varchar(64) not null, metric_code varchar(64) not null, profile_id varchar(64) not null, profile_version varchar(64) not null, operator_name varchar(128) not null, reference_standard varchar(255), primary key (profile_id), constraint uk_cal_profile_device_metric_version unique (device_id, metric_code, profile_version))
2026-05-08T20:34:37.688+08:00 DEBUG 26852 --- [uscdip-backend] [           main] org.hibernate.SQL                        : create table dead_letter (retry_count integer not null, created_at timestamp(6) not null, resolved_at timestamp(6), status varchar(32) not null, action_type varchar(64) not null, aggregate_id varchar(64) not null, aggregate_type varchar(64) not null, dead_letter_id varchar(64) not null, source_event_id varchar(64), trace_id varchar(128), idempotent_key varchar(256) not null, failure_reason clob not null, payload clob, primary key (dead_letter_id))
2026-05-08T20:34:37.689+08:00 DEBUG 26852 --- [uscdip-backend] [           main] org.hibernate.SQL                        : create table device (last_buffer_level integer, calibration_due_at timestamp(6), created_at timestamp(6), last_heartbeat timestamp(6), last_recv_time timestamp(6), updated_at timestamp(6), version_no bigint, status varchar(32) not null, device_id varchar(64) not null, facility_id varchar(64) not null, node_id varchar(64) not null, protocol_type varchar(64), segment_id varchar(64) not null, device_name varchar(128) not null, online_status_reason varchar(128), last_abnormal_flags varchar(512), primary key (device_id))
2026-05-08T20:34:37.690+08:00 DEBUG 26852 --- [uscdip-backend] [           main] org.hibernate.SQL                        : create table device_heartbeat (buffer_level integer, created_at timestamp(6) not null, heartbeat_time timestamp(6) not null, recv_time timestamp(6) not null, online_status_snapshot varchar(32) not null, device_id varchar(64) not null, heartbeat_id varchar(64) not null, abnormal_flags varchar(512), primary key (heartbeat_id))
2026-05-08T20:34:37.692+08:00 DEBUG 26852 --- [uscdip-backend] [           main] org.hibernate.SQL                        : create table emergency_account (activated_at timestamp(6), created_at timestamp(6) not null, expires_at timestamp(6), last_login_at timestamp(6), revoked_at timestamp(6), updated_at timestamp(6) not null, status varchar(32) not null, account_id varchar(64) not null, activated_by varchar(64), linked_user_id varchar(64) not null, username varchar(64) not null unique, password_hash varchar(128) not null, revoke_reason varchar(256), primary key (account_id))
2026-05-08T20:34:37.693+08:00 DEBUG 26852 --- [uscdip-backend] [           main] org.hibernate.SQL                        : create table facility (position_meter numeric(10,2), created_at timestamp(6), updated_at timestamp(6), version_no bigint, status varchar(32) not null, facility_id varchar(64) not null, facility_type varchar(64), node_id varchar(64) not null, segment_id varchar(64) not null, facility_name varchar(128) not null, primary key (facility_id))
2026-05-08T20:34:37.694+08:00 DEBUG 26852 --- [uscdip-backend] [           main] org.hibernate.SQL                        : create table feature_view_access_audit (result_count integer, created_at timestamp(6) not null, decision varchar(32) not null, effective_view_level varchar(32) not null, requested_view_level varchar(32) not null, audit_id varchar(64) not null, grant_id varchar(64), query_type varchar(64) not null, user_id varchar(64) not null, username varchar(64), reason varchar(512), query_conditions varchar(2000), primary key (audit_id))
2026-05-08T20:34:37.695+08:00 DEBUG 26852 --- [uscdip-backend] [           main] org.hibernate.SQL                        : create table feature_view_grant (created_at timestamp(6) not null, expires_at timestamp(6) not null, revoked_at timestamp(6), status varchar(32) not null, target_type varchar(32) not null, view_level varchar(32) not null, grant_id varchar(64) not null, granted_by varchar(64) not null, target_id varchar(64), user_id varchar(64) not null, reason varchar(512) not null, primary key (grant_id))
2026-05-08T20:34:37.696+08:00 DEBUG 26852 --- [uscdip-backend] [           main] org.hibernate.SQL                        : create table gateway_client_rule (enabled boolean not null, created_at timestamp(6) not null, expires_at timestamp(6), updated_at timestamp(6) not null, rule_type varchar(32) not null, subject_type varchar(32) not null, rule_id varchar(64) not null, subject_value varchar(128) not null, reason varchar(256), primary key (rule_id))
2026-05-08T20:34:37.698+08:00 DEBUG 26852 --- [uscdip-backend] [           main] org.hibernate.SQL                        : create table gateway_risk_audit (created_at timestamp(6) not null, id bigint generated by default as identity, http_method varchar(16) not null, auth_mode varchar(32), decision varchar(32) not null, risk_level varchar(32), client_ip varchar(64), reason_code varchar(64) not null, route_code varchar(64) not null, trace_id varchar(64), user_id varchar(64), path_pattern varchar(256) not null, primary key (id))
2026-05-08T20:34:37.707+08:00 DEBUG 26852 --- [uscdip-backend] [           main] org.hibernate.SQL                        : create table gateway_route_policy (audit_enabled boolean not null, auth_required boolean not null, enabled boolean not null, rate_limit_capacity integer, rate_limit_window_seconds integer, created_at timestamp(6) not null, updated_at timestamp(6) not null, http_method varchar(16) not null, rate_limit_scope varchar(32) not null, risk_level varchar(32) not null, validation_profile varchar(32) not null, policy_id varchar(64) not null, route_code varchar(64) not null, path_pattern varchar(256) not null, primary key (policy_id))
2026-05-08T20:34:37.708+08:00 DEBUG 26852 --- [uscdip-backend] [           main] org.hibernate.SQL                        : create table idempotent_record (attempt_count integer not null, completed_at timestamp(6), first_seen_at timestamp(6) not null, last_seen_at timestamp(6) not null, version_no bigint not null, status varchar(32) not null, action_type varchar(64) not null, aggregate_id varchar(64) not null, aggregate_type varchar(64) not null, event_id varchar(64), result_ref_id varchar(128), idempotent_key varchar(256) not null, last_error clob, primary key (idempotent_key))
2026-05-08T20:34:37.709+08:00 DEBUG 26852 --- [uscdip-backend] [           main] org.hibernate.SQL                        : create table incident (alert_conf_final float(53), dq_score_snapshot float(53), confirmed_at timestamp(6), created_at timestamp(6), resolved_at timestamp(6), updated_at timestamp(6), version_no bigint, severity varchar(32), severity_source varchar(32), status varchar(32) not null, confirmed_by varchar(64), device_id varchar(64), incident_id varchar(64) not null, incident_type varchar(64) not null, node_id varchar(64) not null, segment_id varchar(64) not null, source_alert_id varchar(64), source_batch_id varchar(64), source_case_id varchar(64), source_rule_code varchar(64), close_reason varchar(128), trace_id varchar(128), title varchar(255), primary key (incident_id))
2026-05-08T20:34:37.710+08:00 DEBUG 26852 --- [uscdip-backend] [           main] org.hibernate.SQL                        : create table ingest_batch (is_backfill boolean not null, record_count integer not null, last_write_at timestamp(6), original_sample_time timestamp(6), received_at timestamp(6) not null, seq_no bigint, protocol_type varchar(32) not null, status varchar(32) not null, tsdb_write_status varchar(32) not null, batch_id varchar(64) not null, batch_no varchar(64), last_write_log_id varchar(64), source_type varchar(64) not null, source_key varchar(128) not null, trace_id varchar(128) not null, primary key (batch_id))
2026-05-08T20:34:37.711+08:00 DEBUG 26852 --- [uscdip-backend] [           main] org.hibernate.SQL                        : create table ingest_record (is_backfill boolean not null, created_at timestamp(6) not null, device_time timestamp(6) not null, event_time timestamp(6) not null, recv_time timestamp(6) not null, adapter_type varchar(32) not null, batch_id varchar(64) not null, device_id varchar(64) not null, metric_code varchar(64) not null, record_id varchar(64) not null, trace_id varchar(128) not null, metric_value varchar(512) not null, attributes_json varchar(2000), raw_payload_excerpt varchar(2000), primary key (record_id))
2026-05-08T20:34:37.712+08:00 DEBUG 26852 --- [uscdip-backend] [           main] org.hibernate.SQL                        : create table master_change_request (approved_at timestamp(6), base_version_no bigint not null, created_at timestamp(6) not null, effective_version_no bigint, updated_at timestamp(6) not null, object_type varchar(32) not null, request_status varchar(32) not null, approved_by varchar(64), object_id varchar(64) not null, request_id varchar(64) not null, requested_by varchar(64) not null, reason varchar(512), request_payload_json clob not null, primary key (request_id))
2026-05-08T20:34:37.713+08:00 DEBUG 26852 --- [uscdip-backend] [           main] org.hibernate.SQL                        : create table master_data_audit (audit_id bigint generated by default as identity, created_at timestamp(6) not null, action varchar(32) not null, object_type varchar(32) not null, outcome varchar(32) not null, change_request_id varchar(64), object_id varchar(64) not null, operator_user_id varchar(64) not null, trace_id varchar(64), after_snapshot_json clob, before_snapshot_json clob, primary key (audit_id))
2026-05-08T20:34:37.714+08:00 DEBUG 26852 --- [uscdip-backend] [           main] org.hibernate.SQL                        : create table model_invocation_audit (created_at timestamp(6) not null, latency_ms bigint, result_source varchar(32) not null, status varchar(32) not null, version_no varchar(32), invocation_audit_id varchar(64) not null, model_code varchar(64) not null, model_result_id varchar(64), node_id varchar(64), request_id varchar(64) not null, segment_id varchar(64), failure_reason varchar(512), input_summary varchar(2000), output_summary varchar(2000), primary key (invocation_audit_id))
2026-05-08T20:34:37.715+08:00 DEBUG 26852 --- [uscdip-backend] [           main] org.hibernate.SQL                        : create table model_operation_audit (created_at timestamp(6) not null, version_no varchar(32), model_code varchar(64) not null, operation_audit_id varchar(64) not null, operation_type varchar(64) not null, operator_user_id varchar(64), after_state varchar(2000), before_state varchar(2000), primary key (operation_audit_id))
2026-05-08T20:34:37.716+08:00 DEBUG 26852 --- [uscdip-backend] [           main] org.hibernate.SQL                        : create table model_registry (default_timeout_ms integer, rule_fallback_enabled boolean not null, created_at timestamp(6) not null, updated_at timestamp(6) not null, status varchar(32) not null, created_by varchar(64), model_code varchar(64) not null, model_type varchar(64) not null, model_name varchar(128) not null, description varchar(512), primary key (model_code))
2026-05-08T20:34:37.717+08:00 DEBUG 26852 --- [uscdip-backend] [           main] org.hibernate.SQL                        : create table model_result (created_at timestamp(6), updated_at timestamp(6), model_version varchar(32), status varchar(32) not null, model_code varchar(64) not null, model_result_id varchar(64) not null, node_id varchar(64), segment_id varchar(64), primary key (model_result_id))
2026-05-08T20:34:37.718+08:00 DEBUG 26852 --- [uscdip-backend] [           main] org.hibernate.SQL                        : create table model_version (gray_percent integer, rule_fallback_enabled boolean not null, timeout_ms integer, created_at timestamp(6) not null, published_at timestamp(6), rolled_back_at timestamp(6), updated_at timestamp(6) not null, status varchar(32) not null, version_no varchar(32) not null, created_by varchar(64), feature_schema_version varchar(64), model_code varchar(64) not null, version_id varchar(96) not null, artifact_uri varchar(512), primary key (version_id))
2026-05-08T20:34:37.719+08:00 DEBUG 26852 --- [uscdip-backend] [           main] org.hibernate.SQL                        : create table node (bury_depth numeric(10,2), z_bottom numeric(10,2), z_top numeric(10,2), created_at timestamp(6), updated_at timestamp(6), version_no bigint, authority_srid varchar(32), display_srid varchar(32), status varchar(32) not null, elevation_ref varchar(64), node_id varchar(64) not null, node_type varchar(64) not null, node_name varchar(128) not null, geometry_2d varchar(255), primary key (node_id))
2026-05-08T20:34:37.720+08:00 DEBUG 26852 --- [uscdip-backend] [           main] org.hibernate.SQL                        : create table notification_delivery (attempt_count integer not null, created_at timestamp(6) not null, next_retry_at timestamp(6), sent_at timestamp(6), updated_at timestamp(6) not null, channel varchar(32) not null, status varchar(32) not null, delivery_id varchar(64) not null, notification_id varchar(64) not null, last_error varchar(2000), target varchar(255) not null, primary key (delivery_id))
2026-05-08T20:34:37.721+08:00 DEBUG 26852 --- [uscdip-backend] [           main] org.hibernate.SQL                        : create table notification_message (completed_at timestamp(6), created_at timestamp(6) not null, updated_at timestamp(6) not null, status varchar(32) not null, aggregate_id varchar(64) not null, aggregate_type varchar(64) not null, event_type varchar(64) not null, notification_id varchar(64) not null, recipient_user_id varchar(64), recipient_username varchar(64), source_event_id varchar(64) not null unique, trace_id varchar(128) not null, idempotent_key varchar(256) not null, last_error varchar(2000), title varchar(255) not null, content clob not null, primary key (notification_id))
2026-05-08T20:34:37.722+08:00 DEBUG 26852 --- [uscdip-backend] [           main] org.hibernate.SQL                        : create table object_geo_index (anchor_x numeric(18,6), anchor_y numeric(18,6), bbox_max_x numeric(18,6), bbox_max_y numeric(18,6), bbox_min_x numeric(18,6), bbox_min_y numeric(18,6), created_at timestamp(6) not null, updated_at timestamp(6) not null, authority_srid varchar(32) not null, display_srid varchar(32) not null, object_type varchar(32) not null, geo_id varchar(64) not null, object_id varchar(64) not null, region_id varchar(64), geometry_2d clob not null, primary key (geo_id))
2026-05-08T20:34:37.722+08:00 DEBUG 26852 --- [uscdip-backend] [           main] org.hibernate.SQL                        : create table object_relation (active boolean not null, created_at timestamp(6) not null, updated_at timestamp(6) not null, child_object_type varchar(32) not null, parent_object_type varchar(32) not null, child_object_id varchar(64) not null, parent_object_id varchar(64) not null, relation_id varchar(64) not null, relation_type varchar(64) not null, primary key (relation_id))
2026-05-08T20:34:37.723+08:00 DEBUG 26852 --- [uscdip-backend] [           main] org.hibernate.SQL                        : create table object_scope_binding (created_at timestamp(6) not null, updated_at timestamp(6) not null, object_type varchar(32) not null, scope_level varchar(32) not null, binding_id varchar(64) not null, object_id varchar(64) not null, owner_user_id varchar(64), owner_username varchar(64), region_id varchar(64), primary key (binding_id))
2026-05-08T20:34:37.723+08:00 DEBUG 26852 --- [uscdip-backend] [           main] org.hibernate.SQL                        : create table object_version (created_at timestamp(6) not null, version_no bigint not null, object_type varchar(32) not null, change_request_id varchar(64), created_by varchar(64) not null, object_id varchar(64) not null, version_id varchar(64) not null, snapshot_json clob not null, primary key (version_id))
2026-05-08T20:34:37.724+08:00 DEBUG 26852 --- [uscdip-backend] [           main] org.hibernate.SQL                        : create table outbox_event (retry_count integer not null, claimed_at timestamp(6), created_at timestamp(6) not null, next_retry_time timestamp(6), sent_at timestamp(6), updated_at timestamp(6) not null, status varchar(32) not null, aggregate_id varchar(64) not null, aggregate_type varchar(64) not null, event_id varchar(64) not null, event_type varchar(64) not null, claimed_by varchar(128), trace_id varchar(128), last_error varchar(2000), payload clob not null, primary key (event_id))
2026-05-08T20:34:37.725+08:00 DEBUG 26852 --- [uscdip-backend] [           main] org.hibernate.SQL                        : create table rbac_permission (permission_type varchar(32) not null, permission_code varchar(128) not null, resource_code varchar(128) not null, description varchar(512), primary key (permission_code))
2026-05-08T20:34:37.726+08:00 DEBUG 26852 --- [uscdip-backend] [           main] org.hibernate.SQL                        : create table rbac_role (read_only boolean not null, role_code varchar(64) not null, role_name varchar(128) not null, description varchar(512), primary key (role_code))
2026-05-08T20:34:37.727+08:00 DEBUG 26852 --- [uscdip-backend] [           main] org.hibernate.SQL                        : create table rbac_role_permission (id bigint generated by default as identity, role_code varchar(64) not null, permission_code varchar(128) not null, primary key (id))
2026-05-08T20:34:37.727+08:00 DEBUG 26852 --- [uscdip-backend] [           main] org.hibernate.SQL                        : create table rbac_user_role (id bigint generated by default as identity, role_code varchar(64) not null, user_id varchar(64) not null, primary key (id))
2026-05-08T20:34:37.728+08:00 DEBUG 26852 --- [uscdip-backend] [           main] org.hibernate.SQL                        : create table security_audit (created_at timestamp(6) not null, id bigint generated by default as identity, auth_mode varchar(32), outcome varchar(32) not null, client_ip varchar(64), emergency_account_id varchar(64), event_type varchar(64) not null, session_id varchar(64), token_id varchar(64), trace_id varchar(64), user_id varchar(64), user_agent varchar(512), detail varchar(1024), primary key (id))
2026-05-08T20:34:37.729+08:00 DEBUG 26852 --- [uscdip-backend] [           main] org.hibernate.SQL                        : create table segment (length_meter numeric(10,2), created_at timestamp(6), updated_at timestamp(6), version_no bigint, status varchar(32) not null, end_node_id varchar(64) not null, segment_id varchar(64) not null, segment_type varchar(64), start_node_id varchar(64) not null, segment_name varchar(128) not null, primary key (segment_id))
2026-05-08T20:34:37.729+08:00 DEBUG 26852 --- [uscdip-backend] [           main] org.hibernate.SQL                        : create table topic_scope_rule (id bigint generated by default as identity, role_code varchar(64) not null, topic_pattern varchar(256) not null, description varchar(512), primary key (id))
2026-05-08T20:34:37.730+08:00 DEBUG 26852 --- [uscdip-backend] [           main] org.hibernate.SQL                        : create table trace_link_event (event_time timestamp(6) not null, latency_ms bigint, recv_time timestamp(6), stage varchar(32) not null, status varchar(32), actor_user_id varchar(64), client_ip varchar(64), event_id varchar(64) not null, event_type varchar(64) not null, object_type varchar(64), parent_span_id varchar(64), source_module varchar(64) not null, span_id varchar(64), trace_id varchar(64) not null, message_id varchar(128), object_id varchar(128), session_id varchar(128), topic varchar(256), route_path varchar(512), detail varchar(2000), primary key (event_id))
2026-05-08T20:34:37.731+08:00 DEBUG 26852 --- [uscdip-backend] [           main] org.hibernate.SQL                        : create table ts_metric (dq_alarm_conf_factor float(53), dq_completeness float(53), dq_consistency float(53), dq_score float(53), dq_stability float(53), dq_timeliness float(53), dq_validity float(53), is_backfill boolean not null, late_arrival boolean not null, created_at timestamp(6) not null, device_time timestamp(6) not null, dq_level varchar(8), dq_scored_at timestamp(6), event_time timestamp(6) not null, latency_ms bigint, original_sample_time timestamp(6), recv_time timestamp(6) not null, seq_no bigint, batch_no varchar(64), device_id varchar(64) not null, metric_code varchar(64) not null, source_batch_id varchar(64) not null, source_record_id varchar(64) not null, trace_id varchar(128) not null, dq_flags varchar(512), metric_value varchar(512) not null, primary key (source_record_id), constraint uk_ts_metric_backfill_dedupe unique (device_id, metric_code, batch_no, seq_no))
2026-05-08T20:34:37.732+08:00 DEBUG 26852 --- [uscdip-backend] [           main] org.hibernate.SQL                        : create table ts_write_log (attempt_no integer not null, failed_count integer not null, requested_count integer not null, success_count integer not null, created_at timestamp(6) not null, duration_ms bigint, next_retry_at timestamp(6), updated_at timestamp(6) not null, status varchar(32) not null, write_type varchar(32) not null, source_batch_id varchar(64) not null, write_log_id varchar(64) not null, trace_id varchar(128) not null, last_error varchar(2000), primary key (write_log_id))
2026-05-08T20:34:37.733+08:00 DEBUG 26852 --- [uscdip-backend] [           main] org.hibernate.SQL                        : create table user_account (created_at timestamp(6), disabled_at timestamp(6), token_valid_after timestamp(6), updated_at timestamp(6), status varchar(32) not null, primary_region_id varchar(64), user_id varchar(64) not null, username varchar(64) not null, display_name varchar(128), primary key (user_id))
2026-05-08T20:34:37.734+08:00 DEBUG 26852 --- [uscdip-backend] [           main] org.hibernate.SQL                        : create table user_data_scope (id bigint generated by default as identity, scope_type varchar(64) not null, user_id varchar(64) not null, scope_value varchar(128) not null, primary key (id))
2026-05-08T20:34:37.734+08:00 DEBUG 26852 --- [uscdip-backend] [           main] org.hibernate.SQL                        : create table websocket_ack (last_ack_seq bigint not null, updated_at timestamp(6) not null, user_id varchar(64) not null, topic varchar(256) not null, ack_id varchar(320) not null, primary key (ack_id), constraint uk_ws_ack_user_topic unique (user_id, topic))
2026-05-08T20:34:37.735+08:00 DEBUG 26852 --- [uscdip-backend] [           main] org.hibernate.SQL                        : create table websocket_connection (connected_at timestamp(6) not null, disconnected_at timestamp(6), last_seen_at timestamp(6) not null, status varchar(32) not null, client_ip varchar(64), connection_id varchar(64) not null, user_id varchar(64) not null, username varchar(64), stomp_session_id varchar(128), user_agent varchar(512), close_reason varchar(255), primary key (connection_id))
2026-05-08T20:34:37.735+08:00 DEBUG 26852 --- [uscdip-backend] [           main] org.hibernate.SQL                        : create table websocket_push_message (created_at timestamp(6) not null, seq_no bigint generated by default as identity, message_id varchar(64) not null unique, message_type varchar(64) not null, recipient_user_id varchar(64), source_notification_id varchar(64) not null, trace_id varchar(128) not null, topic varchar(256) not null, title varchar(255) not null, content clob not null, payload clob not null, primary key (seq_no), constraint uk_ws_push_notification_topic unique (source_notification_id, topic))
2026-05-08T20:34:37.736+08:00 DEBUG 26852 --- [uscdip-backend] [           main] org.hibernate.SQL                        : create table websocket_subscription (closed_at timestamp(6), subscribed_at timestamp(6) not null, status varchar(32) not null, connection_id varchar(64) not null, subscription_row_id varchar(64) not null, user_id varchar(64) not null, stomp_session_id varchar(128), subscription_id varchar(128), topic varchar(256) not null, primary key (subscription_row_id))
2026-05-08T20:34:37.737+08:00 DEBUG 26852 --- [uscdip-backend] [           main] org.hibernate.SQL                        : create table work_order (accepted_at timestamp(6), closed_at timestamp(6), completed_at timestamp(6), created_at timestamp(6), dispatched_at timestamp(6), sla_due_at timestamp(6), updated_at timestamp(6), version_no bigint, writeback_at timestamp(6), priority varchar(32), status varchar(32) not null, accepted_by varchar(64), assignee varchar(64), assignee_user_id varchar(64), closed_by varchar(64), completed_by varchar(64), created_by varchar(64), dispatched_by varchar(64), incident_id varchar(64) not null, node_id varchar(64) not null, segment_id varchar(64) not null, work_order_id varchar(64) not null, work_order_type varchar(64), writeback_type varchar(64), close_reason varchar(1000), completion_summary varchar(1000), description varchar(1000), writeback_reason varchar(1000), primary key (work_order_id))
2026-05-08T20:34:37.739+08:00 DEBUG 26852 --- [uscdip-backend] [           main] org.hibernate.SQL                        : create index idx_alert_case_device_updated on alert_case (device_id, updated_at)
2026-05-08T20:34:37.739+08:00 DEBUG 26852 --- [uscdip-backend] [           main] org.hibernate.SQL                        : create index idx_alert_case_rule_status on alert_case (rule_code, case_status)
2026-05-08T20:34:37.740+08:00 DEBUG 26852 --- [uscdip-backend] [           main] org.hibernate.SQL                        : create index idx_alert_case_status_triggered on alert_case (case_status, last_triggered_at)
2026-05-08T20:34:37.740+08:00 DEBUG 26852 --- [uscdip-backend] [           main] org.hibernate.SQL                        : create index idx_alert_case_dedupe on alert_case (dedupe_key)
2026-05-08T20:34:37.741+08:00 DEBUG 26852 --- [uscdip-backend] [           main] org.hibernate.SQL                        : create index idx_alert_policy_enabled on alert_policy (enabled)
2026-05-08T20:34:37.741+08:00 DEBUG 26852 --- [uscdip-backend] [           main] org.hibernate.SQL                        : create index idx_alert_policy_rule_enabled on alert_policy (rule_code, enabled)
2026-05-08T20:34:37.742+08:00 DEBUG 26852 --- [uscdip-backend] [           main] org.hibernate.SQL                        : create index idx_alert_record_device_created on alert_record (device_id, created_at)
2026-05-08T20:34:37.742+08:00 DEBUG 26852 --- [uscdip-backend] [           main] org.hibernate.SQL                        : create index idx_alert_record_batch_created on alert_record (source_batch_id, created_at)
2026-05-08T20:34:37.742+08:00 DEBUG 26852 --- [uscdip-backend] [           main] org.hibernate.SQL                        : create index idx_alert_record_rule_created on alert_record (rule_code, created_at)
2026-05-08T20:34:37.742+08:00 DEBUG 26852 --- [uscdip-backend] [           main] org.hibernate.SQL                        : create index idx_alert_record_case_created on alert_record (case_id, created_at)
2026-05-08T20:34:37.744+08:00 DEBUG 26852 --- [uscdip-backend] [           main] org.hibernate.SQL                        : create index idx_alert_rule_enabled on alert_rule (enabled)
2026-05-08T20:34:37.744+08:00 DEBUG 26852 --- [uscdip-backend] [           main] org.hibernate.SQL                        : create index idx_alert_rule_type_metric on alert_rule (rule_type, metric_code)
2026-05-08T20:34:37.744+08:00 DEBUG 26852 --- [uscdip-backend] [           main] org.hibernate.SQL                        : create index idx_cal_drift_device_metric_checked on calibration_drift_record (device_id, metric_code, checked_at)
2026-05-08T20:34:37.745+08:00 DEBUG 26852 --- [uscdip-backend] [           main] org.hibernate.SQL                        : create index idx_cal_drift_profile on calibration_drift_record (profile_id)
2026-05-08T20:34:37.745+08:00 DEBUG 26852 --- [uscdip-backend] [           main] org.hibernate.SQL                        : create index idx_cal_profile_device_metric_status on calibration_profile (device_id, metric_code, status)
2026-05-08T20:34:37.745+08:00 DEBUG 26852 --- [uscdip-backend] [           main] org.hibernate.SQL                        : create index idx_cal_profile_effective_until on calibration_profile (effective_until)
2026-05-08T20:34:37.746+08:00 DEBUG 26852 --- [uscdip-backend] [           main] org.hibernate.SQL                        : create index idx_dead_letter_source_event on dead_letter (source_event_id)
2026-05-08T20:34:37.746+08:00 DEBUG 26852 --- [uscdip-backend] [           main] org.hibernate.SQL                        : create index idx_dead_letter_idempotent on dead_letter (idempotent_key)
2026-05-08T20:34:37.746+08:00 DEBUG 26852 --- [uscdip-backend] [           main] org.hibernate.SQL                        : create index idx_dead_letter_status_created on dead_letter (status, created_at)
2026-05-08T20:34:37.747+08:00 DEBUG 26852 --- [uscdip-backend] [           main] org.hibernate.SQL                        : create index idx_idempotent_action_aggregate on idempotent_record (action_type, aggregate_type, aggregate_id)
2026-05-08T20:34:37.747+08:00 DEBUG 26852 --- [uscdip-backend] [           main] org.hibernate.SQL                        : create index idx_idempotent_event on idempotent_record (event_id)
2026-05-08T20:34:37.748+08:00 DEBUG 26852 --- [uscdip-backend] [           main] org.hibernate.SQL                        : create index idx_idempotent_status on idempotent_record (status)
2026-05-08T20:34:37.748+08:00 DEBUG 26852 --- [uscdip-backend] [           main] org.hibernate.SQL                        : create index idx_incident_device_updated on incident (device_id, updated_at)
2026-05-08T20:34:37.748+08:00 DEBUG 26852 --- [uscdip-backend] [           main] org.hibernate.SQL                        : create index idx_incident_type_status on incident (incident_type, status)
2026-05-08T20:34:37.749+08:00 DEBUG 26852 --- [uscdip-backend] [           main] org.hibernate.SQL                        : create index idx_incident_source_case on incident (source_case_id)
2026-05-08T20:34:37.750+08:00 DEBUG 26852 --- [uscdip-backend] [           main] org.hibernate.SQL                        : create index idx_delivery_notification on notification_delivery (notification_id)
2026-05-08T20:34:37.750+08:00 DEBUG 26852 --- [uscdip-backend] [           main] org.hibernate.SQL                        : create index idx_delivery_status_retry on notification_delivery (status, next_retry_at)
2026-05-08T20:34:37.751+08:00 DEBUG 26852 --- [uscdip-backend] [           main] org.hibernate.SQL                        : create index idx_delivery_channel_status on notification_delivery (channel, status)
2026-05-08T20:34:37.751+08:00 DEBUG 26852 --- [uscdip-backend] [           main] org.hibernate.SQL                        : create index idx_notification_source_event on notification_message (source_event_id)
2026-05-08T20:34:37.751+08:00 DEBUG 26852 --- [uscdip-backend] [           main] org.hibernate.SQL                        : create index idx_notification_aggregate on notification_message (aggregate_type, aggregate_id)
2026-05-08T20:34:37.752+08:00 DEBUG 26852 --- [uscdip-backend] [           main] org.hibernate.SQL                        : create index idx_notification_recipient_status on notification_message (recipient_user_id, recipient_username, status)
2026-05-08T20:34:37.752+08:00 DEBUG 26852 --- [uscdip-backend] [           main] org.hibernate.SQL                        : create index idx_notification_trace on notification_message (trace_id)
2026-05-08T20:34:37.752+08:00 DEBUG 26852 --- [uscdip-backend] [           main] org.hibernate.SQL                        : create index idx_notification_created on notification_message (created_at)
2026-05-08T20:34:37.754+08:00 DEBUG 26852 --- [uscdip-backend] [           main] org.hibernate.SQL                        : create index idx_outbox_status_retry on outbox_event (status, next_retry_time)
2026-05-08T20:34:37.754+08:00 DEBUG 26852 --- [uscdip-backend] [           main] org.hibernate.SQL                        : create index idx_outbox_aggregate on outbox_event (aggregate_type, aggregate_id)
2026-05-08T20:34:37.754+08:00 DEBUG 26852 --- [uscdip-backend] [           main] org.hibernate.SQL                        : create index idx_outbox_trace on outbox_event (trace_id)
2026-05-08T20:34:37.755+08:00 DEBUG 26852 --- [uscdip-backend] [           main] org.hibernate.SQL                        : create index idx_trace_link_trace_time on trace_link_event (trace_id, event_time)
2026-05-08T20:34:37.755+08:00 DEBUG 26852 --- [uscdip-backend] [           main] org.hibernate.SQL                        : create index idx_trace_link_stage_time on trace_link_event (stage, event_time)
2026-05-08T20:34:37.756+08:00 DEBUG 26852 --- [uscdip-backend] [           main] org.hibernate.SQL                        : create index idx_trace_link_object on trace_link_event (object_type, object_id)
2026-05-08T20:34:37.756+08:00 DEBUG 26852 --- [uscdip-backend] [           main] org.hibernate.SQL                        : create index idx_ts_metric_device_metric_event on ts_metric (device_id, metric_code, event_time)
2026-05-08T20:34:37.757+08:00 DEBUG 26852 --- [uscdip-backend] [           main] org.hibernate.SQL                        : create index idx_ts_metric_source_batch on ts_metric (source_batch_id)
2026-05-08T20:34:37.757+08:00 DEBUG 26852 --- [uscdip-backend] [           main] org.hibernate.SQL                        : create index idx_ts_write_log_batch_attempt on ts_write_log (source_batch_id, attempt_no)
2026-05-08T20:34:37.758+08:00 DEBUG 26852 --- [uscdip-backend] [           main] org.hibernate.SQL                        : create index idx_ts_write_log_status_retry on ts_write_log (status, next_retry_at)
2026-05-08T20:34:37.758+08:00 DEBUG 26852 --- [uscdip-backend] [           main] org.hibernate.SQL                        : create index idx_ws_ack_user on websocket_ack (user_id)
2026-05-08T20:34:37.758+08:00 DEBUG 26852 --- [uscdip-backend] [           main] org.hibernate.SQL                        : create index idx_ws_conn_user_status on websocket_connection (user_id, status)
2026-05-08T20:34:37.759+08:00 DEBUG 26852 --- [uscdip-backend] [           main] org.hibernate.SQL                        : create index idx_ws_conn_session on websocket_connection (stomp_session_id)
2026-05-08T20:34:37.759+08:00 DEBUG 26852 --- [uscdip-backend] [           main] org.hibernate.SQL                        : create index idx_ws_conn_last_seen on websocket_connection (last_seen_at)
2026-05-08T20:34:37.759+08:00 DEBUG 26852 --- [uscdip-backend] [           main] org.hibernate.SQL                        : create index idx_ws_push_topic_seq on websocket_push_message (topic, seq_no)
2026-05-08T20:34:37.760+08:00 DEBUG 26852 --- [uscdip-backend] [           main] org.hibernate.SQL                        : create index idx_ws_push_recipient on websocket_push_message (recipient_user_id, seq_no)
2026-05-08T20:34:37.760+08:00 DEBUG 26852 --- [uscdip-backend] [           main] org.hibernate.SQL                        : create index idx_ws_push_trace on websocket_push_message (trace_id)
2026-05-08T20:34:37.761+08:00 DEBUG 26852 --- [uscdip-backend] [           main] org.hibernate.SQL                        : create index idx_ws_sub_conn_status on websocket_subscription (connection_id, status)
2026-05-08T20:34:37.761+08:00 DEBUG 26852 --- [uscdip-backend] [           main] org.hibernate.SQL                        : create index idx_ws_sub_user_topic on websocket_subscription (user_id, topic)
2026-05-08T20:34:37.762+08:00 DEBUG 26852 --- [uscdip-backend] [           main] org.hibernate.SQL                        : create index idx_work_order_incident_status on work_order (incident_id, status)
2026-05-08T20:34:37.762+08:00 DEBUG 26852 --- [uscdip-backend] [           main] org.hibernate.SQL                        : create index idx_work_order_assignee_status on work_order (assignee, status)
2026-05-08T20:34:37.763+08:00 DEBUG 26852 --- [uscdip-backend] [           main] org.hibernate.SQL                        : create index idx_work_order_updated on work_order (updated_at)
2026-05-08T20:34:37.766+08:00  INFO 26852 --- [uscdip-backend] [           main] j.LocalContainerEntityManagerFactoryBean : Initialized JPA EntityManagerFactory for persistence unit 'default'
2026-05-08T20:34:38.158+08:00 DEBUG 26852 --- [uscdip-backend] [           main] ySourcesPropertyResolver$DefaultResolver : Found key 'OIDC_CLIENT_ID' in PropertySource 'systemEnvironment' with value of type String
2026-05-08T20:34:38.159+08:00 DEBUG 26852 --- [uscdip-backend] [           main] ySourcesPropertyResolver$DefaultResolver : Found key 'OIDC_CLIENT_SECRET' in PropertySource 'systemEnvironment' with value of type String
2026-05-08T20:34:38.160+08:00 DEBUG 26852 --- [uscdip-backend] [           main] ySourcesPropertyResolver$DefaultResolver : Found key 'OIDC_ISSUER_URI' in PropertySource 'systemEnvironment' with value of type String
2026-05-08T20:34:38.160+08:00 DEBUG 26852 --- [uscdip-backend] [           main] ySourcesPropertyResolver$DefaultResolver : Found key 'OIDC_POST_LOGOUT_REDIRECT_URI' in PropertySource 'systemEnvironment' with value of type String
2026-05-08T20:34:38.954+08:00 DEBUG 26852 --- [uscdip-backend] [           main] o.s.b.w.s.ServletContextInitializerBeans : Mapping filters: springSecurityFilterChain urls=[/*] order=-100, traceIdFilter urls=[/*] order=-2147483648, characterEncodingFilter urls=[/*] order=-2147483648, formContentFilter urls=[/*] order=-9900, requestContextFilter urls=[/*] order=-105, localAccessTokenAuthenticationFilter urls=[/*] order=2147483647, gatewayControlFilter urls=[/*] order=2147483647
2026-05-08T20:34:38.955+08:00 DEBUG 26852 --- [uscdip-backend] [           main] o.s.b.w.s.ServletContextInitializerBeans : Mapping servlets: dispatcherServlet urls=[/], h2Console urls=[/h2-console/*]
2026-05-08T20:34:38.982+08:00 DEBUG 26852 --- [uscdip-backend] [           main] o.s.b.w.s.f.OrderedRequestContextFilter  : Filter 'requestContextFilter' configured for use
2026-05-08T20:34:38.985+08:00 DEBUG 26852 --- [uscdip-backend] [           main] s.b.w.s.f.OrderedCharacterEncodingFilter : Filter 'characterEncodingFilter' configured for use
2026-05-08T20:34:38.986+08:00 DEBUG 26852 --- [uscdip-backend] [           main] .DelegatingFilterProxyRegistrationBean$1 : Filter 'springSecurityFilterChain' configured for use
2026-05-08T20:34:38.987+08:00 DEBUG 26852 --- [uscdip-backend] [           main] o.s.b.w.s.f.OrderedFormContentFilter     : Filter 'formContentFilter' configured for use
2026-05-08T20:34:41.616+08:00  WARN 26852 --- [uscdip-backend] [           main] JpaBaseConfiguration$JpaWebConfiguration : spring.jpa.open-in-view is enabled by default. Therefore, database queries may be performed during view rendering. Explicitly configure spring.jpa.open-in-view to disable this warning
2026-05-08T20:34:41.879+08:00 DEBUG 26852 --- [uscdip-backend] [           main] o.s.w.s.s.s.WebSocketHandlerMapping      : Patterns [/ws/push] in 'stompWebSocketHandlerMapping'
2026-05-08T20:34:42.046+08:00 DEBUG 26852 --- [uscdip-backend] [           main] s.w.s.m.m.a.RequestMappingHandlerMapping : 113 mappings in 'requestMappingHandlerMapping'
2026-05-08T20:34:42.115+08:00 DEBUG 26852 --- [uscdip-backend] [           main] o.s.w.s.handler.SimpleUrlHandlerMapping  : Patterns [/webjars/**, /**, /swagger-ui*/*swagger-initializer.js, /swagger-ui*/**] in 'resourceHandlerMapping'
2026-05-08T20:34:42.363+08:00 DEBUG 26852 --- [uscdip-backend] [           main] .WebSocketAnnotationMethodMessageHandler : 
	c.u.b.c.AlertController:
	
2026-05-08T20:34:42.364+08:00 DEBUG 26852 --- [uscdip-backend] [           main] .WebSocketAnnotationMethodMessageHandler : 
	c.u.b.c.AuditLogController:
	
2026-05-08T20:34:42.364+08:00 DEBUG 26852 --- [uscdip-backend] [           main] .WebSocketAnnotationMethodMessageHandler : 
	c.u.b.c.AuthAdminController:
	
2026-05-08T20:34:42.365+08:00 DEBUG 26852 --- [uscdip-backend] [           main] .WebSocketAnnotationMethodMessageHandler : 
	c.u.b.c.AuthController:
	
2026-05-08T20:34:42.365+08:00 DEBUG 26852 --- [uscdip-backend] [           main] .WebSocketAnnotationMethodMessageHandler : 
	c.u.b.c.AuthorizationController:
	
2026-05-08T20:34:42.365+08:00 DEBUG 26852 --- [uscdip-backend] [           main] .WebSocketAnnotationMethodMessageHandler : 
	c.u.b.c.BoundaryController:
	
2026-05-08T20:34:42.366+08:00 DEBUG 26852 --- [uscdip-backend] [           main] .WebSocketAnnotationMethodMessageHandler : 
	c.u.b.c.CalibrationController:
	
2026-05-08T20:34:42.366+08:00 DEBUG 26852 --- [uscdip-backend] [           main] .WebSocketAnnotationMethodMessageHandler : 
	c.u.b.c.DataQualityController:
	
2026-05-08T20:34:42.366+08:00 DEBUG 26852 --- [uscdip-backend] [           main] .WebSocketAnnotationMethodMessageHandler : 
	c.u.b.c.DeviceLedgerController:
	
2026-05-08T20:34:42.367+08:00 DEBUG 26852 --- [uscdip-backend] [           main] .WebSocketAnnotationMethodMessageHandler : 
	c.u.b.c.EmergencyAuthController:
	
2026-05-08T20:34:42.367+08:00 DEBUG 26852 --- [uscdip-backend] [           main] .WebSocketAnnotationMethodMessageHandler : 
	c.u.b.c.FeatureViewController:
	
2026-05-08T20:34:42.368+08:00 DEBUG 26852 --- [uscdip-backend] [           main] .WebSocketAnnotationMethodMessageHandler : 
	c.u.b.c.GisController:
	
2026-05-08T20:34:42.368+08:00 DEBUG 26852 --- [uscdip-backend] [           main] .WebSocketAnnotationMethodMessageHandler : 
	c.u.b.c.IncidentController:
	
2026-05-08T20:34:42.369+08:00 DEBUG 26852 --- [uscdip-backend] [           main] .WebSocketAnnotationMethodMessageHandler : 
	c.u.b.c.MasterDataChangeController:
	
2026-05-08T20:34:42.369+08:00 DEBUG 26852 --- [uscdip-backend] [           main] .WebSocketAnnotationMethodMessageHandler : 
	c.u.b.c.MasterDataController:
	
2026-05-08T20:34:42.369+08:00 DEBUG 26852 --- [uscdip-backend] [           main] .WebSocketAnnotationMethodMessageHandler : 
	c.u.b.c.ModelGatewayController:
	
2026-05-08T20:34:42.369+08:00 DEBUG 26852 --- [uscdip-backend] [           main] .WebSocketAnnotationMethodMessageHandler : 
	c.u.b.c.NotificationController:
	
2026-05-08T20:34:42.369+08:00 DEBUG 26852 --- [uscdip-backend] [           main] .WebSocketAnnotationMethodMessageHandler : 
	c.u.b.c.ObjectChainController:
	
2026-05-08T20:34:42.370+08:00 DEBUG 26852 --- [uscdip-backend] [           main] .WebSocketAnnotationMethodMessageHandler : 
	c.u.b.c.RealtimeLinkController:
	
2026-05-08T20:34:42.371+08:00 DEBUG 26852 --- [uscdip-backend] [           main] .WebSocketAnnotationMethodMessageHandler : 
	c.u.b.c.TraceLinkController:
	
2026-05-08T20:34:42.371+08:00 DEBUG 26852 --- [uscdip-backend] [           main] .WebSocketAnnotationMethodMessageHandler : 
	c.u.b.c.UnifiedIngestController:
	
2026-05-08T20:34:42.376+08:00 DEBUG 26852 --- [uscdip-backend] [           main] .WebSocketAnnotationMethodMessageHandler : 
	c.u.b.c.WebSocketPushController:
	{[MESSAGE],[/push/heartbeat]}: heartbeat(WebSocketHeartbeatRequest,Principal,SimpMessageHeaderAccessor)
	{[MESSAGE],[/push/ack]}: ack(WebSocketAckRequest,Principal)
2026-05-08T20:34:42.376+08:00 DEBUG 26852 --- [uscdip-backend] [           main] .WebSocketAnnotationMethodMessageHandler : 
	c.u.b.c.WorkOrderController:
	
2026-05-08T20:34:42.378+08:00 DEBUG 26852 --- [uscdip-backend] [           main] .WebSocketAnnotationMethodMessageHandler : 
	o.s.b.a.w.s.e.BasicErrorController:
	
2026-05-08T20:34:42.379+08:00 DEBUG 26852 --- [uscdip-backend] [           main] .WebSocketAnnotationMethodMessageHandler : 
	o.s.w.a.OpenApiWebMvcResource:
	
2026-05-08T20:34:42.379+08:00 DEBUG 26852 --- [uscdip-backend] [           main] .WebSocketAnnotationMethodMessageHandler : 
	o.s.w.u.SwaggerWelcomeWebMvc:
	
2026-05-08T20:34:42.379+08:00 DEBUG 26852 --- [uscdip-backend] [           main] .WebSocketAnnotationMethodMessageHandler : 
	o.s.w.u.SwaggerConfigResource:
	
2026-05-08T20:34:42.486+08:00 DEBUG 26852 --- [uscdip-backend] [           main] s.w.s.m.m.a.RequestMappingHandlerAdapter : ControllerAdvice beans: 0 @ModelAttribute, 0 @InitBinder, 1 RequestBodyAdvice, 1 ResponseBodyAdvice
2026-05-08T20:34:42.535+08:00 DEBUG 26852 --- [uscdip-backend] [           main] .m.m.a.ExceptionHandlerExceptionResolver : ControllerAdvice beans: 2 @ExceptionHandler, 1 ResponseBodyAdvice
2026-05-08T20:34:42.968+08:00  INFO 26852 --- [uscdip-backend] [           main] o.s.b.w.embedded.tomcat.TomcatWebServer  : Tomcat started on port 8080 (http) with context path '/'
2026-05-08T20:34:42.970+08:00 DEBUG 26852 --- [uscdip-backend] [           main] org.springframework.web.SimpLogging      : clientOutboundChannel added SubProtocolWebSocketHandler[StompSubProtocolHandler[v10.stomp, v11.stomp, v12.stomp]]
2026-05-08T20:34:42.970+08:00 DEBUG 26852 --- [uscdip-backend] [           main] org.springframework.web.SimpLogging      : clientInboundChannel added WebSocketAnnotationMethodMessageHandler[prefixes=[/app/]]
2026-05-08T20:34:42.971+08:00  INFO 26852 --- [uscdip-backend] [           main] o.s.m.s.b.SimpleBrokerMessageHandler     : Starting...
2026-05-08T20:34:42.971+08:00 DEBUG 26852 --- [uscdip-backend] [           main] org.springframework.web.SimpLogging      : clientInboundChannel added SimpleBrokerMessageHandler [org.springframework.messaging.simp.broker.DefaultSubscriptionRegistry@30082a5e]
2026-05-08T20:34:42.972+08:00 DEBUG 26852 --- [uscdip-backend] [           main] org.springframework.web.SimpLogging      : brokerChannel added SimpleBrokerMessageHandler [org.springframework.messaging.simp.broker.DefaultSubscriptionRegistry@30082a5e]
2026-05-08T20:34:42.972+08:00  INFO 26852 --- [uscdip-backend] [           main] o.s.m.s.b.SimpleBrokerMessageHandler     : BrokerAvailabilityEvent[available=true, SimpleBrokerMessageHandler [org.springframework.messaging.simp.broker.DefaultSubscriptionRegistry@30082a5e]]
2026-05-08T20:34:42.973+08:00  INFO 26852 --- [uscdip-backend] [           main] o.s.m.s.b.SimpleBrokerMessageHandler     : Started.
2026-05-08T20:34:42.974+08:00 DEBUG 26852 --- [uscdip-backend] [           main] org.springframework.web.SimpLogging      : clientInboundChannel added UserDestinationMessageHandler[DefaultUserDestinationResolver[prefix=/user/]]
2026-05-08T20:34:42.974+08:00 DEBUG 26852 --- [uscdip-backend] [           main] org.springframework.web.SimpLogging      : brokerChannel added UserDestinationMessageHandler[DefaultUserDestinationResolver[prefix=/user/]]
2026-05-08T20:34:42.987+08:00 DEBUG 26852 --- [uscdip-backend] [           main] .s.b.a.l.ConditionEvaluationReportLogger : 


============================
CONDITIONS EVALUATION REPORT
============================


Positive matches:
-----------------

   AopAutoConfiguration matched:
      - @ConditionalOnProperty (spring.aop.auto=true) matched (OnPropertyCondition)

   AopAutoConfiguration.AspectJAutoProxyingConfiguration matched:
      - @ConditionalOnClass found required class 'org.aspectj.weaver.Advice' (OnClassCondition)

   AopAutoConfiguration.AspectJAutoProxyingConfiguration.CglibAutoProxyConfiguration matched:
      - @ConditionalOnProperty (spring.aop.proxy-target-class=true) matched (OnPropertyCondition)

   ApplicationAvailabilityAutoConfiguration#applicationAvailability matched:
      - @ConditionalOnMissingBean (types: org.springframework.boot.availability.ApplicationAvailability; SearchStrategy: all) did not find any beans (OnBeanCondition)

   DataSourceAutoConfiguration matched:
      - @ConditionalOnClass found required classes 'javax.sql.DataSource', 'org.springframework.jdbc.datasource.embedded.EmbeddedDatabaseType' (OnClassCondition)
      - @ConditionalOnMissingBean (types: io.r2dbc.spi.ConnectionFactory; SearchStrategy: all) did not find any beans (OnBeanCondition)

   DataSourceAutoConfiguration.PooledDataSourceConfiguration matched:
      - AnyNestedCondition 1 matched 1 did not; NestedCondition on DataSourceAutoConfiguration.PooledDataSourceCondition.PooledDataSourceAvailable PooledDataSource found supported DataSource; NestedCondition on DataSourceAutoConfiguration.PooledDataSourceCondition.ExplicitType @ConditionalOnProperty (spring.datasource.type) did not find property 'type' (DataSourceAutoConfiguration.PooledDataSourceCondition)
      - @ConditionalOnMissingBean (types: javax.sql.DataSource,javax.sql.XADataSource; SearchStrategy: all) did not find any beans (OnBeanCondition)

   DataSourceAutoConfiguration.PooledDataSourceConfiguration#jdbcConnectionDetails matched:
      - @ConditionalOnMissingBean (types: org.springframework.boot.autoconfigure.jdbc.JdbcConnectionDetails; SearchStrategy: all) did not find any beans (OnBeanCondition)

   DataSourceConfiguration.Hikari matched:
      - @ConditionalOnClass found required class 'com.zaxxer.hikari.HikariDataSource' (OnClassCondition)
      - @ConditionalOnProperty (spring.datasource.type=com.zaxxer.hikari.HikariDataSource) matched (OnPropertyCondition)
      - @ConditionalOnMissingBean (types: javax.sql.DataSource; SearchStrategy: all) did not find any beans (OnBeanCondition)

   DataSourceInitializationConfiguration matched:
      - @ConditionalOnClass found required class 'org.springframework.jdbc.datasource.init.DatabasePopulator' (OnClassCondition)
      - @ConditionalOnSingleCandidate (types: javax.sql.DataSource; SearchStrategy: all) found a single bean 'dataSource'; @ConditionalOnMissingBean (types: org.springframework.boot.autoconfigure.sql.init.SqlDataSourceScriptDatabaseInitializer,org.springframework.boot.autoconfigure.sql.init.SqlR2dbcScriptDatabaseInitializer; SearchStrategy: all) did not find any beans (OnBeanCondition)

   DataSourceJmxConfiguration matched:
      - @ConditionalOnProperty (spring.jmx.enabled=true) matched (OnPropertyCondition)

   DataSourceJmxConfiguration.Hikari matched:
      - @ConditionalOnClass found required class 'com.zaxxer.hikari.HikariDataSource' (OnClassCondition)
      - @ConditionalOnSingleCandidate (types: javax.sql.DataSource; SearchStrategy: all) found a single bean 'dataSource' (OnBeanCondition)

   DataSourcePoolMetadataProvidersConfiguration.HikariPoolDataSourceMetadataProviderConfiguration matched:
      - @ConditionalOnClass found required class 'com.zaxxer.hikari.HikariDataSource' (OnClassCondition)

   DataSourceTransactionManagerAutoConfiguration matched:
      - @ConditionalOnClass found required classes 'javax.sql.DataSource', 'org.springframework.jdbc.core.JdbcTemplate', 'org.springframework.transaction.TransactionManager' (OnClassCondition)

   DataSourceTransactionManagerAutoConfiguration.JdbcTransactionManagerConfiguration matched:
      - @ConditionalOnSingleCandidate (types: javax.sql.DataSource; SearchStrategy: all) found a single bean 'dataSource' (OnBeanCondition)

   DispatcherServletAutoConfiguration matched:
      - @ConditionalOnClass found required class 'org.springframework.web.servlet.DispatcherServlet' (OnClassCondition)
      - found 'session' scope (OnWebApplicationCondition)

   DispatcherServletAutoConfiguration.DispatcherServletConfiguration matched:
      - @ConditionalOnClass found required class 'jakarta.servlet.ServletRegistration' (OnClassCondition)
      - Default DispatcherServlet did not find dispatcher servlet beans (DispatcherServletAutoConfiguration.DefaultDispatcherServletCondition)

   DispatcherServletAutoConfiguration.DispatcherServletRegistrationConfiguration matched:
      - @ConditionalOnClass found required class 'jakarta.servlet.ServletRegistration' (OnClassCondition)
      - DispatcherServlet Registration did not find servlet registration bean (DispatcherServletAutoConfiguration.DispatcherServletRegistrationCondition)

   DispatcherServletAutoConfiguration.DispatcherServletRegistrationConfiguration#dispatcherServletRegistration matched:
      - @ConditionalOnBean (names: dispatcherServlet types: org.springframework.web.servlet.DispatcherServlet; SearchStrategy: all) found bean 'dispatcherServlet' (OnBeanCondition)

   EmbeddedWebServerFactoryCustomizerAutoConfiguration matched:
      - @ConditionalOnWebApplication (required) found 'session' scope (OnWebApplicationCondition)
      - @ConditionalOnWarDeployment the application is not deployed as a WAR file. (OnWarDeploymentCondition)

   EmbeddedWebServerFactoryCustomizerAutoConfiguration.TomcatWebServerFactoryCustomizerConfiguration matched:
      - @ConditionalOnClass found required classes 'org.apache.catalina.startup.Tomcat', 'org.apache.coyote.UpgradeProtocol' (OnClassCondition)

   ErrorMvcAutoConfiguration matched:
      - @ConditionalOnClass found required classes 'jakarta.servlet.Servlet', 'org.springframework.web.servlet.DispatcherServlet' (OnClassCondition)
      - found 'session' scope (OnWebApplicationCondition)

   ErrorMvcAutoConfiguration#basicErrorController matched:
      - @ConditionalOnMissingBean (types: org.springframework.boot.web.servlet.error.ErrorController; SearchStrategy: current) did not find any beans (OnBeanCondition)

   ErrorMvcAutoConfiguration#errorAttributes matched:
      - @ConditionalOnMissingBean (types: org.springframework.boot.web.servlet.error.ErrorAttributes; SearchStrategy: current) did not find any beans (OnBeanCondition)

   ErrorMvcAutoConfiguration.DefaultErrorViewResolverConfiguration#conventionErrorViewResolver matched:
      - @ConditionalOnBean (types: org.springframework.web.servlet.DispatcherServlet; SearchStrategy: all) found bean 'dispatcherServlet'; @ConditionalOnMissingBean (types: org.springframework.boot.autoconfigure.web.servlet.error.ErrorViewResolver; SearchStrategy: all) did not find any beans (OnBeanCondition)

   ErrorMvcAutoConfiguration.WhitelabelErrorViewConfiguration matched:
      - @ConditionalOnProperty (server.error.whitelabel.enabled) matched (OnPropertyCondition)
      - ErrorTemplate Missing did not find error template view (ErrorMvcAutoConfiguration.ErrorTemplateMissingCondition)

   ErrorMvcAutoConfiguration.WhitelabelErrorViewConfiguration#beanNameViewResolver matched:
      - @ConditionalOnMissingBean (types: org.springframework.web.servlet.view.BeanNameViewResolver; SearchStrategy: all) did not find any beans (OnBeanCondition)

   ErrorMvcAutoConfiguration.WhitelabelErrorViewConfiguration#defaultErrorView matched:
      - @ConditionalOnMissingBean (names: error; SearchStrategy: all) did not find any beans (OnBeanCondition)

   GenericCacheConfiguration matched:
      - Cache org.springframework.boot.autoconfigure.cache.GenericCacheConfiguration automatic cache type (CacheCondition)

   H2ConsoleAutoConfiguration matched:
      - @ConditionalOnClass found required class 'org.h2.server.web.JakartaWebServlet' (OnClassCondition)
      - found 'session' scope (OnWebApplicationCondition)
      - @ConditionalOnProperty (spring.h2.console.enabled=true) matched (OnPropertyCondition)

   HibernateJpaAutoConfiguration matched:
      - @ConditionalOnClass found required classes 'org.springframework.orm.jpa.LocalContainerEntityManagerFactoryBean', 'jakarta.persistence.EntityManager', 'org.hibernate.engine.spi.SessionImplementor' (OnClassCondition)

   HibernateJpaConfiguration matched:
      - @ConditionalOnSingleCandidate (types: javax.sql.DataSource; SearchStrategy: all) found a single bean 'dataSource' (OnBeanCondition)

   HttpEncodingAutoConfiguration matched:
      - @ConditionalOnClass found required class 'org.springframework.web.filter.CharacterEncodingFilter' (OnClassCondition)
      - found 'session' scope (OnWebApplicationCondition)
      - @ConditionalOnProperty (server.servlet.encoding.enabled) matched (OnPropertyCondition)

   HttpEncodingAutoConfiguration#characterEncodingFilter matched:
      - @ConditionalOnMissingBean (types: org.springframework.web.filter.CharacterEncodingFilter; SearchStrategy: all) did not find any beans (OnBeanCondition)

   HttpMessageConvertersAutoConfiguration matched:
      - @ConditionalOnClass found required class 'org.springframework.http.converter.HttpMessageConverter' (OnClassCondition)
      - NoneNestedConditions 0 matched 1 did not; NestedCondition on HttpMessageConvertersAutoConfiguration.NotReactiveWebApplicationCondition.ReactiveWebApplication did not find reactive web application classes (HttpMessageConvertersAutoConfiguration.NotReactiveWebApplicationCondition)

   HttpMessageConvertersAutoConfiguration#messageConverters matched:
      - @ConditionalOnMissingBean (types: org.springframework.boot.autoconfigure.http.HttpMessageConverters; SearchStrategy: all) did not find any beans (OnBeanCondition)

   HttpMessageConvertersAutoConfiguration.StringHttpMessageConverterConfiguration matched:
      - @ConditionalOnClass found required class 'org.springframework.http.converter.StringHttpMessageConverter' (OnClassCondition)

   HttpMessageConvertersAutoConfiguration.StringHttpMessageConverterConfiguration#stringHttpMessageConverter matched:
      - @ConditionalOnMissingBean (types: org.springframework.http.converter.StringHttpMessageConverter; SearchStrategy: all) did not find any beans (OnBeanCondition)

   JacksonAutoConfiguration matched:
      - @ConditionalOnClass found required class 'com.fasterxml.jackson.databind.ObjectMapper' (OnClassCondition)

   JacksonAutoConfiguration.Jackson2ObjectMapperBuilderCustomizerConfiguration matched:
      - @ConditionalOnClass found required class 'org.springframework.http.converter.json.Jackson2ObjectMapperBuilder' (OnClassCondition)

   JacksonAutoConfiguration.JacksonObjectMapperBuilderConfiguration matched:
      - @ConditionalOnClass found required class 'org.springframework.http.converter.json.Jackson2ObjectMapperBuilder' (OnClassCondition)

   JacksonAutoConfiguration.JacksonObjectMapperBuilderConfiguration#jacksonObjectMapperBuilder matched:
      - @ConditionalOnMissingBean (types: org.springframework.http.converter.json.Jackson2ObjectMapperBuilder; SearchStrategy: all) did not find any beans (OnBeanCondition)

   JacksonAutoConfiguration.JacksonObjectMapperConfiguration matched:
      - @ConditionalOnClass found required class 'org.springframework.http.converter.json.Jackson2ObjectMapperBuilder' (OnClassCondition)

   JacksonAutoConfiguration.JacksonObjectMapperConfiguration#jacksonObjectMapper matched:
      - @ConditionalOnMissingBean (types: com.fasterxml.jackson.databind.ObjectMapper; SearchStrategy: all) did not find any beans (OnBeanCondition)

   JacksonAutoConfiguration.ParameterNamesModuleConfiguration matched:
      - @ConditionalOnClass found required class 'com.fasterxml.jackson.module.paramnames.ParameterNamesModule' (OnClassCondition)

   JacksonAutoConfiguration.ParameterNamesModuleConfiguration#parameterNamesModule matched:
      - @ConditionalOnMissingBean (types: com.fasterxml.jackson.module.paramnames.ParameterNamesModule; SearchStrategy: all) did not find any beans (OnBeanCondition)

   JacksonHttpMessageConvertersConfiguration.MappingJackson2HttpMessageConverterConfiguration matched:
      - @ConditionalOnClass found required class 'com.fasterxml.jackson.databind.ObjectMapper' (OnClassCondition)
      - @ConditionalOnProperty (spring.mvc.converters.preferred-json-mapper=jackson) matched (OnPropertyCondition)
      - @ConditionalOnBean (types: com.fasterxml.jackson.databind.ObjectMapper; SearchStrategy: all) found bean 'jacksonObjectMapper' (OnBeanCondition)

   JacksonHttpMessageConvertersConfiguration.MappingJackson2HttpMessageConverterConfiguration#mappingJackson2HttpMessageConverter matched:
      - @ConditionalOnMissingBean (types: org.springframework.http.converter.json.MappingJackson2HttpMessageConverter ignored: org.springframework.hateoas.server.mvc.TypeConstrainedMappingJackson2HttpMessageConverter,org.springframework.data.rest.webmvc.alps.AlpsJsonHttpMessageConverter; SearchStrategy: all) did not find any beans (OnBeanCondition)

   JdbcClientAutoConfiguration matched:
      - @ConditionalOnSingleCandidate (types: org.springframework.jdbc.core.namedparam.NamedParameterJdbcTemplate; SearchStrategy: all) found a single bean 'namedParameterJdbcTemplate'; @ConditionalOnMissingBean (types: org.springframework.jdbc.core.simple.JdbcClient; SearchStrategy: all) did not find any beans (OnBeanCondition)

   JdbcTemplateAutoConfiguration matched:
      - @ConditionalOnClass found required classes 'javax.sql.DataSource', 'org.springframework.jdbc.core.JdbcTemplate' (OnClassCondition)
      - @ConditionalOnSingleCandidate (types: javax.sql.DataSource; SearchStrategy: all) found a single bean 'dataSource' (OnBeanCondition)

   JdbcTemplateConfiguration matched:
      - @ConditionalOnMissingBean (types: org.springframework.jdbc.core.JdbcOperations; SearchStrategy: all) did not find any beans (OnBeanCondition)

   JpaBaseConfiguration#entityManagerFactory matched:
      - @ConditionalOnMissingBean (types: org.springframework.orm.jpa.LocalContainerEntityManagerFactoryBean,jakarta.persistence.EntityManagerFactory; SearchStrategy: all) did not find any beans (OnBeanCondition)

   JpaBaseConfiguration#entityManagerFactoryBuilder matched:
      - @ConditionalOnMissingBean (types: org.springframework.boot.orm.jpa.EntityManagerFactoryBuilder; SearchStrategy: all) did not find any beans (OnBeanCondition)

   JpaBaseConfiguration#jpaVendorAdapter matched:
      - @ConditionalOnMissingBean (types: org.springframework.orm.jpa.JpaVendorAdapter; SearchStrategy: all) did not find any beans (OnBeanCondition)

   JpaBaseConfiguration#transactionManager matched:
      - @ConditionalOnMissingBean (types: org.springframework.transaction.TransactionManager; SearchStrategy: all) did not find any beans (OnBeanCondition)

   JpaBaseConfiguration.JpaWebConfiguration matched:
      - @ConditionalOnClass found required class 'org.springframework.web.servlet.config.annotation.WebMvcConfigurer' (OnClassCondition)
      - found 'session' scope (OnWebApplicationCondition)
      - @ConditionalOnProperty (spring.jpa.open-in-view=true) matched (OnPropertyCondition)
      - @ConditionalOnMissingBean (types: org.springframework.orm.jpa.support.OpenEntityManagerInViewInterceptor,org.springframework.orm.jpa.support.OpenEntityManagerInViewFilter; SearchStrategy: all) did not find any beans (OnBeanCondition)

   JpaBaseConfiguration.PersistenceManagedTypesConfiguration matched:
      - @ConditionalOnMissingBean (types: org.springframework.orm.jpa.LocalContainerEntityManagerFactoryBean,jakarta.persistence.EntityManagerFactory; SearchStrategy: all) did not find any beans (OnBeanCondition)

   JpaBaseConfiguration.PersistenceManagedTypesConfiguration#persistenceManagedTypes matched:
      - @ConditionalOnMissingBean (types: org.springframework.orm.jpa.persistenceunit.PersistenceManagedTypes; SearchStrategy: all) did not find any beans (OnBeanCondition)

   JpaRepositoriesAutoConfiguration matched:
      - @ConditionalOnClass found required class 'org.springframework.data.jpa.repository.JpaRepository' (OnClassCondition)
      - @ConditionalOnProperty (spring.data.jpa.repositories.enabled=true) matched (OnPropertyCondition)
      - @ConditionalOnBean (types: javax.sql.DataSource; SearchStrategy: all) found bean 'dataSource'; @ConditionalOnMissingBean (types: org.springframework.data.jpa.repository.support.JpaRepositoryFactoryBean,org.springframework.data.jpa.repository.config.JpaRepositoryConfigExtension; SearchStrategy: all) did not find any beans (OnBeanCondition)

   JtaAutoConfiguration matched:
      - @ConditionalOnClass found required class 'jakarta.transaction.Transaction' (OnClassCondition)
      - @ConditionalOnProperty (spring.jta.enabled) matched (OnPropertyCondition)

   LifecycleAutoConfiguration#defaultLifecycleProcessor matched:
      - @ConditionalOnMissingBean (names: lifecycleProcessor; SearchStrategy: current) did not find any beans (OnBeanCondition)

   MultipartAutoConfiguration matched:
      - @ConditionalOnClass found required classes 'jakarta.servlet.Servlet', 'org.springframework.web.multipart.support.StandardServletMultipartResolver', 'jakarta.servlet.MultipartConfigElement' (OnClassCondition)
      - found 'session' scope (OnWebApplicationCondition)
      - @ConditionalOnProperty (spring.servlet.multipart.enabled) matched (OnPropertyCondition)

   MultipartAutoConfiguration#multipartConfigElement matched:
      - @ConditionalOnMissingBean (types: jakarta.servlet.MultipartConfigElement; SearchStrategy: all) did not find any beans (OnBeanCondition)

   MultipartAutoConfiguration#multipartResolver matched:
      - @ConditionalOnMissingBean (types: org.springframework.web.multipart.MultipartResolver; SearchStrategy: all) did not find any beans (OnBeanCondition)

   NamedParameterJdbcTemplateConfiguration matched:
      - @ConditionalOnSingleCandidate (types: org.springframework.jdbc.core.JdbcTemplate; SearchStrategy: all) found a single bean 'jdbcTemplate'; @ConditionalOnMissingBean (types: org.springframework.jdbc.core.namedparam.NamedParameterJdbcOperations; SearchStrategy: all) did not find any beans (OnBeanCondition)

   NoOpCacheConfiguration matched:
      - Cache org.springframework.boot.autoconfigure.cache.NoOpCacheConfiguration automatic cache type (CacheCondition)

   OAuth2ClientAutoConfiguration matched:
      - @ConditionalOnClass found required classes 'org.springframework.security.config.annotation.web.configuration.EnableWebSecurity', 'org.springframework.security.oauth2.client.registration.ClientRegistration' (OnClassCondition)
      - found 'session' scope (OnWebApplicationCondition)

   OAuth2ResourceServerAutoConfiguration matched:
      - @ConditionalOnClass found required class 'org.springframework.security.oauth2.server.resource.authentication.BearerTokenAuthenticationToken' (OnClassCondition)
      - found 'session' scope (OnWebApplicationCondition)

   OAuth2ResourceServerOpaqueTokenConfiguration.OpaqueTokenIntrospectionClientConfiguration matched:
      - @ConditionalOnMissingBean (types: org.springframework.security.oauth2.server.resource.introspection.OpaqueTokenIntrospector; SearchStrategy: all) did not find any beans (OnBeanCondition)

   OAuth2WebSecurityConfiguration matched:
      - @ConditionalOnBean (types: org.springframework.security.oauth2.client.registration.ClientRegistrationRepository; SearchStrategy: all) found bean 'clientRegistrationRepository' (OnBeanCondition)

   OAuth2WebSecurityConfiguration#authorizedClientRepository matched:
      - @ConditionalOnMissingBean (types: org.springframework.security.oauth2.client.web.OAuth2AuthorizedClientRepository; SearchStrategy: all) did not find any beans (OnBeanCondition)

   OAuth2WebSecurityConfiguration#authorizedClientService matched:
      - @ConditionalOnMissingBean (types: org.springframework.security.oauth2.client.OAuth2AuthorizedClientService; SearchStrategy: all) did not find any beans (OnBeanCondition)

   Oauth2ResourceServerConfiguration.JwtConfiguration matched:
      - @ConditionalOnClass found required class 'org.springframework.security.oauth2.jwt.JwtDecoder' (OnClassCondition)

   PersistenceExceptionTranslationAutoConfiguration matched:
      - @ConditionalOnClass found required class 'org.springframework.dao.annotation.PersistenceExceptionTranslationPostProcessor' (OnClassCondition)

   PersistenceExceptionTranslationAutoConfiguration#persistenceExceptionTranslationPostProcessor matched:
      - @ConditionalOnProperty (spring.dao.exceptiontranslation.enabled) matched (OnPropertyCondition)
      - @ConditionalOnMissingBean (types: org.springframework.dao.annotation.PersistenceExceptionTranslationPostProcessor; SearchStrategy: all) did not find any beans (OnBeanCondition)

   PropertyPlaceholderAutoConfiguration#propertySourcesPlaceholderConfigurer matched:
      - @ConditionalOnMissingBean (types: org.springframework.context.support.PropertySourcesPlaceholderConfigurer; SearchStrategy: current) did not find any beans (OnBeanCondition)

   RestClientAutoConfiguration matched:
      - @ConditionalOnClass found required class 'org.springframework.web.client.RestClient' (OnClassCondition)
      - NoneNestedConditions 0 matched 1 did not; NestedCondition on NotReactiveWebApplicationCondition.ReactiveWebApplication did not find reactive web application classes (NotReactiveWebApplicationCondition)

   RestClientAutoConfiguration#httpMessageConvertersRestClientCustomizer matched:
      - @ConditionalOnMissingBean (types: org.springframework.boot.autoconfigure.web.client.HttpMessageConvertersRestClientCustomizer; SearchStrategy: all) did not find any beans (OnBeanCondition)

   RestClientAutoConfiguration#restClientBuilder matched:
      - @ConditionalOnMissingBean (types: org.springframework.web.client.RestClient$Builder; SearchStrategy: all) did not find any beans (OnBeanCondition)

   RestClientAutoConfiguration#restClientBuilderConfigurer matched:
      - @ConditionalOnMissingBean (types: org.springframework.boot.autoconfigure.web.client.RestClientBuilderConfigurer; SearchStrategy: all) did not find any beans (OnBeanCondition)

   RestClientAutoConfiguration#restClientSsl matched:
      - @ConditionalOnBean (types: org.springframework.boot.ssl.SslBundles; SearchStrategy: all) found bean 'sslBundleRegistry'; @ConditionalOnMissingBean (types: org.springframework.boot.autoconfigure.web.client.RestClientSsl; SearchStrategy: all) did not find any beans (OnBeanCondition)

   RestTemplateAutoConfiguration matched:
      - @ConditionalOnClass found required class 'org.springframework.web.client.RestTemplate' (OnClassCondition)
      - NoneNestedConditions 0 matched 1 did not; NestedCondition on NotReactiveWebApplicationCondition.ReactiveWebApplication did not find reactive web application classes (NotReactiveWebApplicationCondition)

   RestTemplateAutoConfiguration#restTemplateBuilder matched:
      - @ConditionalOnMissingBean (types: org.springframework.boot.web.client.RestTemplateBuilder; SearchStrategy: all) did not find any beans (OnBeanCondition)

   SecurityAutoConfiguration matched:
      - @ConditionalOnClass found required class 'org.springframework.security.authentication.DefaultAuthenticationEventPublisher' (OnClassCondition)

   SecurityAutoConfiguration#authenticationEventPublisher matched:
      - @ConditionalOnMissingBean (types: org.springframework.security.authentication.AuthenticationEventPublisher; SearchStrategy: all) did not find any beans (OnBeanCondition)

   SecurityConfig.OidcEnabledSecurityConfiguration matched:
      - @ConditionalOnProperty (backend.oidc.enabled=true) matched (OnPropertyCondition)

   SecurityFilterAutoConfiguration matched:
      - @ConditionalOnClass found required classes 'org.springframework.security.web.context.AbstractSecurityWebApplicationInitializer', 'org.springframework.security.config.http.SessionCreationPolicy' (OnClassCondition)
      - found 'session' scope (OnWebApplicationCondition)

   SecurityFilterAutoConfiguration#securityFilterChainRegistration matched:
      - @ConditionalOnBean (names: springSecurityFilterChain; SearchStrategy: all) found bean 'springSecurityFilterChain' (OnBeanCondition)

   ServletWebServerFactoryAutoConfiguration matched:
      - @ConditionalOnClass found required class 'jakarta.servlet.ServletRequest' (OnClassCondition)
      - found 'session' scope (OnWebApplicationCondition)

   ServletWebServerFactoryAutoConfiguration#tomcatServletWebServerFactoryCustomizer matched:
      - @ConditionalOnClass found required class 'org.apache.catalina.startup.Tomcat' (OnClassCondition)

   ServletWebServerFactoryConfiguration.EmbeddedTomcat matched:
      - @ConditionalOnClass found required classes 'jakarta.servlet.Servlet', 'org.apache.catalina.startup.Tomcat', 'org.apache.coyote.UpgradeProtocol' (OnClassCondition)
      - @ConditionalOnMissingBean (types: org.springframework.boot.web.servlet.server.ServletWebServerFactory; SearchStrategy: current) did not find any beans (OnBeanCondition)

   SimpleCacheConfiguration matched:
      - Cache org.springframework.boot.autoconfigure.cache.SimpleCacheConfiguration automatic cache type (CacheCondition)

   SpringBootWebSecurityConfiguration matched:
      - found 'session' scope (OnWebApplicationCondition)

   SpringDataWebAutoConfiguration matched:
      - @ConditionalOnClass found required classes 'org.springframework.data.web.PageableHandlerMethodArgumentResolver', 'org.springframework.web.servlet.config.annotation.WebMvcConfigurer' (OnClassCondition)
      - found 'session' scope (OnWebApplicationCondition)
      - @ConditionalOnMissingBean (types: org.springframework.data.web.PageableHandlerMethodArgumentResolver; SearchStrategy: all) did not find any beans (OnBeanCondition)

   SpringDataWebAutoConfiguration#pageableCustomizer matched:
      - @ConditionalOnMissingBean (types: org.springframework.data.web.config.PageableHandlerMethodArgumentResolverCustomizer; SearchStrategy: all) did not find any beans (OnBeanCondition)

   SpringDataWebAutoConfiguration#sortCustomizer matched:
      - @ConditionalOnMissingBean (types: org.springframework.data.web.config.SortHandlerMethodArgumentResolverCustomizer; SearchStrategy: all) did not find any beans (OnBeanCondition)

   SpringDocConfigProperties matched:
      - @ConditionalOnProperty (springdoc.api-docs.enabled) matched (OnPropertyCondition)
      - @ConditionalOnBean (types: org.springdoc.core.configuration.SpringDocConfiguration; SearchStrategy: all) found bean 'org.springdoc.core.configuration.SpringDocConfiguration' (OnBeanCondition)

   SpringDocConfiguration matched:
      - @ConditionalOnWebApplication (required) found 'session' scope (OnWebApplicationCondition)
      - @ConditionalOnProperty (springdoc.api-docs.enabled) matched (OnPropertyCondition)

   SpringDocConfiguration#fileSupportConverter matched:
      - @ConditionalOnMissingBean (types: org.springdoc.core.converters.FileSupportConverter; SearchStrategy: all) did not find any beans (OnBeanCondition)

   SpringDocConfiguration#openAPIBuilder matched:
      - @ConditionalOnMissingBean (types: org.springdoc.core.service.OpenAPIService; SearchStrategy: all) did not find any beans (OnBeanCondition)

   SpringDocConfiguration#operationBuilder matched:
      - @ConditionalOnMissingBean (types: org.springdoc.core.service.OperationService; SearchStrategy: all) did not find any beans (OnBeanCondition)

   SpringDocConfiguration#parameterBuilder matched:
      - @ConditionalOnMissingBean (types: org.springdoc.core.service.GenericParameterService; SearchStrategy: all) did not find any beans (OnBeanCondition)

   SpringDocConfiguration#polymorphicModelConverter matched:
      - @ConditionalOnProperty (springdoc.model-converters.polymorphic-converter.enabled) matched (OnPropertyCondition)
      - @ConditionalOnMissingBean (types: org.springdoc.core.converters.PolymorphicModelConverter; SearchStrategy: all) did not find any beans (OnBeanCondition)

   SpringDocConfiguration#requestBodyBuilder matched:
      - @ConditionalOnMissingBean (types: org.springdoc.core.service.RequestBodyService; SearchStrategy: all) did not find any beans (OnBeanCondition)

   SpringDocConfiguration#responseSupportConverter matched:
      - @ConditionalOnMissingBean (types: org.springdoc.core.converters.ResponseSupportConverter; SearchStrategy: all) did not find any beans (OnBeanCondition)

   SpringDocConfiguration#schemaPropertyDeprecatingConverter matched:
      - @ConditionalOnProperty (springdoc.model-converters.deprecating-converter.enabled) matched (OnPropertyCondition)
      - @ConditionalOnMissingBean (types: org.springdoc.core.converters.SchemaPropertyDeprecatingConverter; SearchStrategy: all) did not find any beans (OnBeanCondition)

   SpringDocConfiguration#securityParser matched:
      - @ConditionalOnMissingBean (types: org.springdoc.core.service.SecurityService; SearchStrategy: all) did not find any beans (OnBeanCondition)

   SpringDocConfiguration#springDocCustomizers matched:
      - @ConditionalOnMissingBean (types: org.springdoc.core.customizers.SpringDocCustomizers; SearchStrategy: all) did not find any beans (OnBeanCondition)

   SpringDocConfiguration#springDocProviders matched:
      - @ConditionalOnMissingBean (types: org.springdoc.core.providers.SpringDocProviders; SearchStrategy: all) did not find any beans (OnBeanCondition)

   SpringDocConfiguration#springdocObjectMapperProvider matched:
      - @ConditionalOnMissingBean (types: org.springdoc.core.providers.ObjectMapperProvider; SearchStrategy: all) did not find any beans (OnBeanCondition)

   SpringDocConfiguration.QuerydslProvider matched:
      - @ConditionalOnClass found required class 'org.springframework.data.querydsl.binding.QuerydslBindingsFactory' (OnClassCondition)

   SpringDocConfiguration.QuerydslProvider#queryDslQuerydslPredicateOperationCustomizer matched:
      - @ConditionalOnMissingBean (types: org.springdoc.core.customizers.QuerydslPredicateOperationCustomizer; SearchStrategy: all) did not find any beans (OnBeanCondition)

   SpringDocConfiguration.SpringDocSpringDataWebPropertiesProvider matched:
      - @ConditionalOnClass found required class 'org.springframework.boot.autoconfigure.data.web.SpringDataWebProperties' (OnClassCondition)

   SpringDocConfiguration.SpringDocSpringDataWebPropertiesProvider#springDataWebPropertiesProvider matched:
      - @ConditionalOnMissingBean (types: org.springdoc.core.providers.SpringDataWebPropertiesProvider; SearchStrategy: all) did not find any beans (OnBeanCondition)

   SpringDocConfiguration.WebConversionServiceConfiguration matched:
      - @ConditionalOnClass found required class 'org.springframework.boot.autoconfigure.web.format.WebConversionService' (OnClassCondition)

   SpringDocPageableConfiguration matched:
      - @ConditionalOnClass found required class 'org.springframework.data.domain.Pageable' (OnClassCondition)
      - @ConditionalOnWebApplication (required) found 'session' scope (OnWebApplicationCondition)
      - @ConditionalOnProperty (springdoc.api-docs.enabled) matched (OnPropertyCondition)
      - @ConditionalOnBean (types: org.springdoc.core.configuration.SpringDocConfiguration; SearchStrategy: all) found bean 'org.springdoc.core.configuration.SpringDocConfiguration' (OnBeanCondition)

   SpringDocPageableConfiguration#delegatingMethodParameterCustomizer matched:
      - @ConditionalOnMissingBean (types: org.springdoc.core.customizers.DelegatingMethodParameterCustomizer; SearchStrategy: all) did not find any beans (OnBeanCondition)

   SpringDocPageableConfiguration#pageOpenAPIConverter matched:
      - @ConditionalOnClass found required classes 'org.springframework.data.web.PagedModel', 'org.springframework.data.web.config.SpringDataWebSettings' (OnClassCondition)
      - @ConditionalOnMissingBean (types: org.springdoc.core.converters.PageOpenAPIConverter; SearchStrategy: all) did not find any beans (OnBeanCondition)

   SpringDocPageableConfiguration#pageableOpenAPIConverter matched:
      - @ConditionalOnProperty (springdoc.model-converters.pageable-converter.enabled) matched (OnPropertyCondition)
      - @ConditionalOnMissingBean (types: org.springdoc.core.converters.PageableOpenAPIConverter; SearchStrategy: all) did not find any beans (OnBeanCondition)

   SpringDocSecurityConfiguration matched:
      - @ConditionalOnClass found required class 'org.springframework.security.web.SecurityFilterChain' (OnClassCondition)
      - @ConditionalOnWebApplication (required) found 'session' scope (OnWebApplicationCondition)
      - @ConditionalOnExpression (#{${springdoc.api-docs.enabled:true} and ${springdoc.enable-spring-security:true}}) resulted in true (OnExpressionCondition)
      - @ConditionalOnBean (types: org.springdoc.core.configuration.SpringDocConfiguration; SearchStrategy: all) found bean 'org.springdoc.core.configuration.SpringDocConfiguration' (OnBeanCondition)

   SpringDocSecurityConfiguration.SpringDocSecurityOAuth2ClientConfiguration matched:
      - @ConditionalOnClass found required class 'org.springframework.security.oauth2.client.annotation.RegisteredOAuth2AuthorizedClient' (OnClassCondition)

   SpringDocSecurityConfiguration.SpringSecurityLoginEndpointConfiguration matched:
      - @ConditionalOnClass found required class 'jakarta.servlet.Filter' (OnClassCondition)

   SpringDocSortConfiguration matched:
      - @ConditionalOnClass found required class 'org.springframework.data.domain.Sort' (OnClassCondition)
      - @ConditionalOnWebApplication (required) found 'session' scope (OnWebApplicationCondition)
      - @ConditionalOnProperty (springdoc.api-docs.enabled) matched (OnPropertyCondition)
      - @ConditionalOnBean (types: org.springdoc.core.configuration.SpringDocConfiguration; SearchStrategy: all) found bean 'org.springdoc.core.configuration.SpringDocConfiguration' (OnBeanCondition)

   SpringDocSortConfiguration#sortOpenAPIConverter matched:
      - @ConditionalOnProperty (springdoc.sort-converter.enabled) matched (OnPropertyCondition)
      - @ConditionalOnMissingBean (types: org.springdoc.core.converters.SortOpenAPIConverter; SearchStrategy: all) did not find any beans (OnBeanCondition)

   SpringDocUIConfiguration matched:
      - @ConditionalOnWebApplication (required) found 'session' scope (OnWebApplicationCondition)
      - @ConditionalOnBean (types: org.springdoc.core.configuration.SpringDocConfiguration; SearchStrategy: all) found bean 'org.springdoc.core.configuration.SpringDocConfiguration' (OnBeanCondition)

   SpringDocWebMvcConfiguration matched:
      - found 'session' scope (OnWebApplicationCondition)
      - @ConditionalOnProperty (springdoc.api-docs.enabled) matched (OnPropertyCondition)
      - @ConditionalOnBean (types: org.springdoc.core.configuration.SpringDocConfiguration; SearchStrategy: all) found bean 'org.springdoc.core.configuration.SpringDocConfiguration' (OnBeanCondition)

   SpringDocWebMvcConfiguration#openApiResource matched:
      - @ConditionalOnExpression (#{(${springdoc.use-management-port:false} == false ) and ${springdoc.enable-default-api-docs:true}}) resulted in true (OnExpressionCondition)
      - @ConditionalOnMissingBean (types: org.springdoc.webmvc.api.OpenApiWebMvcResource; SearchStrategy: all) did not find any beans (OnBeanCondition)

   SpringDocWebMvcConfiguration#requestBuilder matched:
      - @ConditionalOnMissingBean (types: org.springdoc.webmvc.core.service.RequestService; SearchStrategy: all) did not find any beans (OnBeanCondition)

   SpringDocWebMvcConfiguration#responseBuilder matched:
      - @ConditionalOnMissingBean (types: org.springdoc.core.service.GenericResponseService; SearchStrategy: all) did not find any beans (OnBeanCondition)

   SpringDocWebMvcConfiguration#springWebProvider matched:
      - @ConditionalOnMissingBean (types: org.springdoc.core.providers.SpringWebProvider; SearchStrategy: all) did not find any beans (OnBeanCondition)

   SpringDocWebMvcConfiguration.SpringDocWebMvcRouterConfiguration matched:
      - @ConditionalOnClass found required class 'org.springframework.web.servlet.function.RouterFunction' (OnClassCondition)

   SpringDocWebMvcConfiguration.SpringDocWebMvcRouterConfiguration#routerFunctionProvider matched:
      - @ConditionalOnMissingBean (types: org.springdoc.webmvc.core.providers.RouterFunctionWebMvcProvider; SearchStrategy: all) did not find any beans (OnBeanCondition)

   SqlInitializationAutoConfiguration matched:
      - @ConditionalOnProperty (spring.sql.init.enabled) matched (OnPropertyCondition)
      - NoneNestedConditions 0 matched 1 did not; NestedCondition on SqlInitializationAutoConfiguration.SqlInitializationModeCondition.ModeIsNever @ConditionalOnProperty (spring.sql.init.mode=never) found different value in property 'mode' (SqlInitializationAutoConfiguration.SqlInitializationModeCondition)

   SslAutoConfiguration#sslBundleRegistry matched:
      - @ConditionalOnMissingBean (types: org.springframework.boot.ssl.SslBundleRegistry,org.springframework.boot.ssl.SslBundles; SearchStrategy: all) did not find any beans (OnBeanCondition)

   SwaggerConfig matched:
      - found 'session' scope (OnWebApplicationCondition)
      - @ConditionalOnProperty (springdoc.swagger-ui.enabled) matched (OnPropertyCondition)
      - @ConditionalOnBean (types: org.springdoc.core.configuration.SpringDocConfiguration; SearchStrategy: all) found bean 'org.springdoc.core.configuration.SpringDocConfiguration' (OnBeanCondition)

   SwaggerConfig#indexPageTransformer matched:
      - @ConditionalOnMissingBean (types: org.springdoc.webmvc.ui.SwaggerIndexTransformer; SearchStrategy: all) did not find any beans (OnBeanCondition)

   SwaggerConfig#swaggerConfigResource matched:
      - @ConditionalOnProperty (springdoc.use-management-port=false) matched (OnPropertyCondition)
      - @ConditionalOnMissingBean (types: org.springdoc.webmvc.ui.SwaggerConfigResource; SearchStrategy: all) did not find any beans (OnBeanCondition)

   SwaggerConfig#swaggerResourceResolver matched:
      - @ConditionalOnMissingBean (types: org.springdoc.webmvc.ui.SwaggerResourceResolver; SearchStrategy: all) did not find any beans (OnBeanCondition)

   SwaggerConfig#swaggerWebMvcConfigurer matched:
      - @ConditionalOnMissingBean (types: org.springdoc.webmvc.ui.SwaggerWebMvcConfigurer; SearchStrategy: all) did not find any beans (OnBeanCondition)

   SwaggerConfig#swaggerWelcome matched:
      - @ConditionalOnProperty (springdoc.use-management-port=false) matched (OnPropertyCondition)
      - @ConditionalOnMissingBean (types: org.springdoc.webmvc.ui.SwaggerWelcomeWebMvc; SearchStrategy: all) did not find any beans (OnBeanCondition)

   SwaggerUiConfigParameters matched:
      - @ConditionalOnProperty (springdoc.swagger-ui.enabled) matched (OnPropertyCondition)
      - @ConditionalOnBean (types: org.springdoc.core.configuration.SpringDocConfiguration; SearchStrategy: all) found bean 'org.springdoc.core.configuration.SpringDocConfiguration' (OnBeanCondition)

   SwaggerUiConfigProperties matched:
      - @ConditionalOnProperty (springdoc.swagger-ui.enabled) matched (OnPropertyCondition)
      - @ConditionalOnBean (types: org.springdoc.core.configuration.SpringDocConfiguration; SearchStrategy: all) found bean 'org.springdoc.core.configuration.SpringDocConfiguration' (OnBeanCondition)

   SwaggerUiOAuthProperties matched:
      - @ConditionalOnProperty (springdoc.swagger-ui.enabled) matched (OnPropertyCondition)
      - @ConditionalOnBean (types: org.springdoc.core.configuration.SpringDocConfiguration; SearchStrategy: all) found bean 'org.springdoc.core.configuration.SpringDocConfiguration' (OnBeanCondition)

   TaskExecutionAutoConfiguration matched:
      - @ConditionalOnClass found required class 'org.springframework.scheduling.concurrent.ThreadPoolTaskExecutor' (OnClassCondition)

   TaskExecutorConfigurations.SimpleAsyncTaskExecutorBuilderConfiguration#simpleAsyncTaskExecutorBuilder matched:
      - @ConditionalOnMissingBean (types: org.springframework.boot.task.SimpleAsyncTaskExecutorBuilder; SearchStrategy: all) did not find any beans (OnBeanCondition)
      - @ConditionalOnThreading found PLATFORM (OnThreadingCondition)

   TaskExecutorConfigurations.TaskExecutorBuilderConfiguration#taskExecutorBuilder matched:
      - @ConditionalOnMissingBean (types: org.springframework.boot.task.TaskExecutorBuilder; SearchStrategy: all) did not find any beans (OnBeanCondition)

   TaskExecutorConfigurations.ThreadPoolTaskExecutorBuilderConfiguration#threadPoolTaskExecutorBuilder matched:
      - @ConditionalOnMissingBean (types: org.springframework.boot.task.TaskExecutorBuilder,org.springframework.boot.task.ThreadPoolTaskExecutorBuilder; SearchStrategy: all) did not find any beans (OnBeanCondition)

   TaskSchedulingAutoConfiguration matched:
      - @ConditionalOnClass found required class 'org.springframework.scheduling.concurrent.ThreadPoolTaskScheduler' (OnClassCondition)

   TaskSchedulingAutoConfiguration#scheduledBeanLazyInitializationExcludeFilter matched:
      - @ConditionalOnBean (names: org.springframework.context.annotation.internalScheduledAnnotationProcessor; SearchStrategy: all) found bean 'org.springframework.context.annotation.internalScheduledAnnotationProcessor' (OnBeanCondition)

   TaskSchedulingConfigurations.SimpleAsyncTaskSchedulerBuilderConfiguration#simpleAsyncTaskSchedulerBuilder matched:
      - @ConditionalOnMissingBean (types: org.springframework.boot.task.SimpleAsyncTaskSchedulerBuilder; SearchStrategy: all) did not find any beans (OnBeanCondition)
      - @ConditionalOnThreading found PLATFORM (OnThreadingCondition)

   TaskSchedulingConfigurations.TaskSchedulerBuilderConfiguration#taskSchedulerBuilder matched:
      - @ConditionalOnMissingBean (types: org.springframework.boot.task.TaskSchedulerBuilder; SearchStrategy: all) did not find any beans (OnBeanCondition)

   TaskSchedulingConfigurations.ThreadPoolTaskSchedulerBuilderConfiguration#threadPoolTaskSchedulerBuilder matched:
      - @ConditionalOnMissingBean (types: org.springframework.boot.task.TaskSchedulerBuilder,org.springframework.boot.task.ThreadPoolTaskSchedulerBuilder; SearchStrategy: all) did not find any beans (OnBeanCondition)

   TransactionAutoConfiguration matched:
      - @ConditionalOnClass found required class 'org.springframework.transaction.PlatformTransactionManager' (OnClassCondition)

   TransactionAutoConfiguration.EnableTransactionManagementConfiguration matched:
      - @ConditionalOnBean (types: org.springframework.transaction.TransactionManager; SearchStrategy: all) found bean 'transactionManager'; @ConditionalOnMissingBean (types: org.springframework.transaction.annotation.AbstractTransactionManagementConfiguration; SearchStrategy: all) did not find any beans (OnBeanCondition)

   TransactionAutoConfiguration.EnableTransactionManagementConfiguration.CglibAutoProxyConfiguration matched:
      - @ConditionalOnProperty (spring.aop.proxy-target-class=true) matched (OnPropertyCondition)

   TransactionAutoConfiguration.TransactionTemplateConfiguration matched:
      - @ConditionalOnSingleCandidate (types: org.springframework.transaction.PlatformTransactionManager; SearchStrategy: all) found a single bean 'transactionManager' (OnBeanCondition)

   TransactionAutoConfiguration.TransactionTemplateConfiguration#transactionTemplate matched:
      - @ConditionalOnMissingBean (types: org.springframework.transaction.support.TransactionOperations; SearchStrategy: all) did not find any beans (OnBeanCondition)

   TransactionManagerCustomizationAutoConfiguration matched:
      - @ConditionalOnClass found required class 'org.springframework.transaction.PlatformTransactionManager' (OnClassCondition)

   TransactionManagerCustomizationAutoConfiguration#platformTransactionManagerCustomizers matched:
      - @ConditionalOnMissingBean (types: org.springframework.boot.autoconfigure.transaction.TransactionManagerCustomizers; SearchStrategy: all) did not find any beans (OnBeanCondition)

   ValidationAutoConfiguration matched:
      - @ConditionalOnClass found required class 'jakarta.validation.executable.ExecutableValidator' (OnClassCondition)
      - @ConditionalOnResource found location classpath:META-INF/services/jakarta.validation.spi.ValidationProvider (OnResourceCondition)

   ValidationAutoConfiguration#defaultValidator matched:
      - @ConditionalOnMissingBean (types: jakarta.validation.Validator; SearchStrategy: all) did not find any beans (OnBeanCondition)

   ValidationAutoConfiguration#methodValidationPostProcessor matched:
      - @ConditionalOnMissingBean (types: org.springframework.validation.beanvalidation.MethodValidationPostProcessor; SearchStrategy: current) did not find any beans (OnBeanCondition)

   WebMvcAutoConfiguration matched:
      - @ConditionalOnClass found required classes 'jakarta.servlet.Servlet', 'org.springframework.web.servlet.DispatcherServlet', 'org.springframework.web.servlet.config.annotation.WebMvcConfigurer' (OnClassCondition)
      - found 'session' scope (OnWebApplicationCondition)
      - @ConditionalOnMissingBean (types: org.springframework.web.servlet.config.annotation.WebMvcConfigurationSupport; SearchStrategy: all) did not find any beans (OnBeanCondition)

   WebMvcAutoConfiguration#formContentFilter matched:
      - @ConditionalOnProperty (spring.mvc.formcontent.filter.enabled) matched (OnPropertyCondition)
      - @ConditionalOnMissingBean (types: org.springframework.web.filter.FormContentFilter; SearchStrategy: all) did not find any beans (OnBeanCondition)

   WebMvcAutoConfiguration.EnableWebMvcConfiguration#flashMapManager matched:
      - @ConditionalOnMissingBean (names: flashMapManager; SearchStrategy: all) did not find any beans (OnBeanCondition)

   WebMvcAutoConfiguration.EnableWebMvcConfiguration#localeResolver matched:
      - @ConditionalOnMissingBean (names: localeResolver; SearchStrategy: all) did not find any beans (OnBeanCondition)

   WebMvcAutoConfiguration.EnableWebMvcConfiguration#themeResolver matched:
      - @ConditionalOnMissingBean (names: themeResolver; SearchStrategy: all) did not find any beans (OnBeanCondition)

   WebMvcAutoConfiguration.WebMvcAutoConfigurationAdapter#defaultViewResolver matched:
      - @ConditionalOnMissingBean (types: org.springframework.web.servlet.view.InternalResourceViewResolver; SearchStrategy: all) did not find any beans (OnBeanCondition)

   WebMvcAutoConfiguration.WebMvcAutoConfigurationAdapter#requestContextFilter matched:
      - @ConditionalOnMissingBean (types: org.springframework.web.context.request.RequestContextListener,org.springframework.web.filter.RequestContextFilter; SearchStrategy: all) did not find any beans (OnBeanCondition)

   WebMvcAutoConfiguration.WebMvcAutoConfigurationAdapter#viewResolver matched:
      - @ConditionalOnBean (types: org.springframework.web.servlet.ViewResolver; SearchStrategy: all) found beans 'defaultViewResolver', 'beanNameViewResolver', 'mvcViewResolver'; @ConditionalOnMissingBean (names: viewResolver types: org.springframework.web.servlet.view.ContentNegotiatingViewResolver; SearchStrategy: all) did not find any beans (OnBeanCondition)

   WebSocketMessagingAutoConfiguration matched:
      - @ConditionalOnClass found required class 'org.springframework.web.socket.config.annotation.WebSocketMessageBrokerConfigurer' (OnClassCondition)
      - found 'session' scope (OnWebApplicationCondition)

   WebSocketMessagingAutoConfiguration.WebSocketMessageConverterConfiguration matched:
      - @ConditionalOnClass found required classes 'com.fasterxml.jackson.databind.ObjectMapper', 'org.springframework.messaging.simp.config.AbstractMessageBrokerConfiguration' (OnClassCondition)
      - @ConditionalOnBean (types: org.springframework.web.socket.config.annotation.DelegatingWebSocketMessageBrokerConfiguration,com.fasterxml.jackson.databind.ObjectMapper; SearchStrategy: all) found beans 'jacksonObjectMapper', 'org.springframework.web.socket.config.annotation.DelegatingWebSocketMessageBrokerConfiguration' (OnBeanCondition)

   WebSocketServletAutoConfiguration matched:
      - @ConditionalOnClass found required classes 'jakarta.servlet.Servlet', 'jakarta.websocket.server.ServerContainer' (OnClassCondition)
      - found 'session' scope (OnWebApplicationCondition)

   WebSocketServletAutoConfiguration.TomcatWebSocketConfiguration matched:
      - @ConditionalOnClass found required classes 'org.apache.catalina.startup.Tomcat', 'org.apache.tomcat.websocket.server.WsSci' (OnClassCondition)

   WebSocketServletAutoConfiguration.TomcatWebSocketConfiguration#websocketServletWebServerCustomizer matched:
      - @ConditionalOnMissingBean (names: websocketServletWebServerCustomizer; SearchStrategy: all) did not find any beans (OnBeanCondition)


Negative matches:
-----------------

   ActiveMQAutoConfiguration:
      Did not match:
         - @ConditionalOnClass did not find required class 'jakarta.jms.ConnectionFactory' (OnClassCondition)

   AopAutoConfiguration.AspectJAutoProxyingConfiguration.JdkDynamicAutoProxyConfiguration:
      Did not match:
         - @ConditionalOnProperty (spring.aop.proxy-target-class=false) did not find property 'proxy-target-class' (OnPropertyCondition)

   AopAutoConfiguration.ClassProxyingConfiguration:
      Did not match:
         - @ConditionalOnMissingClass found unwanted class 'org.aspectj.weaver.Advice' (OnClassCondition)

   ArtemisAutoConfiguration:
      Did not match:
         - @ConditionalOnClass did not find required class 'jakarta.jms.ConnectionFactory' (OnClassCondition)

   BatchAutoConfiguration:
      Did not match:
         - @ConditionalOnClass did not find required class 'org.springframework.batch.core.launch.JobLauncher' (OnClassCondition)

   Cache2kCacheConfiguration:
      Did not match:
         - @ConditionalOnClass did not find required class 'org.cache2k.Cache2kBuilder' (OnClassCondition)

   CacheAutoConfiguration:
      Did not match:
         - @ConditionalOnBean (types: org.springframework.cache.interceptor.CacheAspectSupport; SearchStrategy: all) did not find any beans of type org.springframework.cache.interceptor.CacheAspectSupport (OnBeanCondition)
      Matched:
         - @ConditionalOnClass found required class 'org.springframework.cache.CacheManager' (OnClassCondition)

   CacheAutoConfiguration.CacheManagerEntityManagerFactoryDependsOnPostProcessor:
      Did not match:
         - Ancestor org.springframework.boot.autoconfigure.cache.CacheAutoConfiguration did not match (ConditionEvaluationReport.AncestorsMatchedCondition)
      Matched:
         - @ConditionalOnClass found required class 'org.springframework.orm.jpa.LocalContainerEntityManagerFactoryBean' (OnClassCondition)

   CaffeineCacheConfiguration:
      Did not match:
         - @ConditionalOnClass did not find required class 'com.github.benmanes.caffeine.cache.Caffeine' (OnClassCondition)

   CassandraAutoConfiguration:
      Did not match:
         - @ConditionalOnClass did not find required class 'com.datastax.oss.driver.api.core.CqlSession' (OnClassCondition)

   CassandraDataAutoConfiguration:
      Did not match:
         - @ConditionalOnClass did not find required class 'com.datastax.oss.driver.api.core.CqlSession' (OnClassCondition)

   CassandraReactiveDataAutoConfiguration:
      Did not match:
         - @ConditionalOnClass did not find required class 'com.datastax.oss.driver.api.core.CqlSession' (OnClassCondition)

   CassandraReactiveRepositoriesAutoConfiguration:
      Did not match:
         - @ConditionalOnClass did not find required class 'org.springframework.data.cassandra.ReactiveSession' (OnClassCondition)

   CassandraRepositoriesAutoConfiguration:
      Did not match:
         - @ConditionalOnClass did not find required class 'com.datastax.oss.driver.api.core.CqlSession' (OnClassCondition)

   ClientHttpConnectorAutoConfiguration:
      Did not match:
         - @ConditionalOnClass did not find required class 'org.springframework.web.reactive.function.client.WebClient' (OnClassCondition)

   CodecsAutoConfiguration:
      Did not match:
         - @ConditionalOnClass did not find required class 'org.springframework.web.reactive.function.client.WebClient' (OnClassCondition)

   CouchbaseAutoConfiguration:
      Did not match:
         - @ConditionalOnClass did not find required class 'com.couchbase.client.java.Cluster' (OnClassCondition)

   CouchbaseCacheConfiguration:
      Did not match:
         - @ConditionalOnClass did not find required class 'com.couchbase.client.java.Cluster' (OnClassCondition)

   CouchbaseDataAutoConfiguration:
      Did not match:
         - @ConditionalOnClass did not find required class 'com.couchbase.client.java.Bucket' (OnClassCondition)

   CouchbaseReactiveDataAutoConfiguration:
      Did not match:
         - @ConditionalOnClass did not find required class 'com.couchbase.client.java.Cluster' (OnClassCondition)

   CouchbaseReactiveRepositoriesAutoConfiguration:
      Did not match:
         - @ConditionalOnClass did not find required class 'com.couchbase.client.java.Cluster' (OnClassCondition)

   CouchbaseRepositoriesAutoConfiguration:
      Did not match:
         - @ConditionalOnClass did not find required class 'com.couchbase.client.java.Bucket' (OnClassCondition)

   DataSourceAutoConfiguration.EmbeddedDatabaseConfiguration:
      Did not match:
         - EmbeddedDataSource spring.datasource.url is set (DataSourceAutoConfiguration.EmbeddedDatabaseCondition)

   DataSourceCheckpointRestoreConfiguration:
      Did not match:
         - @ConditionalOnClass did not find required class 'org.crac.Resource' (OnClassCondition)

   DataSourceConfiguration.Dbcp2:
      Did not match:
         - @ConditionalOnClass did not find required class 'org.apache.commons.dbcp2.BasicDataSource' (OnClassCondition)

   DataSourceConfiguration.Generic:
      Did not match:
         - @ConditionalOnProperty (spring.datasource.type) did not find property 'spring.datasource.type' (OnPropertyCondition)

   DataSourceConfiguration.OracleUcp:
      Did not match:
         - @ConditionalOnClass did not find required classes 'oracle.ucp.jdbc.PoolDataSourceImpl', 'oracle.jdbc.OracleConnection' (OnClassCondition)

   DataSourceConfiguration.Tomcat:
      Did not match:
         - @ConditionalOnClass did not find required class 'org.apache.tomcat.jdbc.pool.DataSource' (OnClassCondition)

   DataSourceJmxConfiguration.TomcatDataSourceJmxConfiguration:
      Did not match:
         - @ConditionalOnClass did not find required class 'org.apache.tomcat.jdbc.pool.DataSourceProxy' (OnClassCondition)

   DataSourcePoolMetadataProvidersConfiguration.CommonsDbcp2PoolDataSourceMetadataProviderConfiguration:
      Did not match:
         - @ConditionalOnClass did not find required class 'org.apache.commons.dbcp2.BasicDataSource' (OnClassCondition)

   DataSourcePoolMetadataProvidersConfiguration.OracleUcpPoolDataSourceMetadataProviderConfiguration:
      Did not match:
         - @ConditionalOnClass did not find required classes 'oracle.ucp.jdbc.PoolDataSource', 'oracle.jdbc.OracleConnection' (OnClassCondition)

   DataSourcePoolMetadataProvidersConfiguration.TomcatDataSourcePoolMetadataProviderConfiguration:
      Did not match:
         - @ConditionalOnClass did not find required class 'org.apache.tomcat.jdbc.pool.DataSource' (OnClassCondition)

   DataSourceTransactionManagerAutoConfiguration.JdbcTransactionManagerConfiguration#transactionManager:
      Did not match:
         - @ConditionalOnMissingBean (types: org.springframework.transaction.TransactionManager; SearchStrategy: all) found beans of type 'org.springframework.transaction.TransactionManager' transactionManager (OnBeanCondition)

   DispatcherServletAutoConfiguration.DispatcherServletConfiguration#multipartResolver:
      Did not match:
         - @ConditionalOnBean (types: org.springframework.web.multipart.MultipartResolver; SearchStrategy: all) did not find any beans of type org.springframework.web.multipart.MultipartResolver (OnBeanCondition)

   ElasticsearchClientAutoConfiguration:
      Did not match:
         - @ConditionalOnClass did not find required class 'co.elastic.clients.elasticsearch.ElasticsearchClient' (OnClassCondition)

   ElasticsearchDataAutoConfiguration:
      Did not match:
         - @ConditionalOnClass did not find required class 'org.springframework.data.elasticsearch.client.elc.ElasticsearchTemplate' (OnClassCondition)

   ElasticsearchRepositoriesAutoConfiguration:
      Did not match:
         - @ConditionalOnClass did not find required class 'org.springframework.data.elasticsearch.repository.ElasticsearchRepository' (OnClassCondition)

   ElasticsearchRestClientAutoConfiguration:
      Did not match:
         - @ConditionalOnClass did not find required class 'org.elasticsearch.client.RestClientBuilder' (OnClassCondition)

   EmbeddedLdapAutoConfiguration:
      Did not match:
         - @ConditionalOnClass did not find required class 'com.unboundid.ldap.listener.InMemoryDirectoryServer' (OnClassCondition)

   EmbeddedWebServerFactoryCustomizerAutoConfiguration.JettyWebServerFactoryCustomizerConfiguration:
      Did not match:
         - @ConditionalOnClass did not find required classes 'org.eclipse.jetty.server.Server', 'org.eclipse.jetty.util.Loader', 'org.eclipse.jetty.ee10.webapp.WebAppContext' (OnClassCondition)

   EmbeddedWebServerFactoryCustomizerAutoConfiguration.NettyWebServerFactoryCustomizerConfiguration:
      Did not match:
         - @ConditionalOnClass did not find required class 'reactor.netty.http.server.HttpServer' (OnClassCondition)

   EmbeddedWebServerFactoryCustomizerAutoConfiguration.TomcatWebServerFactoryCustomizerConfiguration#tomcatVirtualThreadsProtocolHandlerCustomizer:
      Did not match:
         - @ConditionalOnThreading did not find VIRTUAL (OnThreadingCondition)

   EmbeddedWebServerFactoryCustomizerAutoConfiguration.UndertowWebServerFactoryCustomizerConfiguration:
      Did not match:
         - @ConditionalOnClass did not find required classes 'io.undertow.Undertow', 'org.xnio.SslClientAuthMode' (OnClassCondition)

   ErrorWebFluxAutoConfiguration:
      Did not match:
         - @ConditionalOnClass did not find required class 'org.springframework.web.reactive.config.WebFluxConfigurer' (OnClassCondition)

   FlywayAutoConfiguration:
      Did not match:
         - @ConditionalOnClass did not find required class 'org.flywaydb.core.Flyway' (OnClassCondition)

   FreeMarkerAutoConfiguration:
      Did not match:
         - @ConditionalOnClass did not find required class 'freemarker.template.Configuration' (OnClassCondition)

   GraphQlAutoConfiguration:
      Did not match:
         - @ConditionalOnClass did not find required class 'graphql.GraphQL' (OnClassCondition)

   GraphQlQueryByExampleAutoConfiguration:
      Did not match:
         - @ConditionalOnClass did not find required class 'graphql.GraphQL' (OnClassCondition)

   GraphQlQuerydslAutoConfiguration:
      Did not match:
         - @ConditionalOnClass did not find required class 'com.querydsl.core.Query' (OnClassCondition)

   GraphQlRSocketAutoConfiguration:
      Did not match:
         - @ConditionalOnClass did not find required class 'graphql.GraphQL' (OnClassCondition)

   GraphQlReactiveQueryByExampleAutoConfiguration:
      Did not match:
         - @ConditionalOnClass did not find required class 'graphql.GraphQL' (OnClassCondition)

   GraphQlReactiveQuerydslAutoConfiguration:
      Did not match:
         - @ConditionalOnClass did not find required class 'com.querydsl.core.Query' (OnClassCondition)

   GraphQlWebFluxAutoConfiguration:
      Did not match:
         - @ConditionalOnClass did not find required class 'graphql.GraphQL' (OnClassCondition)

   GraphQlWebFluxSecurityAutoConfiguration:
      Did not match:
         - @ConditionalOnClass did not find required class 'graphql.GraphQL' (OnClassCondition)

   GraphQlWebMvcAutoConfiguration:
      Did not match:
         - @ConditionalOnClass did not find required class 'graphql.GraphQL' (OnClassCondition)

   GraphQlWebMvcSecurityAutoConfiguration:
      Did not match:
         - @ConditionalOnClass did not find required class 'graphql.GraphQL' (OnClassCondition)

   GroovyTemplateAutoConfiguration:
      Did not match:
         - @ConditionalOnClass did not find required class 'groovy.text.markup.MarkupTemplateEngine' (OnClassCondition)

   GsonAutoConfiguration:
      Did not match:
         - @ConditionalOnClass did not find required class 'com.google.gson.Gson' (OnClassCondition)

   GsonHttpMessageConvertersConfiguration:
      Did not match:
         - @ConditionalOnClass did not find required class 'com.google.gson.Gson' (OnClassCondition)

   HazelcastAutoConfiguration:
      Did not match:
         - @ConditionalOnClass did not find required class 'com.hazelcast.core.HazelcastInstance' (OnClassCondition)

   HazelcastCacheConfiguration:
      Did not match:
         - @ConditionalOnClass did not find required class 'com.hazelcast.core.HazelcastInstance' (OnClassCondition)

   HazelcastJpaDependencyAutoConfiguration:
      Did not match:
         - @ConditionalOnClass did not find required class 'com.hazelcast.core.HazelcastInstance' (OnClassCondition)

   HttpHandlerAutoConfiguration:
      Did not match:
         - @ConditionalOnClass did not find required class 'org.springframework.web.reactive.DispatcherHandler' (OnClassCondition)

   HypermediaAutoConfiguration:
      Did not match:
         - @ConditionalOnClass did not find required class 'org.springframework.hateoas.EntityModel' (OnClassCondition)

   InfinispanCacheConfiguration:
      Did not match:
         - @ConditionalOnClass did not find required class 'org.infinispan.spring.embedded.provider.SpringEmbeddedCacheManager' (OnClassCondition)

   InfluxDbAutoConfiguration:
      Did not match:
         - @ConditionalOnClass did not find required class 'org.influxdb.InfluxDB' (OnClassCondition)

   IntegrationAutoConfiguration:
      Did not match:
         - @ConditionalOnClass did not find required class 'org.springframework.integration.config.EnableIntegration' (OnClassCondition)

   JCacheCacheConfiguration:
      Did not match:
         - @ConditionalOnClass did not find required class 'javax.cache.Caching' (OnClassCondition)

   JacksonHttpMessageConvertersConfiguration.MappingJackson2XmlHttpMessageConverterConfiguration:
      Did not match:
         - @ConditionalOnClass did not find required class 'com.fasterxml.jackson.dataformat.xml.XmlMapper' (OnClassCondition)

   JdbcRepositoriesAutoConfiguration:
      Did not match:
         - @ConditionalOnClass did not find required class 'org.springframework.data.jdbc.repository.config.AbstractJdbcConfiguration' (OnClassCondition)

   JerseyAutoConfiguration:
      Did not match:
         - @ConditionalOnClass did not find required class 'org.glassfish.jersey.server.spring.SpringComponentProvider' (OnClassCondition)

   JmsAutoConfiguration:
      Did not match:
         - @ConditionalOnClass did not find required class 'jakarta.jms.Message' (OnClassCondition)

   JmxAutoConfiguration:
      Did not match:
         - @ConditionalOnProperty (spring.jmx.enabled=true) did not find property 'enabled' (OnPropertyCondition)
      Matched:
         - @ConditionalOnClass found required class 'org.springframework.jmx.export.MBeanExporter' (OnClassCondition)

   JndiConnectionFactoryAutoConfiguration:
      Did not match:
         - @ConditionalOnClass did not find required class 'org.springframework.jms.core.JmsTemplate' (OnClassCondition)

   JndiDataSourceAutoConfiguration:
      Did not match:
         - @ConditionalOnProperty (spring.datasource.jndi-name) did not find property 'jndi-name' (OnPropertyCondition)
      Matched:
         - @ConditionalOnClass found required classes 'javax.sql.DataSource', 'org.springframework.jdbc.datasource.embedded.EmbeddedDatabaseType' (OnClassCondition)

   JndiJtaConfiguration:
      Did not match:
         - @ConditionalOnJndi JNDI environment is not available (OnJndiCondition)
      Matched:
         - @ConditionalOnClass found required class 'org.springframework.transaction.jta.JtaTransactionManager' (OnClassCondition)

   JooqAutoConfiguration:
      Did not match:
         - @ConditionalOnClass did not find required class 'org.jooq.DSLContext' (OnClassCondition)

   JpaRepositoriesAutoConfiguration#entityManagerFactoryBootstrapExecutorCustomizer:
      Did not match:
         - AnyNestedCondition 0 matched 2 did not; NestedCondition on JpaRepositoriesAutoConfiguration.BootstrapExecutorCondition.LazyBootstrapMode @ConditionalOnProperty (spring.data.jpa.repositories.bootstrap-mode=lazy) did not find property 'bootstrap-mode'; NestedCondition on JpaRepositoriesAutoConfiguration.BootstrapExecutorCondition.DeferredBootstrapMode @ConditionalOnProperty (spring.data.jpa.repositories.bootstrap-mode=deferred) did not find property 'bootstrap-mode' (JpaRepositoriesAutoConfiguration.BootstrapExecutorCondition)

   JsonbAutoConfiguration:
      Did not match:
         - @ConditionalOnClass did not find required class 'jakarta.json.bind.Jsonb' (OnClassCondition)

   JsonbHttpMessageConvertersConfiguration:
      Did not match:
         - @ConditionalOnClass did not find required class 'jakarta.json.bind.Jsonb' (OnClassCondition)

   KafkaAutoConfiguration:
      Did not match:
         - @ConditionalOnClass did not find required class 'org.springframework.kafka.core.KafkaTemplate' (OnClassCondition)

   LdapAutoConfiguration:
      Did not match:
         - @ConditionalOnClass did not find required class 'org.springframework.ldap.core.ContextSource' (OnClassCondition)

   LdapRepositoriesAutoConfiguration:
      Did not match:
         - @ConditionalOnClass did not find required class 'org.springframework.data.ldap.repository.LdapRepository' (OnClassCondition)

   LiquibaseAutoConfiguration:
      Did not match:
         - @ConditionalOnClass did not find required class 'liquibase.change.DatabaseChange' (OnClassCondition)

   MailSenderAutoConfiguration:
      Did not match:
         - @ConditionalOnClass did not find required class 'jakarta.mail.internet.MimeMessage' (OnClassCondition)

   MailSenderValidatorAutoConfiguration:
      Did not match:
         - @ConditionalOnSingleCandidate did not find required type 'org.springframework.mail.javamail.JavaMailSenderImpl' (OnBeanCondition)

   MessageSourceAutoConfiguration:
      Did not match:
         - ResourceBundle did not find bundle with basename messages (MessageSourceAutoConfiguration.ResourceBundleCondition)

   MongoAutoConfiguration:
      Did not match:
         - @ConditionalOnClass did not find required class 'com.mongodb.client.MongoClient' (OnClassCondition)

   MongoDataAutoConfiguration:
      Did not match:
         - @ConditionalOnClass did not find required class 'com.mongodb.client.MongoClient' (OnClassCondition)

   MongoReactiveAutoConfiguration:
      Did not match:
         - @ConditionalOnClass did not find required class 'com.mongodb.reactivestreams.client.MongoClient' (OnClassCondition)

   MongoReactiveDataAutoConfiguration:
      Did not match:
         - @ConditionalOnClass did not find required class 'com.mongodb.reactivestreams.client.MongoClient' (OnClassCondition)

   MongoReactiveRepositoriesAutoConfiguration:
      Did not match:
         - @ConditionalOnClass did not find required class 'com.mongodb.reactivestreams.client.MongoClient' (OnClassCondition)

   MongoRepositoriesAutoConfiguration:
      Did not match:
         - @ConditionalOnClass did not find required class 'com.mongodb.client.MongoClient' (OnClassCondition)

   MultipleOpenApiSupportConfiguration:
      Did not match:
         - AnyNestedCondition 0 matched 2 did not; NestedCondition on MultipleOpenApiSupportCondition.OnActuatorDifferentPort @ConditionalOnProperty (springdoc.show-actuator) did not find property 'springdoc.show-actuator'; NestedCondition on MultipleOpenApiSupportCondition.OnMultipleOpenApiSupportCondition AnyNestedCondition 0 matched 3 did not; NestedCondition on MultipleOpenApiGroupsCondition.OnListGroupedOpenApiBean @ConditionalOnBean (types: org.springdoc.core.models.GroupedOpenApi; SearchStrategy: all) did not find any beans of type org.springdoc.core.models.GroupedOpenApi; NestedCondition on MultipleOpenApiGroupsCondition.OnGroupConfigProperty @ConditionalOnProperty (springdoc.group-configs[0].group) did not find property 'springdoc.group-configs[0].group'; NestedCondition on MultipleOpenApiGroupsCondition.OnGroupedOpenApiBean @ConditionalOnBean (types: org.springdoc.core.models.GroupedOpenApi; SearchStrategy: all) did not find any beans of type org.springdoc.core.models.GroupedOpenApi (MultipleOpenApiSupportCondition)
      Matched:
         - found 'session' scope (OnWebApplicationCondition)
         - @ConditionalOnProperty (springdoc.api-docs.enabled) matched (OnPropertyCondition)

   MultipleOpenApiSupportConfiguration.SpringDocWebMvcActuatorDifferentConfiguration:
      Did not match:
         - @ConditionalOnClass did not find required class 'org.springframework.boot.actuate.endpoint.web.servlet.WebMvcEndpointHandlerMapping' (OnClassCondition)
         - Ancestor org.springdoc.webmvc.core.configuration.MultipleOpenApiSupportConfiguration did not match (ConditionEvaluationReport.AncestorsMatchedCondition)

   MustacheAutoConfiguration:
      Did not match:
         - @ConditionalOnClass did not find required class 'com.samskivert.mustache.Mustache' (OnClassCondition)

   Neo4jAutoConfiguration:
      Did not match:
         - @ConditionalOnClass did not find required class 'org.neo4j.driver.Driver' (OnClassCondition)

   Neo4jDataAutoConfiguration:
      Did not match:
         - @ConditionalOnClass did not find required class 'org.neo4j.driver.Driver' (OnClassCondition)

   Neo4jReactiveDataAutoConfiguration:
      Did not match:
         - @ConditionalOnClass did not find required class 'org.neo4j.driver.Driver' (OnClassCondition)

   Neo4jReactiveRepositoriesAutoConfiguration:
      Did not match:
         - @ConditionalOnClass did not find required class 'org.neo4j.driver.Driver' (OnClassCondition)

   Neo4jRepositoriesAutoConfiguration:
      Did not match:
         - @ConditionalOnClass did not find required class 'org.neo4j.driver.Driver' (OnClassCondition)

   NettyAutoConfiguration:
      Did not match:
         - @ConditionalOnClass did not find required class 'io.netty.util.NettyRuntime' (OnClassCondition)

   OAuth2AuthorizationServerAutoConfiguration:
      Did not match:
         - @ConditionalOnClass did not find required class 'org.springframework.security.oauth2.server.authorization.OAuth2Authorization' (OnClassCondition)

   OAuth2AuthorizationServerJwtAutoConfiguration:
      Did not match:
         - @ConditionalOnClass did not find required class 'org.springframework.security.oauth2.server.authorization.OAuth2Authorization' (OnClassCondition)

   OAuth2ClientRegistrationRepositoryConfiguration:
      Did not match:
         - OAuth2 Clients Configured Condition registered clients is not available (ClientsConfiguredCondition)

   OAuth2ResourceServerJwtConfiguration.JwtConverterConfiguration:
      Did not match:
         - AnyNestedCondition 0 matched 3 did not; NestedCondition on OAuth2ResourceServerJwtConfiguration.JwtConverterPropertiesCondition.OnAuthoritiesClaimName @ConditionalOnProperty (spring.security.oauth2.resourceserver.jwt.authorities-claim-name) did not find property 'authorities-claim-name'; NestedCondition on OAuth2ResourceServerJwtConfiguration.JwtConverterPropertiesCondition.OnPrincipalClaimName @ConditionalOnProperty (spring.security.oauth2.resourceserver.jwt.principal-claim-name) did not find property 'principal-claim-name'; NestedCondition on OAuth2ResourceServerJwtConfiguration.JwtConverterPropertiesCondition.OnAuthorityPrefix @ConditionalOnProperty (spring.security.oauth2.resourceserver.jwt.authority-prefix) did not find property 'authority-prefix' (OAuth2ResourceServerJwtConfiguration.JwtConverterPropertiesCondition)

   OAuth2ResourceServerJwtConfiguration.JwtDecoderConfiguration:
      Did not match:
         - @ConditionalOnMissingBean (types: org.springframework.security.oauth2.jwt.JwtDecoder; SearchStrategy: all) found beans of type 'org.springframework.security.oauth2.jwt.JwtDecoder' jwtDecoder (OnBeanCondition)

   OAuth2ResourceServerJwtConfiguration.OAuth2SecurityFilterChainConfiguration:
      Did not match:
         - AllNestedConditions 1 matched 1 did not; NestedCondition on DefaultWebSecurityCondition.Beans @ConditionalOnMissingBean (types: org.springframework.security.web.SecurityFilterChain; SearchStrategy: all) found beans of type 'org.springframework.security.web.SecurityFilterChain' oidcSecurityFilterChain; NestedCondition on DefaultWebSecurityCondition.Classes @ConditionalOnClass found required classes 'org.springframework.security.web.SecurityFilterChain', 'org.springframework.security.config.annotation.web.builders.HttpSecurity' (DefaultWebSecurityCondition)

   OAuth2ResourceServerOpaqueTokenConfiguration.OAuth2SecurityFilterChainConfiguration:
      Did not match:
         - AllNestedConditions 1 matched 1 did not; NestedCondition on DefaultWebSecurityCondition.Beans @ConditionalOnMissingBean (types: org.springframework.security.web.SecurityFilterChain; SearchStrategy: all) found beans of type 'org.springframework.security.web.SecurityFilterChain' oidcSecurityFilterChain; NestedCondition on DefaultWebSecurityCondition.Classes @ConditionalOnClass found required classes 'org.springframework.security.web.SecurityFilterChain', 'org.springframework.security.config.annotation.web.builders.HttpSecurity' (DefaultWebSecurityCondition)

   OAuth2ResourceServerOpaqueTokenConfiguration.OpaqueTokenIntrospectionClientConfiguration#opaqueTokenIntrospector:
      Did not match:
         - @ConditionalOnProperty (spring.security.oauth2.resourceserver.opaquetoken.introspection-uri) did not find property 'spring.security.oauth2.resourceserver.opaquetoken.introspection-uri' (OnPropertyCondition)

   OAuth2WebSecurityConfiguration.OAuth2SecurityFilterChainConfiguration:
      Did not match:
         - AllNestedConditions 1 matched 1 did not; NestedCondition on DefaultWebSecurityCondition.Beans @ConditionalOnMissingBean (types: org.springframework.security.web.SecurityFilterChain; SearchStrategy: all) found beans of type 'org.springframework.security.web.SecurityFilterChain' oidcSecurityFilterChain; NestedCondition on DefaultWebSecurityCondition.Classes @ConditionalOnClass found required classes 'org.springframework.security.web.SecurityFilterChain', 'org.springframework.security.config.annotation.web.builders.HttpSecurity' (DefaultWebSecurityCondition)

   ProjectInfoAutoConfiguration#buildProperties:
      Did not match:
         - @ConditionalOnResource did not find resource '${spring.info.build.location:classpath:META-INF/build-info.properties}' (OnResourceCondition)

   ProjectInfoAutoConfiguration#gitProperties:
      Did not match:
         - GitResource did not find git info at classpath:git.properties (ProjectInfoAutoConfiguration.GitResourceAvailableCondition)

   PulsarAutoConfiguration:
      Did not match:
         - @ConditionalOnClass did not find required class 'org.apache.pulsar.client.api.PulsarClient' (OnClassCondition)

   PulsarReactiveAutoConfiguration:
      Did not match:
         - @ConditionalOnClass did not find required class 'org.apache.pulsar.client.api.PulsarClient' (OnClassCondition)

   QuartzAutoConfiguration:
      Did not match:
         - @ConditionalOnClass did not find required class 'org.quartz.Scheduler' (OnClassCondition)

   R2dbcAutoConfiguration:
      Did not match:
         - @ConditionalOnClass did not find required class 'io.r2dbc.spi.ConnectionFactory' (OnClassCondition)

   R2dbcDataAutoConfiguration:
      Did not match:
         - @ConditionalOnClass did not find required class 'org.springframework.data.r2dbc.core.R2dbcEntityTemplate' (OnClassCondition)

   R2dbcInitializationConfiguration:
      Did not match:
         - @ConditionalOnClass did not find required classes 'io.r2dbc.spi.ConnectionFactory', 'org.springframework.r2dbc.connection.init.DatabasePopulator' (OnClassCondition)

   R2dbcRepositoriesAutoConfiguration:
      Did not match:
         - @ConditionalOnClass did not find required class 'io.r2dbc.spi.ConnectionFactory' (OnClassCondition)

   R2dbcTransactionManagerAutoConfiguration:
      Did not match:
         - @ConditionalOnClass did not find required class 'org.springframework.r2dbc.connection.R2dbcTransactionManager' (OnClassCondition)

   RSocketGraphQlClientAutoConfiguration:
      Did not match:
         - @ConditionalOnClass did not find required class 'graphql.GraphQL' (OnClassCondition)

   RSocketMessagingAutoConfiguration:
      Did not match:
         - @ConditionalOnClass did not find required class 'io.rsocket.RSocket' (OnClassCondition)

   RSocketRequesterAutoConfiguration:
      Did not match:
         - @ConditionalOnClass did not find required class 'io.rsocket.RSocket' (OnClassCondition)

   RSocketSecurityAutoConfiguration:
      Did not match:
         - @ConditionalOnClass did not find required class 'org.springframework.security.rsocket.core.SecuritySocketAcceptorInterceptor' (OnClassCondition)

   RSocketServerAutoConfiguration:
      Did not match:
         - @ConditionalOnClass did not find required class 'io.rsocket.core.RSocketServer' (OnClassCondition)

   RSocketStrategiesAutoConfiguration:
      Did not match:
         - @ConditionalOnClass did not find required class 'io.netty.buffer.PooledByteBufAllocator' (OnClassCondition)

   RabbitAutoConfiguration:
      Did not match:
         - @ConditionalOnClass did not find required class 'com.rabbitmq.client.Channel' (OnClassCondition)

   ReactiveElasticsearchClientAutoConfiguration:
      Did not match:
         - @ConditionalOnClass did not find required class 'co.elastic.clients.transport.ElasticsearchTransport' (OnClassCondition)

   ReactiveElasticsearchRepositoriesAutoConfiguration:
      Did not match:
         - @ConditionalOnClass did not find required class 'reactor.core.publisher.Mono' (OnClassCondition)

   ReactiveMultipartAutoConfiguration:
      Did not match:
         - @ConditionalOnClass did not find required class 'org.springframework.web.reactive.config.WebFluxConfigurer' (OnClassCondition)

   ReactiveOAuth2ClientAutoConfiguration:
      Did not match:
         - @ConditionalOnClass did not find required class 'reactor.core.publisher.Flux' (OnClassCondition)

   ReactiveOAuth2ResourceServerAutoConfiguration:
      Did not match:
         - @ConditionalOnWebApplication did not find reactive web application classes (OnWebApplicationCondition)

   ReactiveSecurityAutoConfiguration:
      Did not match:
         - @ConditionalOnClass did not find required class 'reactor.core.publisher.Flux' (OnClassCondition)

   ReactiveUserDetailsServiceAutoConfiguration:
      Did not match:
         - AnyNestedCondition 0 matched 3 did not; NestedCondition on ReactiveUserDetailsServiceAutoConfiguration.MissingAlternativeOrUserPropertiesConfigured.PasswordConfigured @ConditionalOnProperty (spring.security.user.password) did not find property 'password'; NestedCondition on ReactiveUserDetailsServiceAutoConfiguration.MissingAlternativeOrUserPropertiesConfigured.NameConfigured @ConditionalOnProperty (spring.security.user.name) did not find property 'name'; NestedCondition on ReactiveUserDetailsServiceAutoConfiguration.MissingAlternativeOrUserPropertiesConfigured.MissingAlternative @ConditionalOnMissingClass found unwanted classes 'org.springframework.security.oauth2.client.registration.ClientRegistrationRepository', 'org.springframework.security.oauth2.server.resource.introspection.ReactiveOpaqueTokenIntrospector' (ReactiveUserDetailsServiceAutoConfiguration.MissingAlternativeOrUserPropertiesConfigured)
      Matched:
         - @ConditionalOnClass found required class 'org.springframework.security.authentication.ReactiveAuthenticationManager' (OnClassCondition)

   ReactiveWebServerFactoryAutoConfiguration:
      Did not match:
         - @ConditionalOnWebApplication did not find reactive web application classes (OnWebApplicationCondition)

   ReactorAutoConfiguration:
      Did not match:
         - @ConditionalOnClass did not find required class 'reactor.core.publisher.Hooks' (OnClassCondition)

   RedisAutoConfiguration:
      Did not match:
         - @ConditionalOnClass did not find required class 'org.springframework.data.redis.core.RedisOperations' (OnClassCondition)

   RedisCacheConfiguration:
      Did not match:
         - @ConditionalOnClass did not find required class 'org.springframework.data.redis.connection.RedisConnectionFactory' (OnClassCondition)

   RedisReactiveAutoConfiguration:
      Did not match:
         - @ConditionalOnClass did not find required class 'reactor.core.publisher.Flux' (OnClassCondition)

   RedisRepositoriesAutoConfiguration:
      Did not match:
         - @ConditionalOnClass did not find required class 'org.springframework.data.redis.repository.configuration.EnableRedisRepositories' (OnClassCondition)

   RepositoryRestMvcAutoConfiguration:
      Did not match:
         - @ConditionalOnClass did not find required class 'org.springframework.data.rest.webmvc.config.RepositoryRestMvcConfiguration' (OnClassCondition)

   Saml2RelyingPartyAutoConfiguration:
      Did not match:
         - @ConditionalOnClass did not find required class 'org.springframework.security.saml2.provider.service.registration.RelyingPartyRegistrationRepository' (OnClassCondition)

   SecurityConfig.OidcDisabledSecurityConfiguration:
      Did not match:
         - @ConditionalOnProperty (backend.oidc.enabled=false) found different value in property 'enabled' (OnPropertyCondition)

   SecurityDataConfiguration:
      Did not match:
         - @ConditionalOnClass did not find required class 'org.springframework.security.data.repository.query.SecurityEvaluationContextExtension' (OnClassCondition)

   SendGridAutoConfiguration:
      Did not match:
         - @ConditionalOnClass did not find required class 'com.sendgrid.SendGrid' (OnClassCondition)

   ServletWebServerFactoryAutoConfiguration.ForwardedHeaderFilterConfiguration:
      Did not match:
         - @ConditionalOnProperty (server.forward-headers-strategy=framework) did not find property 'server.forward-headers-strategy' (OnPropertyCondition)

   ServletWebServerFactoryConfiguration.EmbeddedJetty:
      Did not match:
         - @ConditionalOnClass did not find required classes 'org.eclipse.jetty.server.Server', 'org.eclipse.jetty.util.Loader', 'org.eclipse.jetty.ee10.webapp.WebAppContext' (OnClassCondition)

   ServletWebServerFactoryConfiguration.EmbeddedUndertow:
      Did not match:
         - @ConditionalOnClass did not find required classes 'io.undertow.Undertow', 'org.xnio.SslClientAuthMode' (OnClassCondition)

   SessionAutoConfiguration:
      Did not match:
         - @ConditionalOnClass did not find required class 'org.springframework.session.Session' (OnClassCondition)

   SpringApplicationAdminJmxAutoConfiguration:
      Did not match:
         - @ConditionalOnProperty (spring.application.admin.enabled=true) did not find property 'enabled' (OnPropertyCondition)

   SpringBootWebSecurityConfiguration.SecurityFilterChainConfiguration:
      Did not match:
         - AllNestedConditions 1 matched 1 did not; NestedCondition on DefaultWebSecurityCondition.Beans @ConditionalOnMissingBean (types: org.springframework.security.web.SecurityFilterChain; SearchStrategy: all) found beans of type 'org.springframework.security.web.SecurityFilterChain' oidcSecurityFilterChain; NestedCondition on DefaultWebSecurityCondition.Classes @ConditionalOnClass found required classes 'org.springframework.security.web.SecurityFilterChain', 'org.springframework.security.config.annotation.web.builders.HttpSecurity' (DefaultWebSecurityCondition)

   SpringBootWebSecurityConfiguration.WebSecurityEnablerConfiguration:
      Did not match:
         - @ConditionalOnMissingBean (names: springSecurityFilterChain; SearchStrategy: all) found beans named springSecurityFilterChain (OnBeanCondition)
      Matched:
         - @ConditionalOnClass found required class 'org.springframework.security.config.annotation.web.configuration.EnableWebSecurity' (OnClassCondition)

   SpringDocConfiguration#propertiesResolverForSchema:
      Did not match:
         - @ConditionalOnProperty (springdoc.api-docs.resolve-schema-properties) did not find property 'springdoc.api-docs.resolve-schema-properties' (OnPropertyCondition)

   SpringDocConfiguration#propertyCustomizingConverter:
      Did not match:
         - @ConditionalOnBean (types: org.springdoc.core.customizers.PropertyCustomizer; SearchStrategy: all) did not find any beans of type org.springdoc.core.customizers.PropertyCustomizer (OnBeanCondition)

   SpringDocConfiguration#springdocBeanFactoryPostProcessor:
      Did not match:
         - AnyNestedCondition 0 matched 2 did not; NestedCondition on CacheOrGroupedOpenApiCondition.OnCacheDisabled found non-matching nested conditions @ConditionalOnProperty (springdoc.cache.disabled) did not find property 'springdoc.cache.disabled'; NestedCondition on CacheOrGroupedOpenApiCondition.OnMultipleOpenApiSupportCondition AnyNestedCondition 0 matched 2 did not; NestedCondition on MultipleOpenApiSupportCondition.OnActuatorDifferentPort @ConditionalOnProperty (springdoc.show-actuator) did not find property 'springdoc.show-actuator'; NestedCondition on MultipleOpenApiSupportCondition.OnMultipleOpenApiSupportCondition AnyNestedCondition 0 matched 3 did not; NestedCondition on MultipleOpenApiGroupsCondition.OnListGroupedOpenApiBean @ConditionalOnBean (types: org.springdoc.core.models.GroupedOpenApi; SearchStrategy: all) did not find any beans of type org.springdoc.core.models.GroupedOpenApi; NestedCondition on MultipleOpenApiGroupsCondition.OnGroupConfigProperty @ConditionalOnProperty (springdoc.group-configs[0].group) did not find property 'springdoc.group-configs[0].group'; NestedCondition on MultipleOpenApiGroupsCondition.OnGroupedOpenApiBean @ConditionalOnBean (types: org.springdoc.core.models.GroupedOpenApi; SearchStrategy: all) did not find any beans of type org.springdoc.core.models.GroupedOpenApi (CacheOrGroupedOpenApiCondition)
      Matched:
         - @ConditionalOnClass found required class 'org.springframework.boot.context.properties.bind.BindResult' (OnClassCondition)

   SpringDocConfiguration#springdocBeanFactoryPostProcessor2:
      Did not match:
         - @ConditionalOnMissingClass found unwanted class 'org.springframework.boot.context.properties.bind.BindResult' (OnClassCondition)

   SpringDocConfiguration.SpringDocActuatorConfiguration:
      Did not match:
         - @ConditionalOnClass did not find required class 'org.springframework.boot.actuate.autoconfigure.endpoint.web.WebEndpointProperties' (OnClassCondition)

   SpringDocConfiguration.SpringDocRepositoryRestConfiguration:
      Did not match:
         - @ConditionalOnClass did not find required class 'org.springframework.data.rest.core.config.RepositoryRestConfiguration' (OnClassCondition)

   SpringDocConfiguration.SpringDocWebFluxSupportConfiguration:
      Did not match:
         - @ConditionalOnClass did not find required class 'reactor.core.publisher.Flux' (OnClassCondition)

   SpringDocDataRestConfiguration:
      Did not match:
         - @ConditionalOnClass did not find required class 'org.springframework.data.rest.core.config.RepositoryRestConfiguration' (OnClassCondition)

   SpringDocFunctionCatalogConfiguration:
      Did not match:
         - @ConditionalOnClass did not find required class 'org.springframework.cloud.function.web.function.FunctionEndpointInitializer' (OnClassCondition)

   SpringDocGroovyConfiguration:
      Did not match:
         - @ConditionalOnClass did not find required class 'groovy.lang.MetaClass' (OnClassCondition)

   SpringDocHateoasConfiguration:
      Did not match:
         - @ConditionalOnClass did not find required class 'org.springframework.hateoas.server.LinkRelationProvider' (OnClassCondition)

   SpringDocJacksonKotlinModuleConfiguration:
      Did not match:
         - @ConditionalOnClass did not find required class 'com.fasterxml.jackson.module.kotlin.KotlinModule' (OnClassCondition)

   SpringDocJavadocConfiguration:
      Did not match:
         - @ConditionalOnClass did not find required class 'com.github.therapi.runtimejavadoc.CommentFormatter' (OnClassCondition)

   SpringDocKotlinConfiguration:
      Did not match:
         - @ConditionalOnClass did not find required class 'kotlin.coroutines.Continuation' (OnClassCondition)

   SpringDocKotlinxConfiguration:
      Did not match:
         - @ConditionalOnClass did not find required class 'kotlinx.coroutines.flow.Flow' (OnClassCondition)

   SpringDocSecurityConfiguration.SpringDocSecurityOAuth2Configuration:
      Did not match:
         - @ConditionalOnClass did not find required class 'org.springframework.security.oauth2.server.authorization.OAuth2AuthorizationService' (OnClassCondition)

   SpringDocSecurityConfiguration.SpringSecurityLoginEndpointConfiguration#springSecurityLoginEndpointCustomiser:
      Did not match:
         - @ConditionalOnProperty (springdoc.show-login-endpoint) did not find property 'springdoc.show-login-endpoint' (OnPropertyCondition)

   SpringDocSortConfiguration#delegatingMethodParameterCustomizer:
      Did not match:
         - @ConditionalOnMissingBean (types: org.springdoc.core.customizers.DelegatingMethodParameterCustomizer; SearchStrategy: all) found beans of type 'org.springdoc.core.customizers.DelegatingMethodParameterCustomizer' delegatingMethodParameterCustomizer (OnBeanCondition)

   SpringDocWebMvcConfiguration.SpringDocWebMvcActuatorConfiguration:
      Did not match:
         - @ConditionalOnClass did not find required class 'org.springframework.boot.actuate.endpoint.web.servlet.WebMvcEndpointHandlerMapping' (OnClassCondition)

   SwaggerConfig#springWebProvider:
      Did not match:
         - @ConditionalOnMissingBean (types: org.springdoc.core.providers.SpringWebProvider; SearchStrategy: all) found beans of type 'org.springdoc.core.providers.SpringWebProvider' springWebProvider (OnBeanCondition)

   SwaggerConfig#swaggerUiConfigParameters:
      Did not match:
         - @ConditionalOnMissingBean (types: org.springdoc.core.properties.SwaggerUiConfigParameters; SearchStrategy: all) found beans of type 'org.springdoc.core.properties.SwaggerUiConfigParameters' org.springdoc.core.properties.SwaggerUiConfigParameters (OnBeanCondition)

   SwaggerConfig#swaggerUiHome:
      Did not match:
         - @ConditionalOnProperty (springdoc.swagger-ui.use-root-path=true) did not find property 'springdoc.swagger-ui.use-root-path' (OnPropertyCondition)

   SwaggerConfig.SwaggerActuatorWelcomeConfiguration:
      Did not match:
         - @ConditionalOnClass did not find required class 'org.springframework.boot.actuate.endpoint.web.servlet.WebMvcEndpointHandlerMapping' (OnClassCondition)

   TaskExecutorConfigurations.SimpleAsyncTaskExecutorBuilderConfiguration#simpleAsyncTaskExecutorBuilderVirtualThreads:
      Did not match:
         - @ConditionalOnMissingBean (types: org.springframework.boot.task.SimpleAsyncTaskExecutorBuilder; SearchStrategy: all) found beans of type 'org.springframework.boot.task.SimpleAsyncTaskExecutorBuilder' simpleAsyncTaskExecutorBuilder (OnBeanCondition)

   TaskExecutorConfigurations.TaskExecutorConfiguration:
      Did not match:
         - @ConditionalOnMissingBean (types: java.util.concurrent.Executor; SearchStrategy: all) found beans of type 'java.util.concurrent.Executor' clientInboundChannelExecutor, clientOutboundChannelExecutor, brokerChannelExecutor (OnBeanCondition)

   TaskSchedulingConfigurations.SimpleAsyncTaskSchedulerBuilderConfiguration#simpleAsyncTaskSchedulerBuilderVirtualThreads:
      Did not match:
         - @ConditionalOnMissingBean (types: org.springframework.boot.task.SimpleAsyncTaskSchedulerBuilder; SearchStrategy: all) found beans of type 'org.springframework.boot.task.SimpleAsyncTaskSchedulerBuilder' simpleAsyncTaskSchedulerBuilder (OnBeanCondition)

   TaskSchedulingConfigurations.TaskSchedulerConfiguration:
      Did not match:
         - @ConditionalOnMissingBean (types: org.springframework.scheduling.TaskScheduler,java.util.concurrent.ScheduledExecutorService; SearchStrategy: all) found beans of type 'org.springframework.scheduling.TaskScheduler' messageBrokerTaskScheduler, webSocketMessageBrokerTaskScheduler (OnBeanCondition)

   ThymeleafAutoConfiguration:
      Did not match:
         - @ConditionalOnClass did not find required class 'org.thymeleaf.spring6.SpringTemplateEngine' (OnClassCondition)

   TransactionAutoConfiguration#transactionalOperator:
      Did not match:
         - @ConditionalOnSingleCandidate (types: org.springframework.transaction.ReactiveTransactionManager; SearchStrategy: all) did not find any beans (OnBeanCondition)

   TransactionAutoConfiguration.AspectJTransactionManagementConfiguration:
      Did not match:
         - @ConditionalOnBean (types: org.springframework.transaction.aspectj.AbstractTransactionAspect; SearchStrategy: all) did not find any beans of type org.springframework.transaction.aspectj.AbstractTransactionAspect (OnBeanCondition)

   TransactionAutoConfiguration.EnableTransactionManagementConfiguration.JdkDynamicAutoProxyConfiguration:
      Did not match:
         - @ConditionalOnProperty (spring.aop.proxy-target-class=false) did not find property 'proxy-target-class' (OnPropertyCondition)

   UserDetailsServiceAutoConfiguration:
      Did not match:
         - AnyNestedCondition 0 matched 3 did not; NestedCondition on UserDetailsServiceAutoConfiguration.MissingAlternativeOrUserPropertiesConfigured.PasswordConfigured @ConditionalOnProperty (spring.security.user.password) did not find property 'password'; NestedCondition on UserDetailsServiceAutoConfiguration.MissingAlternativeOrUserPropertiesConfigured.NameConfigured @ConditionalOnProperty (spring.security.user.name) did not find property 'name'; NestedCondition on UserDetailsServiceAutoConfiguration.MissingAlternativeOrUserPropertiesConfigured.MissingAlternative @ConditionalOnMissingClass found unwanted classes 'org.springframework.security.oauth2.client.registration.ClientRegistrationRepository', 'org.springframework.security.oauth2.server.resource.introspection.OpaqueTokenIntrospector' (UserDetailsServiceAutoConfiguration.MissingAlternativeOrUserPropertiesConfigured)
      Matched:
         - @ConditionalOnClass found required class 'org.springframework.security.authentication.AuthenticationManager' (OnClassCondition)

   WebClientAutoConfiguration:
      Did not match:
         - @ConditionalOnClass did not find required class 'org.springframework.web.reactive.function.client.WebClient' (OnClassCondition)

   WebFluxAutoConfiguration:
      Did not match:
         - @ConditionalOnClass did not find required class 'org.springframework.web.reactive.config.WebFluxConfigurer' (OnClassCondition)

   WebMvcAutoConfiguration#hiddenHttpMethodFilter:
      Did not match:
         - @ConditionalOnProperty (spring.mvc.hiddenmethod.filter.enabled) did not find property 'enabled' (OnPropertyCondition)

   WebMvcAutoConfiguration.ProblemDetailsErrorHandlingConfiguration:
      Did not match:
         - @ConditionalOnProperty (spring.mvc.problemdetails.enabled=true) did not find property 'enabled' (OnPropertyCondition)

   WebMvcAutoConfiguration.ResourceChainCustomizerConfiguration:
      Did not match:
         - @ConditionalOnEnabledResourceChain did not find class org.webjars.WebJarAssetLocator (OnEnabledResourceChainCondition)

   WebMvcAutoConfiguration.WebMvcAutoConfigurationAdapter#beanNameViewResolver:
      Did not match:
         - @ConditionalOnMissingBean (types: org.springframework.web.servlet.view.BeanNameViewResolver; SearchStrategy: all) found beans of type 'org.springframework.web.servlet.view.BeanNameViewResolver' beanNameViewResolver (OnBeanCondition)

   WebServiceTemplateAutoConfiguration:
      Did not match:
         - @ConditionalOnClass did not find required class 'org.springframework.oxm.Marshaller' (OnClassCondition)

   WebServicesAutoConfiguration:
      Did not match:
         - @ConditionalOnClass did not find required class 'org.springframework.ws.transport.http.MessageDispatcherServlet' (OnClassCondition)

   WebSessionIdResolverAutoConfiguration:
      Did not match:
         - @ConditionalOnClass did not find required class 'reactor.core.publisher.Mono' (OnClassCondition)

   WebSocketReactiveAutoConfiguration:
      Did not match:
         - @ConditionalOnWebApplication did not find reactive web application classes (OnWebApplicationCondition)

   WebSocketServletAutoConfiguration.JettyWebSocketConfiguration:
      Did not match:
         - @ConditionalOnClass did not find required class 'org.eclipse.jetty.ee10.websocket.jakarta.server.config.JakartaWebSocketServletContainerInitializer' (OnClassCondition)

   WebSocketServletAutoConfiguration.UndertowWebSocketConfiguration:
      Did not match:
         - @ConditionalOnClass did not find required class 'io.undertow.websockets.jsr.Bootstrap' (OnClassCondition)

   XADataSourceAutoConfiguration:
      Did not match:
         - @ConditionalOnBean (types: org.springframework.boot.jdbc.XADataSourceWrapper; SearchStrategy: all) did not find any beans of type org.springframework.boot.jdbc.XADataSourceWrapper (OnBeanCondition)
      Matched:
         - @ConditionalOnClass found required classes 'javax.sql.DataSource', 'jakarta.transaction.TransactionManager', 'org.springframework.jdbc.datasource.embedded.EmbeddedDatabaseType' (OnClassCondition)


Exclusions:
-----------

    None


Unconditional classes:
----------------------

    org.springframework.boot.autoconfigure.context.ConfigurationPropertiesAutoConfiguration

    org.springframework.boot.autoconfigure.ssl.SslAutoConfiguration

    org.springframework.boot.autoconfigure.context.PropertyPlaceholderAutoConfiguration

    org.springframework.boot.autoconfigure.context.LifecycleAutoConfiguration

    org.springdoc.core.configuration.SpringDocSpecPropertiesConfiguration

    org.springframework.boot.autoconfigure.availability.ApplicationAvailabilityAutoConfiguration

    org.springframework.boot.autoconfigure.info.ProjectInfoAutoConfiguration



2026-05-08T20:34:42.991+08:00  INFO 26852 --- [uscdip-backend] [           main] o.s.s.config.TaskSchedulerRouter         : More than one TaskScheduler bean exists within the context, and none is named 'taskScheduler'. Mark one of them as primary or name it 'taskScheduler' (possibly as an alias); or implement the SchedulingConfigurer interface and call ScheduledTaskRegistrar#setScheduler explicitly within the configureTasks() callback: [messageBrokerTaskScheduler, webSocketMessageBrokerTaskScheduler]
2026-05-08T20:34:42.997+08:00  INFO 26852 --- [uscdip-backend] [           main] com.uscdip.backend.BackendApplication    : Started BackendApplication in 16.105 seconds (process running for 16.723)
2026-05-08T20:34:43.000+08:00 DEBUG 26852 --- [uscdip-backend] [           main] o.s.b.a.ApplicationAvailabilityBean      : Application availability state LivenessState changed to CORRECT
2026-05-08T20:34:43.180+08:00 DEBUG 26852 --- [uscdip-backend] [pool-2-thread-1] org.hibernate.SQL                        : select ace1_0.case_id,ace1_0.case_status,ace1_0.created_at,ace1_0.decision_snapshot,ace1_0.dedupe_key,ace1_0.device_id,ace1_0.escalation_level,ace1_0.first_alert_id,ace1_0.first_triggered_at,ace1_0.hit_count,ace1_0.last_alert_id,ace1_0.last_triggered_at,ace1_0.node_id,ace1_0.recovered_at,ace1_0.rule_code,ace1_0.segment_id,ace1_0.severity_current,ace1_0.suppressed_until,ace1_0.trace_id,ace1_0.unsuppressed_hit_count,ace1_0.updated_at from alert_case ace1_0 where ace1_0.case_status in (?,?,?,?,?) and ace1_0.last_triggered_at<?
2026-05-08T20:34:43.185+08:00  INFO 26852 --- [uscdip-backend] [nio-8080-exec-6] o.a.c.c.C.[Tomcat].[localhost].[/]       : Initializing Spring DispatcherServlet 'dispatcherServlet'
2026-05-08T20:34:43.185+08:00  INFO 26852 --- [uscdip-backend] [nio-8080-exec-6] o.s.web.servlet.DispatcherServlet        : Initializing Servlet 'dispatcherServlet'
2026-05-08T20:34:43.186+08:00 DEBUG 26852 --- [uscdip-backend] [nio-8080-exec-6] o.s.web.servlet.DispatcherServlet        : Detected StandardServletMultipartResolver
2026-05-08T20:34:43.186+08:00 DEBUG 26852 --- [uscdip-backend] [nio-8080-exec-6] o.s.web.servlet.DispatcherServlet        : Detected AcceptHeaderLocaleResolver
2026-05-08T20:34:43.186+08:00 DEBUG 26852 --- [uscdip-backend] [nio-8080-exec-6] o.s.web.servlet.DispatcherServlet        : Detected FixedThemeResolver
2026-05-08T20:34:43.189+08:00 DEBUG 26852 --- [uscdip-backend] [nio-8080-exec-6] o.s.web.servlet.DispatcherServlet        : Detected org.springframework.web.servlet.view.DefaultRequestToViewNameTranslator@166a81d9
2026-05-08T20:34:43.190+08:00 DEBUG 26852 --- [uscdip-backend] [nio-8080-exec-6] o.s.web.servlet.DispatcherServlet        : Detected org.springframework.web.servlet.support.SessionFlashMapManager@7c9be48a
2026-05-08T20:34:43.190+08:00 DEBUG 26852 --- [uscdip-backend] [nio-8080-exec-6] o.s.web.servlet.DispatcherServlet        : enableLoggingRequestDetails='false': request parameters and headers will be masked to prevent unsafe logging of potentially sensitive data
2026-05-08T20:34:43.190+08:00  INFO 26852 --- [uscdip-backend] [nio-8080-exec-6] o.s.web.servlet.DispatcherServlet        : Completed initialization in 4 ms
2026-05-08T20:34:43.216+08:00 DEBUG 26852 --- [uscdip-backend] [nio-8080-exec-6] org.hibernate.SQL                        : select tlee1_0.event_id,tlee1_0.actor_user_id,tlee1_0.client_ip,tlee1_0.detail,tlee1_0.event_time,tlee1_0.event_type,tlee1_0.latency_ms,tlee1_0.message_id,tlee1_0.object_id,tlee1_0.object_type,tlee1_0.parent_span_id,tlee1_0.recv_time,tlee1_0.route_path,tlee1_0.session_id,tlee1_0.source_module,tlee1_0.span_id,tlee1_0.stage,tlee1_0.status,tlee1_0.topic,tlee1_0.trace_id from trace_link_event tlee1_0 where tlee1_0.event_id=?
2026-05-08T20:34:43.236+08:00 DEBUG 26852 --- [uscdip-backend] [pool-2-thread-1] org.hibernate.SQL                        : select nde1_0.delivery_id,nde1_0.attempt_count,nde1_0.channel,nde1_0.created_at,nde1_0.last_error,nde1_0.next_retry_at,nde1_0.notification_id,nde1_0.sent_at,nde1_0.status,nde1_0.target,nde1_0.updated_at from notification_delivery nde1_0 where nde1_0.status=? and nde1_0.next_retry_at<=? order by nde1_0.next_retry_at
2026-05-08T20:34:43.243+08:00 DEBUG 26852 --- [uscdip-backend] [pool-2-thread-1] org.hibernate.SQL                        : select oee1_0.event_id,oee1_0.aggregate_id,oee1_0.aggregate_type,oee1_0.claimed_at,oee1_0.claimed_by,oee1_0.created_at,oee1_0.event_type,oee1_0.last_error,oee1_0.next_retry_time,oee1_0.payload,oee1_0.retry_count,oee1_0.sent_at,oee1_0.status,oee1_0.trace_id,oee1_0.updated_at from outbox_event oee1_0 where oee1_0.status=? and oee1_0.claimed_at<? order by oee1_0.created_at
2026-05-08T20:34:43.248+08:00 DEBUG 26852 --- [uscdip-backend] [pool-2-thread-1] org.hibernate.SQL                        : select oee1_0.event_id,oee1_0.aggregate_id,oee1_0.aggregate_type,oee1_0.claimed_at,oee1_0.claimed_by,oee1_0.created_at,oee1_0.event_type,oee1_0.last_error,oee1_0.next_retry_time,oee1_0.payload,oee1_0.retry_count,oee1_0.sent_at,oee1_0.status,oee1_0.trace_id,oee1_0.updated_at from outbox_event oee1_0 where oee1_0.status in (?,?) and oee1_0.next_retry_time<=? order by oee1_0.created_at fetch first ? rows only
2026-05-08T20:34:43.259+08:00  INFO 26852 --- [uscdip-backend] [pool-2-thread-1] c.u.b.service.LoggingOutboxDispatcher    : outbox dispatch eventId=OBE-WO-B22-DISPATCHED-001 eventType=WORK_ORDER_SEED_REFERENCE aggregateType=WORK_ORDER aggregateId=WO-B22-DISPATCHED-001 traceId=TRACE-WO-SEED-001
2026-05-08T20:34:43.263+08:00 DEBUG 26852 --- [uscdip-backend] [pool-2-thread-1] org.hibernate.SQL                        : select tlee1_0.event_id,tlee1_0.actor_user_id,tlee1_0.client_ip,tlee1_0.detail,tlee1_0.event_time,tlee1_0.event_type,tlee1_0.latency_ms,tlee1_0.message_id,tlee1_0.object_id,tlee1_0.object_type,tlee1_0.parent_span_id,tlee1_0.recv_time,tlee1_0.route_path,tlee1_0.session_id,tlee1_0.source_module,tlee1_0.span_id,tlee1_0.stage,tlee1_0.status,tlee1_0.topic,tlee1_0.trace_id from trace_link_event tlee1_0 where tlee1_0.event_id=?
2026-05-08T20:34:43.271+08:00 DEBUG 26852 --- [uscdip-backend] [           main] org.hibernate.SQL                        : select count(*) from object_geo_index ogie1_0
2026-05-08T20:34:43.273+08:00 DEBUG 26852 --- [uscdip-backend] [           main] o.s.b.a.ApplicationAvailabilityBean      : Application availability state ReadinessState changed to ACCEPTING_TRAFFIC
2026-05-08T20:34:43.276+08:00 DEBUG 26852 --- [uscdip-backend] [nio-8080-exec-6] org.hibernate.SQL                        : insert into trace_link_event (actor_user_id,client_ip,detail,event_time,event_type,latency_ms,message_id,object_id,object_type,parent_span_id,recv_time,route_path,session_id,source_module,span_id,stage,status,topic,trace_id,event_id) values (?,?,?,?,?,?,?,?,?,?,?,?,?,?,?,?,?,?,?,?)
2026-05-08T20:34:43.277+08:00 DEBUG 26852 --- [uscdip-backend] [pool-2-thread-1] org.hibernate.SQL                        : insert into trace_link_event (actor_user_id,client_ip,detail,event_time,event_type,latency_ms,message_id,object_id,object_type,parent_span_id,recv_time,route_path,session_id,source_module,span_id,stage,status,topic,trace_id,event_id) values (?,?,?,?,?,?,?,?,?,?,?,?,?,?,?,?,?,?,?,?)
2026-05-08T20:34:43.299+08:00 DEBUG 26852 --- [uscdip-backend] [pool-2-thread-1] org.hibernate.SQL                        : update outbox_event set aggregate_id=?,aggregate_type=?,claimed_at=?,claimed_by=?,created_at=?,event_type=?,last_error=?,next_retry_time=?,payload=?,retry_count=?,sent_at=?,status=?,trace_id=?,updated_at=? where event_id=?
2026-05-08T20:34:43.307+08:00 DEBUG 26852 --- [uscdip-backend] [pool-2-thread-1] org.hibernate.SQL                        : select twle1_0.write_log_id,twle1_0.attempt_no,twle1_0.created_at,twle1_0.duration_ms,twle1_0.failed_count,twle1_0.last_error,twle1_0.next_retry_at,twle1_0.requested_count,twle1_0.source_batch_id,twle1_0.status,twle1_0.success_count,twle1_0.trace_id,twle1_0.updated_at,twle1_0.write_type from ts_write_log twle1_0 where twle1_0.status in (?,?) and twle1_0.next_retry_at<=? order by twle1_0.created_at
2026-05-08T20:34:43.312+08:00 DEBUG 26852 --- [uscdip-backend] [pool-2-thread-1] org.hibernate.SQL                        : select nme1_0.notification_id,nme1_0.aggregate_id,nme1_0.aggregate_type,nme1_0.completed_at,nme1_0.content,nme1_0.created_at,nme1_0.event_type,nme1_0.idempotent_key,nme1_0.last_error,nme1_0.recipient_user_id,nme1_0.recipient_username,nme1_0.source_event_id,nme1_0.status,nme1_0.title,nme1_0.trace_id,nme1_0.updated_at from notification_message nme1_0 order by nme1_0.created_at desc,nme1_0.notification_id desc
2026-05-08T20:34:43.316+08:00 DEBUG 26852 --- [uscdip-backend] [pool-2-thread-1] org.hibernate.SQL                        : select osbe1_0.binding_id,osbe1_0.created_at,osbe1_0.object_id,osbe1_0.object_type,osbe1_0.owner_user_id,osbe1_0.owner_username,osbe1_0.region_id,osbe1_0.scope_level,osbe1_0.updated_at from object_scope_binding osbe1_0 where osbe1_0.object_type=? and osbe1_0.object_id=?
2026-05-08T20:34:43.319+08:00 DEBUG 26852 --- [uscdip-backend] [pool-2-thread-1] org.hibernate.SQL                        : select wspme1_0.seq_no,wspme1_0.content,wspme1_0.created_at,wspme1_0.message_id,wspme1_0.message_type,wspme1_0.payload,wspme1_0.recipient_user_id,wspme1_0.source_notification_id,wspme1_0.title,wspme1_0.topic,wspme1_0.trace_id from websocket_push_message wspme1_0 where wspme1_0.source_notification_id=? and wspme1_0.topic=?
2026-05-08T20:34:43.322+08:00 DEBUG 26852 --- [uscdip-backend] [pool-2-thread-1] org.hibernate.SQL                        : insert into websocket_push_message (content,created_at,message_id,message_type,payload,recipient_user_id,source_notification_id,title,topic,trace_id,seq_no) values (?,?,?,?,?,?,?,?,?,?,default)
2026-05-08T20:34:43.325+08:00 DEBUG 26852 --- [uscdip-backend] [nio-8080-exec-6] org.hibernate.SQL                        : select grpe1_0.policy_id,grpe1_0.audit_enabled,grpe1_0.auth_required,grpe1_0.created_at,grpe1_0.enabled,grpe1_0.http_method,grpe1_0.path_pattern,grpe1_0.rate_limit_capacity,grpe1_0.rate_limit_scope,grpe1_0.rate_limit_window_seconds,grpe1_0.risk_level,grpe1_0.route_code,grpe1_0.updated_at,grpe1_0.validation_profile from gateway_route_policy grpe1_0 where grpe1_0.enabled
2026-05-08T20:34:43.336+08:00 DEBUG 26852 --- [uscdip-backend] [nio-8080-exec-6] org.hibernate.SQL                        : select gcre1_0.rule_id,gcre1_0.created_at,gcre1_0.enabled,gcre1_0.expires_at,gcre1_0.reason,gcre1_0.rule_type,gcre1_0.subject_type,gcre1_0.subject_value,gcre1_0.updated_at from gateway_client_rule gcre1_0 where gcre1_0.enabled
2026-05-08T20:34:43.345+08:00 DEBUG 26852 --- [uscdip-backend] [nio-8080-exec-6] o.s.web.servlet.DispatcherServlet        : GET "/v3/api-docs", parameters={}
2026-05-08T20:34:43.348+08:00 DEBUG 26852 --- [uscdip-backend] [nio-8080-exec-6] s.w.s.m.m.a.RequestMappingHandlerMapping : Mapped to org.springdoc.webmvc.api.OpenApiWebMvcResource#openapiJson(HttpServletRequest, String, Locale)
2026-05-08T20:34:43.358+08:00 DEBUG 26852 --- [uscdip-backend] [pool-2-thread-1] org.hibernate.SQL                        : select tlee1_0.event_id,tlee1_0.actor_user_id,tlee1_0.client_ip,tlee1_0.detail,tlee1_0.event_time,tlee1_0.event_type,tlee1_0.latency_ms,tlee1_0.message_id,tlee1_0.object_id,tlee1_0.object_type,tlee1_0.parent_span_id,tlee1_0.recv_time,tlee1_0.route_path,tlee1_0.session_id,tlee1_0.source_module,tlee1_0.span_id,tlee1_0.stage,tlee1_0.status,tlee1_0.topic,tlee1_0.trace_id from trace_link_event tlee1_0 where tlee1_0.event_id=?
2026-05-08T20:34:43.359+08:00 DEBUG 26852 --- [uscdip-backend] [pool-2-thread-1] org.hibernate.SQL                        : insert into trace_link_event (actor_user_id,client_ip,detail,event_time,event_type,latency_ms,message_id,object_id,object_type,parent_span_id,recv_time,route_path,session_id,source_module,span_id,stage,status,topic,trace_id,event_id) values (?,?,?,?,?,?,?,?,?,?,?,?,?,?,?,?,?,?,?,?)
2026-05-08T20:34:43.366+08:00 DEBUG 26852 --- [uscdip-backend] [pool-2-thread-1] org.springframework.web.SimpLogging      : Processing MESSAGE destination=/user/U-INSPECT-001/queue/workorder.notifications session=null payload={"seqNo":1,"messageId":"WSP-ff0a3eb4-ae50-4997-8744-1bf569f0715d","topic":"user....(truncated)
2026-05-08T20:34:43.371+08:00 DEBUG 26852 --- [uscdip-backend] [pool-2-thread-1] org.hibernate.SQL                        : update websocket_push_message set content=?,created_at=?,message_id=?,message_type=?,payload=?,recipient_user_id=?,source_notification_id=?,title=?,topic=?,trace_id=? where seq_no=?
2026-05-08T20:34:43.372+08:00 DEBUG 26852 --- [uscdip-backend] [pool-2-thread-1] org.hibernate.SQL                        : select wspme1_0.seq_no,wspme1_0.content,wspme1_0.created_at,wspme1_0.message_id,wspme1_0.message_type,wspme1_0.payload,wspme1_0.recipient_user_id,wspme1_0.source_notification_id,wspme1_0.title,wspme1_0.topic,wspme1_0.trace_id from websocket_push_message wspme1_0 where wspme1_0.source_notification_id=? and wspme1_0.topic=?
2026-05-08T20:34:43.373+08:00 DEBUG 26852 --- [uscdip-backend] [pool-2-thread-1] org.hibernate.SQL                        : insert into websocket_push_message (content,created_at,message_id,message_type,payload,recipient_user_id,source_notification_id,title,topic,trace_id,seq_no) values (?,?,?,?,?,?,?,?,?,?,default)
2026-05-08T20:34:43.375+08:00 DEBUG 26852 --- [uscdip-backend] [pool-2-thread-1] org.hibernate.SQL                        : select tlee1_0.event_id,tlee1_0.actor_user_id,tlee1_0.client_ip,tlee1_0.detail,tlee1_0.event_time,tlee1_0.event_type,tlee1_0.latency_ms,tlee1_0.message_id,tlee1_0.object_id,tlee1_0.object_type,tlee1_0.parent_span_id,tlee1_0.recv_time,tlee1_0.route_path,tlee1_0.session_id,tlee1_0.source_module,tlee1_0.span_id,tlee1_0.stage,tlee1_0.status,tlee1_0.topic,tlee1_0.trace_id from trace_link_event tlee1_0 where tlee1_0.event_id=?
2026-05-08T20:34:43.375+08:00 DEBUG 26852 --- [uscdip-backend] [pool-2-thread-1] org.hibernate.SQL                        : insert into trace_link_event (actor_user_id,client_ip,detail,event_time,event_type,latency_ms,message_id,object_id,object_type,parent_span_id,recv_time,route_path,session_id,source_module,span_id,stage,status,topic,trace_id,event_id) values (?,?,?,?,?,?,?,?,?,?,?,?,?,?,?,?,?,?,?,?)
2026-05-08T20:34:43.376+08:00 DEBUG 26852 --- [uscdip-backend] [pool-2-thread-1] org.springframework.web.SimpLogging      : Processing MESSAGE destination=/topic/region.REGION-HZ.workorder.notifications session=null payload={"seqNo":2,"messageId":"WSP-6bcc43a7-d475-4e94-93df-cfc93d7fa51e","topic":"regio...(truncated)
2026-05-08T20:34:43.377+08:00 DEBUG 26852 --- [uscdip-backend] [pool-2-thread-1] org.hibernate.SQL                        : update websocket_push_message set content=?,created_at=?,message_id=?,message_type=?,payload=?,recipient_user_id=?,source_notification_id=?,title=?,topic=?,trace_id=? where seq_no=?
2026-05-08T20:34:43.380+08:00 DEBUG 26852 --- [uscdip-backend] [pool-2-thread-1] org.hibernate.SQL                        : select wsce1_0.connection_id,wsce1_0.client_ip,wsce1_0.close_reason,wsce1_0.connected_at,wsce1_0.disconnected_at,wsce1_0.last_seen_at,wsce1_0.status,wsce1_0.stomp_session_id,wsce1_0.user_agent,wsce1_0.user_id,wsce1_0.username from websocket_connection wsce1_0 where wsce1_0.status=? and wsce1_0.last_seen_at<?
2026-05-08T20:34:48.006+08:00  INFO 26852 --- [uscdip-backend] [nio-8080-exec-6] o.springdoc.api.AbstractOpenApiResource  : Init duration for springdoc-openapi is: 4628 ms
2026-05-08T20:34:48.043+08:00 DEBUG 26852 --- [uscdip-backend] [nio-8080-exec-6] m.m.a.RequestResponseBodyMethodProcessor : Using 'application/json', given [*/*] and supported [application/json]
2026-05-08T20:34:48.055+08:00 DEBUG 26852 --- [uscdip-backend] [nio-8080-exec-6] m.m.a.RequestResponseBodyMethodProcessor : Writing [{123, 34, 111, 112, 101, 110, 97, 112, 105, 34, 58, 34, 51, 46, 48, 46, 49, 34, 44, 34, 105, 110, 10 (truncated)...]
2026-05-08T20:34:48.062+08:00 DEBUG 26852 --- [uscdip-backend] [nio-8080-exec-6] .m.m.a.ExceptionHandlerExceptionResolver : Using @ExceptionHandler com.uscdip.backend.exception.GlobalExceptionHandler#handleGenericException(Exception)
2026-05-08T20:34:48.065+08:00 DEBUG 26852 --- [uscdip-backend] [nio-8080-exec-6] o.s.w.s.m.m.a.HttpEntityMethodProcessor  : Found 'Content-Type:application/json' in response
2026-05-08T20:34:48.071+08:00 DEBUG 26852 --- [uscdip-backend] [nio-8080-exec-6] o.s.w.s.m.m.a.HttpEntityMethodProcessor  : Writing [ApiResponse[success=false, data=null, error=ApiError[code=INTERNAL_ERROR, message=Internal server er (truncated)...]
2026-05-08T20:34:48.074+08:00 DEBUG 26852 --- [uscdip-backend] [nio-8080-exec-6] o.s.w.s.m.m.a.DisconnectedClient         : Looks like the client has gone away: org.apache.catalina.connector.ClientAbortException: java.io.IOException: 你的主机中的软件中止了一个已建立的连接。 (For a full stack trace, set the log category 'org.apache.commons.logging.LogAdapter$Slf4jLocationAwareLog@6ae1d142' to TRACE level.)
2026-05-08T20:34:48.075+08:00 DEBUG 26852 --- [uscdip-backend] [nio-8080-exec-6] .m.m.a.ExceptionHandlerExceptionResolver : Resolved [org.springframework.web.context.request.async.AsyncRequestNotUsableException: ServletOutputStream failed to write: java.io.IOException: 你的主机中的软件中止了一个已建立的连接。]
2026-05-08T20:34:48.075+08:00 DEBUG 26852 --- [uscdip-backend] [nio-8080-exec-6] o.s.web.servlet.DispatcherServlet        : Completed 200 OK
2026-05-08T20:34:48.077+08:00 DEBUG 26852 --- [uscdip-backend] [nio-8080-exec-6] org.hibernate.SQL                        : select tlee1_0.event_id,tlee1_0.actor_user_id,tlee1_0.client_ip,tlee1_0.detail,tlee1_0.event_time,tlee1_0.event_type,tlee1_0.latency_ms,tlee1_0.message_id,tlee1_0.object_id,tlee1_0.object_type,tlee1_0.parent_span_id,tlee1_0.recv_time,tlee1_0.route_path,tlee1_0.session_id,tlee1_0.source_module,tlee1_0.span_id,tlee1_0.stage,tlee1_0.status,tlee1_0.topic,tlee1_0.trace_id from trace_link_event tlee1_0 where tlee1_0.event_id=?
2026-05-08T20:34:48.078+08:00 DEBUG 26852 --- [uscdip-backend] [nio-8080-exec-6] org.hibernate.SQL                        : insert into trace_link_event (actor_user_id,client_ip,detail,event_time,event_type,latency_ms,message_id,object_id,object_type,parent_span_id,recv_time,route_path,session_id,source_module,span_id,stage,status,topic,trace_id,event_id) values (?,?,?,?,?,?,?,?,?,?,?,?,?,?,?,?,?,?,?,?)
2026-05-08T20:34:49.164+08:00 DEBUG 26852 --- [uscdip-backend] [nio-8080-exec-1] org.hibernate.SQL                        : select tlee1_0.event_id,tlee1_0.actor_user_id,tlee1_0.client_ip,tlee1_0.detail,tlee1_0.event_time,tlee1_0.event_type,tlee1_0.latency_ms,tlee1_0.message_id,tlee1_0.object_id,tlee1_0.object_type,tlee1_0.parent_span_id,tlee1_0.recv_time,tlee1_0.route_path,tlee1_0.session_id,tlee1_0.source_module,tlee1_0.span_id,tlee1_0.stage,tlee1_0.status,tlee1_0.topic,tlee1_0.trace_id from trace_link_event tlee1_0 where tlee1_0.event_id=?
2026-05-08T20:34:49.165+08:00 DEBUG 26852 --- [uscdip-backend] [nio-8080-exec-1] org.hibernate.SQL                        : insert into trace_link_event (actor_user_id,client_ip,detail,event_time,event_type,latency_ms,message_id,object_id,object_type,parent_span_id,recv_time,route_path,session_id,source_module,span_id,stage,status,topic,trace_id,event_id) values (?,?,?,?,?,?,?,?,?,?,?,?,?,?,?,?,?,?,?,?)
2026-05-08T20:34:49.168+08:00 DEBUG 26852 --- [uscdip-backend] [nio-8080-exec-1] org.hibernate.SQL                        : select grpe1_0.policy_id,grpe1_0.audit_enabled,grpe1_0.auth_required,grpe1_0.created_at,grpe1_0.enabled,grpe1_0.http_method,grpe1_0.path_pattern,grpe1_0.rate_limit_capacity,grpe1_0.rate_limit_scope,grpe1_0.rate_limit_window_seconds,grpe1_0.risk_level,grpe1_0.route_code,grpe1_0.updated_at,grpe1_0.validation_profile from gateway_route_policy grpe1_0 where grpe1_0.enabled
2026-05-08T20:34:49.175+08:00 DEBUG 26852 --- [uscdip-backend] [nio-8080-exec-1] org.hibernate.SQL                        : select gcre1_0.rule_id,gcre1_0.created_at,gcre1_0.enabled,gcre1_0.expires_at,gcre1_0.reason,gcre1_0.rule_type,gcre1_0.subject_type,gcre1_0.subject_value,gcre1_0.updated_at from gateway_client_rule gcre1_0 where gcre1_0.enabled
2026-05-08T20:34:49.176+08:00 DEBUG 26852 --- [uscdip-backend] [nio-8080-exec-1] o.s.web.servlet.DispatcherServlet        : GET "/v3/api-docs", parameters={}
2026-05-08T20:34:49.177+08:00 DEBUG 26852 --- [uscdip-backend] [nio-8080-exec-1] s.w.s.m.m.a.RequestMappingHandlerMapping : Mapped to org.springdoc.webmvc.api.OpenApiWebMvcResource#openapiJson(HttpServletRequest, String, Locale)
2026-05-08T20:34:49.184+08:00 DEBUG 26852 --- [uscdip-backend] [nio-8080-exec-1] m.m.a.RequestResponseBodyMethodProcessor : Using 'application/json', given [*/*] and supported [application/json]
2026-05-08T20:34:49.193+08:00 DEBUG 26852 --- [uscdip-backend] [nio-8080-exec-1] m.m.a.RequestResponseBodyMethodProcessor : Writing [{123, 34, 111, 112, 101, 110, 97, 112, 105, 34, 58, 34, 51, 46, 48, 46, 49, 34, 44, 34, 105, 110, 10 (truncated)...]
2026-05-08T20:34:49.196+08:00 DEBUG 26852 --- [uscdip-backend] [nio-8080-exec-1] o.s.web.servlet.DispatcherServlet        : Completed 200 OK
2026-05-08T20:34:49.197+08:00 DEBUG 26852 --- [uscdip-backend] [nio-8080-exec-1] org.hibernate.SQL                        : select tlee1_0.event_id,tlee1_0.actor_user_id,tlee1_0.client_ip,tlee1_0.detail,tlee1_0.event_time,tlee1_0.event_type,tlee1_0.latency_ms,tlee1_0.message_id,tlee1_0.object_id,tlee1_0.object_type,tlee1_0.parent_span_id,tlee1_0.recv_time,tlee1_0.route_path,tlee1_0.session_id,tlee1_0.source_module,tlee1_0.span_id,tlee1_0.stage,tlee1_0.status,tlee1_0.topic,tlee1_0.trace_id from trace_link_event tlee1_0 where tlee1_0.event_id=?
2026-05-08T20:34:49.198+08:00 DEBUG 26852 --- [uscdip-backend] [nio-8080-exec-1] org.hibernate.SQL                        : insert into trace_link_event (actor_user_id,client_ip,detail,event_time,event_type,latency_ms,message_id,object_id,object_type,parent_span_id,recv_time,route_path,session_id,source_module,span_id,stage,status,topic,trace_id,event_id) values (?,?,?,?,?,?,?,?,?,?,?,?,?,?,?,?,?,?,?,?)
2026-05-08T20:35:13.243+08:00 DEBUG 26852 --- [uscdip-backend] [pool-2-thread-1] org.hibernate.SQL                        : select nde1_0.delivery_id,nde1_0.attempt_count,nde1_0.channel,nde1_0.created_at,nde1_0.last_error,nde1_0.next_retry_at,nde1_0.notification_id,nde1_0.sent_at,nde1_0.status,nde1_0.target,nde1_0.updated_at from notification_delivery nde1_0 where nde1_0.status=? and nde1_0.next_retry_at<=? order by nde1_0.next_retry_at
2026-05-08T20:35:13.309+08:00 DEBUG 26852 --- [uscdip-backend] [pool-2-thread-1] org.hibernate.SQL                        : select oee1_0.event_id,oee1_0.aggregate_id,oee1_0.aggregate_type,oee1_0.claimed_at,oee1_0.claimed_by,oee1_0.created_at,oee1_0.event_type,oee1_0.last_error,oee1_0.next_retry_time,oee1_0.payload,oee1_0.retry_count,oee1_0.sent_at,oee1_0.status,oee1_0.trace_id,oee1_0.updated_at from outbox_event oee1_0 where oee1_0.status=? and oee1_0.claimed_at<? order by oee1_0.created_at
2026-05-08T20:35:13.311+08:00 DEBUG 26852 --- [uscdip-backend] [pool-2-thread-1] org.hibernate.SQL                        : select oee1_0.event_id,oee1_0.aggregate_id,oee1_0.aggregate_type,oee1_0.claimed_at,oee1_0.claimed_by,oee1_0.created_at,oee1_0.event_type,oee1_0.last_error,oee1_0.next_retry_time,oee1_0.payload,oee1_0.retry_count,oee1_0.sent_at,oee1_0.status,oee1_0.trace_id,oee1_0.updated_at from outbox_event oee1_0 where oee1_0.status in (?,?) and oee1_0.next_retry_time<=? order by oee1_0.created_at fetch first ? rows only
2026-05-08T20:35:13.313+08:00 DEBUG 26852 --- [uscdip-backend] [pool-2-thread-1] org.hibernate.SQL                        : select twle1_0.write_log_id,twle1_0.attempt_no,twle1_0.created_at,twle1_0.duration_ms,twle1_0.failed_count,twle1_0.last_error,twle1_0.next_retry_at,twle1_0.requested_count,twle1_0.source_batch_id,twle1_0.status,twle1_0.success_count,twle1_0.trace_id,twle1_0.updated_at,twle1_0.write_type from ts_write_log twle1_0 where twle1_0.status in (?,?) and twle1_0.next_retry_at<=? order by twle1_0.created_at
2026-05-08T20:35:13.379+08:00 DEBUG 26852 --- [uscdip-backend] [pool-2-thread-1] org.hibernate.SQL                        : select nme1_0.notification_id,nme1_0.aggregate_id,nme1_0.aggregate_type,nme1_0.completed_at,nme1_0.content,nme1_0.created_at,nme1_0.event_type,nme1_0.idempotent_key,nme1_0.last_error,nme1_0.recipient_user_id,nme1_0.recipient_username,nme1_0.source_event_id,nme1_0.status,nme1_0.title,nme1_0.trace_id,nme1_0.updated_at from notification_message nme1_0 order by nme1_0.created_at desc,nme1_0.notification_id desc
2026-05-08T20:35:13.382+08:00 DEBUG 26852 --- [uscdip-backend] [pool-2-thread-1] org.hibernate.SQL                        : select osbe1_0.binding_id,osbe1_0.created_at,osbe1_0.object_id,osbe1_0.object_type,osbe1_0.owner_user_id,osbe1_0.owner_username,osbe1_0.region_id,osbe1_0.scope_level,osbe1_0.updated_at from object_scope_binding osbe1_0 where osbe1_0.object_type=? and osbe1_0.object_id=?
2026-05-08T20:35:13.383+08:00 DEBUG 26852 --- [uscdip-backend] [pool-2-thread-1] org.hibernate.SQL                        : select wspme1_0.seq_no,wspme1_0.content,wspme1_0.created_at,wspme1_0.message_id,wspme1_0.message_type,wspme1_0.payload,wspme1_0.recipient_user_id,wspme1_0.source_notification_id,wspme1_0.title,wspme1_0.topic,wspme1_0.trace_id from websocket_push_message wspme1_0 where wspme1_0.source_notification_id=? and wspme1_0.topic=?
2026-05-08T20:35:13.384+08:00 DEBUG 26852 --- [uscdip-backend] [pool-2-thread-1] org.hibernate.SQL                        : select wspme1_0.seq_no,wspme1_0.content,wspme1_0.created_at,wspme1_0.message_id,wspme1_0.message_type,wspme1_0.payload,wspme1_0.recipient_user_id,wspme1_0.source_notification_id,wspme1_0.title,wspme1_0.topic,wspme1_0.trace_id from websocket_push_message wspme1_0 where wspme1_0.source_notification_id=? and wspme1_0.topic=?
2026-05-08T20:35:13.387+08:00 DEBUG 26852 --- [uscdip-backend] [pool-2-thread-1] org.hibernate.SQL                        : select wsce1_0.connection_id,wsce1_0.client_ip,wsce1_0.close_reason,wsce1_0.connected_at,wsce1_0.disconnected_at,wsce1_0.last_seen_at,wsce1_0.status,wsce1_0.stomp_session_id,wsce1_0.user_agent,wsce1_0.user_id,wsce1_0.username from websocket_connection wsce1_0 where wsce1_0.status=? and wsce1_0.last_seen_at<?
2026-05-08T20:35:23.560+08:00 DEBUG 26852 --- [uscdip-backend] [nio-8080-exec-2] org.hibernate.SQL                        : select tlee1_0.event_id,tlee1_0.actor_user_id,tlee1_0.client_ip,tlee1_0.detail,tlee1_0.event_time,tlee1_0.event_type,tlee1_0.latency_ms,tlee1_0.message_id,tlee1_0.object_id,tlee1_0.object_type,tlee1_0.parent_span_id,tlee1_0.recv_time,tlee1_0.route_path,tlee1_0.session_id,tlee1_0.source_module,tlee1_0.span_id,tlee1_0.stage,tlee1_0.status,tlee1_0.topic,tlee1_0.trace_id from trace_link_event tlee1_0 where tlee1_0.event_id=?
2026-05-08T20:35:23.561+08:00 DEBUG 26852 --- [uscdip-backend] [nio-8080-exec-2] org.hibernate.SQL                        : insert into trace_link_event (actor_user_id,client_ip,detail,event_time,event_type,latency_ms,message_id,object_id,object_type,parent_span_id,recv_time,route_path,session_id,source_module,span_id,stage,status,topic,trace_id,event_id) values (?,?,?,?,?,?,?,?,?,?,?,?,?,?,?,?,?,?,?,?)
2026-05-08T20:35:23.563+08:00 DEBUG 26852 --- [uscdip-backend] [nio-8080-exec-2] org.hibernate.SQL                        : select grpe1_0.policy_id,grpe1_0.audit_enabled,grpe1_0.auth_required,grpe1_0.created_at,grpe1_0.enabled,grpe1_0.http_method,grpe1_0.path_pattern,grpe1_0.rate_limit_capacity,grpe1_0.rate_limit_scope,grpe1_0.rate_limit_window_seconds,grpe1_0.risk_level,grpe1_0.route_code,grpe1_0.updated_at,grpe1_0.validation_profile from gateway_route_policy grpe1_0 where grpe1_0.enabled
2026-05-08T20:35:23.568+08:00 DEBUG 26852 --- [uscdip-backend] [nio-8080-exec-2] org.hibernate.SQL                        : select gcre1_0.rule_id,gcre1_0.created_at,gcre1_0.enabled,gcre1_0.expires_at,gcre1_0.reason,gcre1_0.rule_type,gcre1_0.subject_type,gcre1_0.subject_value,gcre1_0.updated_at from gateway_client_rule gcre1_0 where gcre1_0.enabled
2026-05-08T20:35:23.574+08:00 DEBUG 26852 --- [uscdip-backend] [nio-8080-exec-2] o.s.web.servlet.DispatcherServlet        : GET "/api/auth/login-url?redirectUri=http%3A%2F%2Flocalhost%3A5173%2Fauth%2Fcallback", parameters={masked}
2026-05-08T20:35:23.574+08:00 DEBUG 26852 --- [uscdip-backend] [nio-8080-exec-2] s.w.s.m.m.a.RequestMappingHandlerMapping : Mapped to com.uscdip.backend.controller.AuthController#getLoginUrl(String, HttpServletRequest)
2026-05-08T20:35:23.577+08:00 DEBUG 26852 --- [uscdip-backend] [nio-8080-exec-2] org.hibernate.SQL                        : select olse1_0.state,olse1_0.client_ip,olse1_0.code_verifier,olse1_0.consumed_at,olse1_0.created_at,olse1_0.expires_at,olse1_0.redirect_uri,olse1_0.status,olse1_0.user_agent from auth_oidc_state olse1_0 where olse1_0.status=?
2026-05-08T20:35:23.579+08:00 DEBUG 26852 --- [uscdip-backend] [nio-8080-exec-2] org.hibernate.SQL                        : select olse1_0.state,olse1_0.client_ip,olse1_0.code_verifier,olse1_0.consumed_at,olse1_0.created_at,olse1_0.expires_at,olse1_0.redirect_uri,olse1_0.status,olse1_0.user_agent from auth_oidc_state olse1_0 where olse1_0.state=?
2026-05-08T20:35:23.581+08:00 DEBUG 26852 --- [uscdip-backend] [nio-8080-exec-2] org.hibernate.SQL                        : insert into auth_oidc_state (client_ip,code_verifier,consumed_at,created_at,expires_at,redirect_uri,status,user_agent,state) values (?,?,?,?,?,?,?,?,?)
2026-05-08T20:35:23.582+08:00 DEBUG 26852 --- [uscdip-backend] [nio-8080-exec-2] m.m.a.RequestResponseBodyMethodProcessor : Using 'application/json', given [*/*] and supported [application/json, application/*+json]
2026-05-08T20:35:23.583+08:00 DEBUG 26852 --- [uscdip-backend] [nio-8080-exec-2] m.m.a.RequestResponseBodyMethodProcessor : Writing [ApiResponse[success=true, data=AuthLoginDescriptor[enabled=true, registrationId=keycloak, authorizat (truncated)...]
2026-05-08T20:35:23.585+08:00 DEBUG 26852 --- [uscdip-backend] [nio-8080-exec-2] o.s.web.servlet.DispatcherServlet        : Completed 200 OK
2026-05-08T20:35:23.586+08:00 DEBUG 26852 --- [uscdip-backend] [nio-8080-exec-2] org.hibernate.SQL                        : select tlee1_0.event_id,tlee1_0.actor_user_id,tlee1_0.client_ip,tlee1_0.detail,tlee1_0.event_time,tlee1_0.event_type,tlee1_0.latency_ms,tlee1_0.message_id,tlee1_0.object_id,tlee1_0.object_type,tlee1_0.parent_span_id,tlee1_0.recv_time,tlee1_0.route_path,tlee1_0.session_id,tlee1_0.source_module,tlee1_0.span_id,tlee1_0.stage,tlee1_0.status,tlee1_0.topic,tlee1_0.trace_id from trace_link_event tlee1_0 where tlee1_0.event_id=?
2026-05-08T20:35:23.587+08:00 DEBUG 26852 --- [uscdip-backend] [nio-8080-exec-2] org.hibernate.SQL                        : insert into trace_link_event (actor_user_id,client_ip,detail,event_time,event_type,latency_ms,message_id,object_id,object_type,parent_span_id,recv_time,route_path,session_id,source_module,span_id,stage,status,topic,trace_id,event_id) values (?,?,?,?,?,?,?,?,?,?,?,?,?,?,?,?,?,?,?,?)
2026-05-08T20:35:42.931+08:00  INFO 26852 --- [uscdip-backend] [MessageBroker-1] o.s.w.s.c.WebSocketMessageBrokerStats    : WebSocketSession[0 current WS(0)-HttpStream(0)-HttpPoll(0), 0 total, 0 closed abnormally (0 connect failure, 0 send limit, 0 transport error)], stompSubProtocol[processed CONNECT(0)-CONNECTED(0)-DISCONNECT(0)], stompBrokerRelay[null], inboundChannel[pool size = 0, active threads = 0, queued tasks = 0, completed tasks = 0], outboundChannel[pool size = 0, active threads = 0, queued tasks = 0, completed tasks = 0], sockJsScheduler[pool size = 1, active threads = 1, queued tasks = 0, completed tasks = 0]
2026-05-08T20:35:43.234+08:00 DEBUG 26852 --- [uscdip-backend] [pool-2-thread-1] org.hibernate.SQL                        : select ace1_0.case_id,ace1_0.case_status,ace1_0.created_at,ace1_0.decision_snapshot,ace1_0.dedupe_key,ace1_0.device_id,ace1_0.escalation_level,ace1_0.first_alert_id,ace1_0.first_triggered_at,ace1_0.hit_count,ace1_0.last_alert_id,ace1_0.last_triggered_at,ace1_0.node_id,ace1_0.recovered_at,ace1_0.rule_code,ace1_0.segment_id,ace1_0.severity_current,ace1_0.suppressed_until,ace1_0.trace_id,ace1_0.unsuppressed_hit_count,ace1_0.updated_at from alert_case ace1_0 where ace1_0.case_status in (?,?,?,?,?) and ace1_0.last_triggered_at<?
2026-05-08T20:35:43.248+08:00 DEBUG 26852 --- [uscdip-backend] [pool-2-thread-1] org.hibernate.SQL                        : select nde1_0.delivery_id,nde1_0.attempt_count,nde1_0.channel,nde1_0.created_at,nde1_0.last_error,nde1_0.next_retry_at,nde1_0.notification_id,nde1_0.sent_at,nde1_0.status,nde1_0.target,nde1_0.updated_at from notification_delivery nde1_0 where nde1_0.status=? and nde1_0.next_retry_at<=? order by nde1_0.next_retry_at
2026-05-08T20:35:43.315+08:00 DEBUG 26852 --- [uscdip-backend] [pool-2-thread-1] org.hibernate.SQL                        : select oee1_0.event_id,oee1_0.aggregate_id,oee1_0.aggregate_type,oee1_0.claimed_at,oee1_0.claimed_by,oee1_0.created_at,oee1_0.event_type,oee1_0.last_error,oee1_0.next_retry_time,oee1_0.payload,oee1_0.retry_count,oee1_0.sent_at,oee1_0.status,oee1_0.trace_id,oee1_0.updated_at from outbox_event oee1_0 where oee1_0.status=? and oee1_0.claimed_at<? order by oee1_0.created_at
2026-05-08T20:35:43.317+08:00 DEBUG 26852 --- [uscdip-backend] [pool-2-thread-1] org.hibernate.SQL                        : select oee1_0.event_id,oee1_0.aggregate_id,oee1_0.aggregate_type,oee1_0.claimed_at,oee1_0.claimed_by,oee1_0.created_at,oee1_0.event_type,oee1_0.last_error,oee1_0.next_retry_time,oee1_0.payload,oee1_0.retry_count,oee1_0.sent_at,oee1_0.status,oee1_0.trace_id,oee1_0.updated_at from outbox_event oee1_0 where oee1_0.status in (?,?) and oee1_0.next_retry_time<=? order by oee1_0.created_at fetch first ? rows only
2026-05-08T20:35:43.319+08:00 DEBUG 26852 --- [uscdip-backend] [pool-2-thread-1] org.hibernate.SQL                        : select twle1_0.write_log_id,twle1_0.attempt_no,twle1_0.created_at,twle1_0.duration_ms,twle1_0.failed_count,twle1_0.last_error,twle1_0.next_retry_at,twle1_0.requested_count,twle1_0.source_batch_id,twle1_0.status,twle1_0.success_count,twle1_0.trace_id,twle1_0.updated_at,twle1_0.write_type from ts_write_log twle1_0 where twle1_0.status in (?,?) and twle1_0.next_retry_at<=? order by twle1_0.created_at
2026-05-08T20:35:43.387+08:00 DEBUG 26852 --- [uscdip-backend] [pool-2-thread-1] org.hibernate.SQL                        : select nme1_0.notification_id,nme1_0.aggregate_id,nme1_0.aggregate_type,nme1_0.completed_at,nme1_0.content,nme1_0.created_at,nme1_0.event_type,nme1_0.idempotent_key,nme1_0.last_error,nme1_0.recipient_user_id,nme1_0.recipient_username,nme1_0.source_event_id,nme1_0.status,nme1_0.title,nme1_0.trace_id,nme1_0.updated_at from notification_message nme1_0 order by nme1_0.created_at desc,nme1_0.notification_id desc
2026-05-08T20:35:43.389+08:00 DEBUG 26852 --- [uscdip-backend] [pool-2-thread-1] org.hibernate.SQL                        : select osbe1_0.binding_id,osbe1_0.created_at,osbe1_0.object_id,osbe1_0.object_type,osbe1_0.owner_user_id,osbe1_0.owner_username,osbe1_0.region_id,osbe1_0.scope_level,osbe1_0.updated_at from object_scope_binding osbe1_0 where osbe1_0.object_type=? and osbe1_0.object_id=?
2026-05-08T20:35:43.392+08:00 DEBUG 26852 --- [uscdip-backend] [pool-2-thread-1] org.hibernate.SQL                        : select wspme1_0.seq_no,wspme1_0.content,wspme1_0.created_at,wspme1_0.message_id,wspme1_0.message_type,wspme1_0.payload,wspme1_0.recipient_user_id,wspme1_0.source_notification_id,wspme1_0.title,wspme1_0.topic,wspme1_0.trace_id from websocket_push_message wspme1_0 where wspme1_0.source_notification_id=? and wspme1_0.topic=?
2026-05-08T20:35:43.393+08:00 DEBUG 26852 --- [uscdip-backend] [pool-2-thread-1] org.hibernate.SQL                        : select wspme1_0.seq_no,wspme1_0.content,wspme1_0.created_at,wspme1_0.message_id,wspme1_0.message_type,wspme1_0.payload,wspme1_0.recipient_user_id,wspme1_0.source_notification_id,wspme1_0.title,wspme1_0.topic,wspme1_0.trace_id from websocket_push_message wspme1_0 where wspme1_0.source_notification_id=? and wspme1_0.topic=?
2026-05-08T20:35:43.394+08:00 DEBUG 26852 --- [uscdip-backend] [pool-2-thread-1] org.hibernate.SQL                        : select wsce1_0.connection_id,wsce1_0.client_ip,wsce1_0.close_reason,wsce1_0.connected_at,wsce1_0.disconnected_at,wsce1_0.last_seen_at,wsce1_0.status,wsce1_0.stomp_session_id,wsce1_0.user_agent,wsce1_0.user_id,wsce1_0.username from websocket_connection wsce1_0 where wsce1_0.status=? and wsce1_0.last_seen_at<?
2026-05-08T20:35:47.278+08:00 DEBUG 26852 --- [uscdip-backend] [nio-8080-exec-8] org.hibernate.SQL                        : select tlee1_0.event_id,tlee1_0.actor_user_id,tlee1_0.client_ip,tlee1_0.detail,tlee1_0.event_time,tlee1_0.event_type,tlee1_0.latency_ms,tlee1_0.message_id,tlee1_0.object_id,tlee1_0.object_type,tlee1_0.parent_span_id,tlee1_0.recv_time,tlee1_0.route_path,tlee1_0.session_id,tlee1_0.source_module,tlee1_0.span_id,tlee1_0.stage,tlee1_0.status,tlee1_0.topic,tlee1_0.trace_id from trace_link_event tlee1_0 where tlee1_0.event_id=?
2026-05-08T20:35:47.281+08:00 DEBUG 26852 --- [uscdip-backend] [nio-8080-exec-8] org.hibernate.SQL                        : insert into trace_link_event (actor_user_id,client_ip,detail,event_time,event_type,latency_ms,message_id,object_id,object_type,parent_span_id,recv_time,route_path,session_id,source_module,span_id,stage,status,topic,trace_id,event_id) values (?,?,?,?,?,?,?,?,?,?,?,?,?,?,?,?,?,?,?,?)
2026-05-08T20:35:47.283+08:00 DEBUG 26852 --- [uscdip-backend] [nio-8080-exec-8] org.hibernate.SQL                        : select grpe1_0.policy_id,grpe1_0.audit_enabled,grpe1_0.auth_required,grpe1_0.created_at,grpe1_0.enabled,grpe1_0.http_method,grpe1_0.path_pattern,grpe1_0.rate_limit_capacity,grpe1_0.rate_limit_scope,grpe1_0.rate_limit_window_seconds,grpe1_0.risk_level,grpe1_0.route_code,grpe1_0.updated_at,grpe1_0.validation_profile from gateway_route_policy grpe1_0 where grpe1_0.enabled
2026-05-08T20:35:47.289+08:00 DEBUG 26852 --- [uscdip-backend] [nio-8080-exec-8] org.hibernate.SQL                        : select gcre1_0.rule_id,gcre1_0.created_at,gcre1_0.enabled,gcre1_0.expires_at,gcre1_0.reason,gcre1_0.rule_type,gcre1_0.subject_type,gcre1_0.subject_value,gcre1_0.updated_at from gateway_client_rule gcre1_0 where gcre1_0.enabled
2026-05-08T20:35:47.291+08:00 DEBUG 26852 --- [uscdip-backend] [nio-8080-exec-8] o.s.web.servlet.DispatcherServlet        : GET "/api/auth/login-url?redirectUri=http://localhost:5173/auth/callback", parameters={masked}
2026-05-08T20:35:47.291+08:00 DEBUG 26852 --- [uscdip-backend] [nio-8080-exec-8] s.w.s.m.m.a.RequestMappingHandlerMapping : Mapped to com.uscdip.backend.controller.AuthController#getLoginUrl(String, HttpServletRequest)
2026-05-08T20:35:47.292+08:00 DEBUG 26852 --- [uscdip-backend] [nio-8080-exec-8] org.hibernate.SQL                        : select olse1_0.state,olse1_0.client_ip,olse1_0.code_verifier,olse1_0.consumed_at,olse1_0.created_at,olse1_0.expires_at,olse1_0.redirect_uri,olse1_0.status,olse1_0.user_agent from auth_oidc_state olse1_0 where olse1_0.status=?
2026-05-08T20:35:47.294+08:00 DEBUG 26852 --- [uscdip-backend] [nio-8080-exec-8] org.hibernate.SQL                        : select olse1_0.state,olse1_0.client_ip,olse1_0.code_verifier,olse1_0.consumed_at,olse1_0.created_at,olse1_0.expires_at,olse1_0.redirect_uri,olse1_0.status,olse1_0.user_agent from auth_oidc_state olse1_0 where olse1_0.state=?
2026-05-08T20:35:47.295+08:00 DEBUG 26852 --- [uscdip-backend] [nio-8080-exec-8] org.hibernate.SQL                        : insert into auth_oidc_state (client_ip,code_verifier,consumed_at,created_at,expires_at,redirect_uri,status,user_agent,state) values (?,?,?,?,?,?,?,?,?)
2026-05-08T20:35:47.295+08:00 DEBUG 26852 --- [uscdip-backend] [nio-8080-exec-8] m.m.a.RequestResponseBodyMethodProcessor : Using 'application/json', given [*/*] and supported [application/json, application/*+json]
2026-05-08T20:35:47.296+08:00 DEBUG 26852 --- [uscdip-backend] [nio-8080-exec-8] m.m.a.RequestResponseBodyMethodProcessor : Writing [ApiResponse[success=true, data=AuthLoginDescriptor[enabled=true, registrationId=keycloak, authorizat (truncated)...]
2026-05-08T20:35:47.297+08:00 DEBUG 26852 --- [uscdip-backend] [nio-8080-exec-8] o.s.web.servlet.DispatcherServlet        : Completed 200 OK
2026-05-08T20:35:47.298+08:00 DEBUG 26852 --- [uscdip-backend] [nio-8080-exec-8] org.hibernate.SQL                        : select tlee1_0.event_id,tlee1_0.actor_user_id,tlee1_0.client_ip,tlee1_0.detail,tlee1_0.event_time,tlee1_0.event_type,tlee1_0.latency_ms,tlee1_0.message_id,tlee1_0.object_id,tlee1_0.object_type,tlee1_0.parent_span_id,tlee1_0.recv_time,tlee1_0.route_path,tlee1_0.session_id,tlee1_0.source_module,tlee1_0.span_id,tlee1_0.stage,tlee1_0.status,tlee1_0.topic,tlee1_0.trace_id from trace_link_event tlee1_0 where tlee1_0.event_id=?
2026-05-08T20:35:47.298+08:00 DEBUG 26852 --- [uscdip-backend] [nio-8080-exec-8] org.hibernate.SQL                        : insert into trace_link_event (actor_user_id,client_ip,detail,event_time,event_type,latency_ms,message_id,object_id,object_type,parent_span_id,recv_time,route_path,session_id,source_module,span_id,stage,status,topic,trace_id,event_id) values (?,?,?,?,?,?,?,?,?,?,?,?,?,?,?,?,?,?,?,?)
2026-05-08T20:35:47.699+08:00 DEBUG 26852 --- [uscdip-backend] [nio-8080-exec-4] org.hibernate.SQL                        : select tlee1_0.event_id,tlee1_0.actor_user_id,tlee1_0.client_ip,tlee1_0.detail,tlee1_0.event_time,tlee1_0.event_type,tlee1_0.latency_ms,tlee1_0.message_id,tlee1_0.object_id,tlee1_0.object_type,tlee1_0.parent_span_id,tlee1_0.recv_time,tlee1_0.route_path,tlee1_0.session_id,tlee1_0.source_module,tlee1_0.span_id,tlee1_0.stage,tlee1_0.status,tlee1_0.topic,tlee1_0.trace_id from trace_link_event tlee1_0 where tlee1_0.event_id=?
2026-05-08T20:35:47.700+08:00 DEBUG 26852 --- [uscdip-backend] [nio-8080-exec-4] org.hibernate.SQL                        : insert into trace_link_event (actor_user_id,client_ip,detail,event_time,event_type,latency_ms,message_id,object_id,object_type,parent_span_id,recv_time,route_path,session_id,source_module,span_id,stage,status,topic,trace_id,event_id) values (?,?,?,?,?,?,?,?,?,?,?,?,?,?,?,?,?,?,?,?)
2026-05-08T20:35:47.703+08:00 DEBUG 26852 --- [uscdip-backend] [nio-8080-exec-4] org.hibernate.SQL                        : select grpe1_0.policy_id,grpe1_0.audit_enabled,grpe1_0.auth_required,grpe1_0.created_at,grpe1_0.enabled,grpe1_0.http_method,grpe1_0.path_pattern,grpe1_0.rate_limit_capacity,grpe1_0.rate_limit_scope,grpe1_0.rate_limit_window_seconds,grpe1_0.risk_level,grpe1_0.route_code,grpe1_0.updated_at,grpe1_0.validation_profile from gateway_route_policy grpe1_0 where grpe1_0.enabled
2026-05-08T20:35:47.707+08:00 DEBUG 26852 --- [uscdip-backend] [nio-8080-exec-4] org.hibernate.SQL                        : select gcre1_0.rule_id,gcre1_0.created_at,gcre1_0.enabled,gcre1_0.expires_at,gcre1_0.reason,gcre1_0.rule_type,gcre1_0.subject_type,gcre1_0.subject_value,gcre1_0.updated_at from gateway_client_rule gcre1_0 where gcre1_0.enabled
2026-05-08T20:35:47.709+08:00 DEBUG 26852 --- [uscdip-backend] [nio-8080-exec-4] o.s.web.servlet.DispatcherServlet        : POST "/api/auth/callback", parameters={}
2026-05-08T20:35:47.709+08:00 DEBUG 26852 --- [uscdip-backend] [nio-8080-exec-4] s.w.s.m.m.a.RequestMappingHandlerMapping : Mapped to com.uscdip.backend.controller.AuthController#callback(AuthCallbackRequest, HttpServletRequest)
2026-05-08T20:35:47.714+08:00 DEBUG 26852 --- [uscdip-backend] [nio-8080-exec-4] m.m.a.RequestResponseBodyMethodProcessor : Read "application/json;charset=UTF-8" to [AuthCallbackRequest[code=fake-code-for-state-validation, state=zqYjYNvouzXPuOFgVzJRvPFxtzpbaRNQ6fqYF (truncated)...]
2026-05-08T20:35:47.796+08:00 DEBUG 26852 --- [uscdip-backend] [nio-8080-exec-4] org.hibernate.SQL                        : select olse1_0.state,olse1_0.client_ip,olse1_0.code_verifier,olse1_0.consumed_at,olse1_0.created_at,olse1_0.expires_at,olse1_0.redirect_uri,olse1_0.status,olse1_0.user_agent from auth_oidc_state olse1_0 where olse1_0.state=?
2026-05-08T20:35:47.814+08:00 DEBUG 26852 --- [uscdip-backend] [nio-8080-exec-4] o.s.web.client.RestTemplate              : HTTP POST http://localhost:8081/realms/uscdip/protocol/openid-connect/token
2026-05-08T20:35:47.817+08:00 DEBUG 26852 --- [uscdip-backend] [nio-8080-exec-4] o.s.web.client.RestTemplate              : Accept=[application/json, application/*+json]
2026-05-08T20:35:47.818+08:00 DEBUG 26852 --- [uscdip-backend] [nio-8080-exec-4] o.s.web.client.RestTemplate              : Writing [{grant_type=[authorization_code], code=[fake-code-for-state-validation], redirect_uri=[http://localhost:5173/auth/callback], code_verifier=[gUs53lbY0tbKTXv-jDT-lw8YTdi5UiR5n1uLN1pva0tJj8QFKv5i5L2yI69JFY0g]}] as "application/x-www-form-urlencoded"
2026-05-08T20:35:47.935+08:00 DEBUG 26852 --- [uscdip-backend] [nio-8080-exec-4] o.s.web.client.RestTemplate              : Response 400 BAD_REQUEST
2026-05-08T20:35:47.944+08:00 DEBUG 26852 --- [uscdip-backend] [nio-8080-exec-4] .m.m.a.ExceptionHandlerExceptionResolver : Using @ExceptionHandler com.uscdip.backend.exception.GlobalExceptionHandler#handleGenericException(Exception)
2026-05-08T20:35:47.945+08:00 DEBUG 26852 --- [uscdip-backend] [nio-8080-exec-4] o.s.w.s.m.m.a.HttpEntityMethodProcessor  : Using 'application/json', given [*/*] and supported [application/json, application/*+json]
2026-05-08T20:35:47.945+08:00 DEBUG 26852 --- [uscdip-backend] [nio-8080-exec-4] o.s.w.s.m.m.a.HttpEntityMethodProcessor  : Writing [ApiResponse[success=false, data=null, error=ApiError[code=INTERNAL_ERROR, message=Internal server er (truncated)...]
2026-05-08T20:35:47.945+08:00 DEBUG 26852 --- [uscdip-backend] [nio-8080-exec-4] .m.m.a.ExceptionHandlerExceptionResolver : Resolved [org.springframework.web.client.HttpClientErrorException$BadRequest: 400 Bad Request: "{"error":"invalid_grant","error_description":"Code not valid"}"]
2026-05-08T20:35:47.946+08:00 DEBUG 26852 --- [uscdip-backend] [nio-8080-exec-4] o.s.web.servlet.DispatcherServlet        : Completed 500 INTERNAL_SERVER_ERROR
2026-05-08T20:35:47.947+08:00 DEBUG 26852 --- [uscdip-backend] [nio-8080-exec-4] org.hibernate.SQL                        : select tlee1_0.event_id,tlee1_0.actor_user_id,tlee1_0.client_ip,tlee1_0.detail,tlee1_0.event_time,tlee1_0.event_type,tlee1_0.latency_ms,tlee1_0.message_id,tlee1_0.object_id,tlee1_0.object_type,tlee1_0.parent_span_id,tlee1_0.recv_time,tlee1_0.route_path,tlee1_0.session_id,tlee1_0.source_module,tlee1_0.span_id,tlee1_0.stage,tlee1_0.status,tlee1_0.topic,tlee1_0.trace_id from trace_link_event tlee1_0 where tlee1_0.event_id=?
2026-05-08T20:35:47.948+08:00 DEBUG 26852 --- [uscdip-backend] [nio-8080-exec-4] org.hibernate.SQL                        : insert into trace_link_event (actor_user_id,client_ip,detail,event_time,event_type,latency_ms,message_id,object_id,object_type,parent_span_id,recv_time,route_path,session_id,source_module,span_id,stage,status,topic,trace_id,event_id) values (?,?,?,?,?,?,?,?,?,?,?,?,?,?,?,?,?,?,?,?)
2026-05-08T20:35:59.600+08:00 DEBUG 26852 --- [uscdip-backend] [nio-8080-exec-9] org.hibernate.SQL                        : select tlee1_0.event_id,tlee1_0.actor_user_id,tlee1_0.client_ip,tlee1_0.detail,tlee1_0.event_time,tlee1_0.event_type,tlee1_0.latency_ms,tlee1_0.message_id,tlee1_0.object_id,tlee1_0.object_type,tlee1_0.parent_span_id,tlee1_0.recv_time,tlee1_0.route_path,tlee1_0.session_id,tlee1_0.source_module,tlee1_0.span_id,tlee1_0.stage,tlee1_0.status,tlee1_0.topic,tlee1_0.trace_id from trace_link_event tlee1_0 where tlee1_0.event_id=?
2026-05-08T20:35:59.603+08:00 DEBUG 26852 --- [uscdip-backend] [nio-8080-exec-9] org.hibernate.SQL                        : insert into trace_link_event (actor_user_id,client_ip,detail,event_time,event_type,latency_ms,message_id,object_id,object_type,parent_span_id,recv_time,route_path,session_id,source_module,span_id,stage,status,topic,trace_id,event_id) values (?,?,?,?,?,?,?,?,?,?,?,?,?,?,?,?,?,?,?,?)
2026-05-08T20:35:59.605+08:00 DEBUG 26852 --- [uscdip-backend] [nio-8080-exec-9] org.hibernate.SQL                        : select grpe1_0.policy_id,grpe1_0.audit_enabled,grpe1_0.auth_required,grpe1_0.created_at,grpe1_0.enabled,grpe1_0.http_method,grpe1_0.path_pattern,grpe1_0.rate_limit_capacity,grpe1_0.rate_limit_scope,grpe1_0.rate_limit_window_seconds,grpe1_0.risk_level,grpe1_0.route_code,grpe1_0.updated_at,grpe1_0.validation_profile from gateway_route_policy grpe1_0 where grpe1_0.enabled
2026-05-08T20:35:59.607+08:00 DEBUG 26852 --- [uscdip-backend] [nio-8080-exec-9] org.hibernate.SQL                        : select gcre1_0.rule_id,gcre1_0.created_at,gcre1_0.enabled,gcre1_0.expires_at,gcre1_0.reason,gcre1_0.rule_type,gcre1_0.subject_type,gcre1_0.subject_value,gcre1_0.updated_at from gateway_client_rule gcre1_0 where gcre1_0.enabled
2026-05-08T20:35:59.610+08:00 DEBUG 26852 --- [uscdip-backend] [nio-8080-exec-9] o.s.web.servlet.DispatcherServlet        : GET "/api/auth/login-url?redirectUri=http://localhost:5173/auth/callback", parameters={masked}
2026-05-08T20:35:59.611+08:00 DEBUG 26852 --- [uscdip-backend] [nio-8080-exec-9] s.w.s.m.m.a.RequestMappingHandlerMapping : Mapped to com.uscdip.backend.controller.AuthController#getLoginUrl(String, HttpServletRequest)
2026-05-08T20:35:59.612+08:00 DEBUG 26852 --- [uscdip-backend] [nio-8080-exec-9] org.hibernate.SQL                        : select olse1_0.state,olse1_0.client_ip,olse1_0.code_verifier,olse1_0.consumed_at,olse1_0.created_at,olse1_0.expires_at,olse1_0.redirect_uri,olse1_0.status,olse1_0.user_agent from auth_oidc_state olse1_0 where olse1_0.status=?
2026-05-08T20:35:59.613+08:00 DEBUG 26852 --- [uscdip-backend] [nio-8080-exec-9] org.hibernate.SQL                        : select olse1_0.state,olse1_0.client_ip,olse1_0.code_verifier,olse1_0.consumed_at,olse1_0.created_at,olse1_0.expires_at,olse1_0.redirect_uri,olse1_0.status,olse1_0.user_agent from auth_oidc_state olse1_0 where olse1_0.state=?
2026-05-08T20:35:59.615+08:00 DEBUG 26852 --- [uscdip-backend] [nio-8080-exec-9] org.hibernate.SQL                        : insert into auth_oidc_state (client_ip,code_verifier,consumed_at,created_at,expires_at,redirect_uri,status,user_agent,state) values (?,?,?,?,?,?,?,?,?)
2026-05-08T20:35:59.616+08:00 DEBUG 26852 --- [uscdip-backend] [nio-8080-exec-9] m.m.a.RequestResponseBodyMethodProcessor : Using 'application/json', given [*/*] and supported [application/json, application/*+json]
2026-05-08T20:35:59.616+08:00 DEBUG 26852 --- [uscdip-backend] [nio-8080-exec-9] m.m.a.RequestResponseBodyMethodProcessor : Writing [ApiResponse[success=true, data=AuthLoginDescriptor[enabled=true, registrationId=keycloak, authorizat (truncated)...]
2026-05-08T20:35:59.618+08:00 DEBUG 26852 --- [uscdip-backend] [nio-8080-exec-9] o.s.web.servlet.DispatcherServlet        : Completed 200 OK
2026-05-08T20:35:59.619+08:00 DEBUG 26852 --- [uscdip-backend] [nio-8080-exec-9] org.hibernate.SQL                        : select tlee1_0.event_id,tlee1_0.actor_user_id,tlee1_0.client_ip,tlee1_0.detail,tlee1_0.event_time,tlee1_0.event_type,tlee1_0.latency_ms,tlee1_0.message_id,tlee1_0.object_id,tlee1_0.object_type,tlee1_0.parent_span_id,tlee1_0.recv_time,tlee1_0.route_path,tlee1_0.session_id,tlee1_0.source_module,tlee1_0.span_id,tlee1_0.stage,tlee1_0.status,tlee1_0.topic,tlee1_0.trace_id from trace_link_event tlee1_0 where tlee1_0.event_id=?
2026-05-08T20:35:59.619+08:00 DEBUG 26852 --- [uscdip-backend] [nio-8080-exec-9] org.hibernate.SQL                        : insert into trace_link_event (actor_user_id,client_ip,detail,event_time,event_type,latency_ms,message_id,object_id,object_type,parent_span_id,recv_time,route_path,session_id,source_module,span_id,stage,status,topic,trace_id,event_id) values (?,?,?,?,?,?,?,?,?,?,?,?,?,?,?,?,?,?,?,?)
2026-05-08T20:36:00.258+08:00 DEBUG 26852 --- [uscdip-backend] [nio-8080-exec-6] org.hibernate.SQL                        : select tlee1_0.event_id,tlee1_0.actor_user_id,tlee1_0.client_ip,tlee1_0.detail,tlee1_0.event_time,tlee1_0.event_type,tlee1_0.latency_ms,tlee1_0.message_id,tlee1_0.object_id,tlee1_0.object_type,tlee1_0.parent_span_id,tlee1_0.recv_time,tlee1_0.route_path,tlee1_0.session_id,tlee1_0.source_module,tlee1_0.span_id,tlee1_0.stage,tlee1_0.status,tlee1_0.topic,tlee1_0.trace_id from trace_link_event tlee1_0 where tlee1_0.event_id=?
2026-05-08T20:36:00.259+08:00 DEBUG 26852 --- [uscdip-backend] [nio-8080-exec-6] org.hibernate.SQL                        : insert into trace_link_event (actor_user_id,client_ip,detail,event_time,event_type,latency_ms,message_id,object_id,object_type,parent_span_id,recv_time,route_path,session_id,source_module,span_id,stage,status,topic,trace_id,event_id) values (?,?,?,?,?,?,?,?,?,?,?,?,?,?,?,?,?,?,?,?)
2026-05-08T20:36:00.261+08:00 DEBUG 26852 --- [uscdip-backend] [nio-8080-exec-6] org.hibernate.SQL                        : select grpe1_0.policy_id,grpe1_0.audit_enabled,grpe1_0.auth_required,grpe1_0.created_at,grpe1_0.enabled,grpe1_0.http_method,grpe1_0.path_pattern,grpe1_0.rate_limit_capacity,grpe1_0.rate_limit_scope,grpe1_0.rate_limit_window_seconds,grpe1_0.risk_level,grpe1_0.route_code,grpe1_0.updated_at,grpe1_0.validation_profile from gateway_route_policy grpe1_0 where grpe1_0.enabled
2026-05-08T20:36:00.263+08:00 DEBUG 26852 --- [uscdip-backend] [nio-8080-exec-6] org.hibernate.SQL                        : select gcre1_0.rule_id,gcre1_0.created_at,gcre1_0.enabled,gcre1_0.expires_at,gcre1_0.reason,gcre1_0.rule_type,gcre1_0.subject_type,gcre1_0.subject_value,gcre1_0.updated_at from gateway_client_rule gcre1_0 where gcre1_0.enabled
2026-05-08T20:36:00.264+08:00 DEBUG 26852 --- [uscdip-backend] [nio-8080-exec-6] o.s.web.servlet.DispatcherServlet        : POST "/api/auth/callback", parameters={}
2026-05-08T20:36:00.265+08:00 DEBUG 26852 --- [uscdip-backend] [nio-8080-exec-6] s.w.s.m.m.a.RequestMappingHandlerMapping : Mapped to com.uscdip.backend.controller.AuthController#callback(AuthCallbackRequest, HttpServletRequest)
2026-05-08T20:36:00.265+08:00 DEBUG 26852 --- [uscdip-backend] [nio-8080-exec-6] m.m.a.RequestResponseBodyMethodProcessor : Read "application/json;charset=UTF-8" to [AuthCallbackRequest[code=fake-code-for-state-validation, state=fDu8gpYpRwhRyBHiNNvZHhVbayhiUy4WBRES4 (truncated)...]
2026-05-08T20:36:00.266+08:00 DEBUG 26852 --- [uscdip-backend] [nio-8080-exec-6] org.hibernate.SQL                        : select olse1_0.state,olse1_0.client_ip,olse1_0.code_verifier,olse1_0.consumed_at,olse1_0.created_at,olse1_0.expires_at,olse1_0.redirect_uri,olse1_0.status,olse1_0.user_agent from auth_oidc_state olse1_0 where olse1_0.state=?
2026-05-08T20:36:00.267+08:00 DEBUG 26852 --- [uscdip-backend] [nio-8080-exec-6] o.s.web.client.RestTemplate              : HTTP POST http://localhost:8081/realms/uscdip/protocol/openid-connect/token
2026-05-08T20:36:00.267+08:00 DEBUG 26852 --- [uscdip-backend] [nio-8080-exec-6] o.s.web.client.RestTemplate              : Accept=[application/json, application/*+json]
2026-05-08T20:36:00.267+08:00 DEBUG 26852 --- [uscdip-backend] [nio-8080-exec-6] o.s.web.client.RestTemplate              : Writing [{grant_type=[authorization_code], code=[fake-code-for-state-validation], redirect_uri=[http://localhost:5173/auth/callback], code_verifier=[VMcdSr4l4aY2Hg7GwgArRNR_9QnAjECwDkIATbn1YPHnZiao7HpEuYq9JkQEm1zt]}] as "application/x-www-form-urlencoded"
2026-05-08T20:36:00.281+08:00 DEBUG 26852 --- [uscdip-backend] [nio-8080-exec-6] o.s.web.client.RestTemplate              : Response 400 BAD_REQUEST
2026-05-08T20:36:00.282+08:00 DEBUG 26852 --- [uscdip-backend] [nio-8080-exec-6] .m.m.a.ExceptionHandlerExceptionResolver : Using @ExceptionHandler com.uscdip.backend.exception.GlobalExceptionHandler#handleGenericException(Exception)
2026-05-08T20:36:00.282+08:00 DEBUG 26852 --- [uscdip-backend] [nio-8080-exec-6] o.s.w.s.m.m.a.HttpEntityMethodProcessor  : Using 'application/json', given [*/*] and supported [application/json, application/*+json]
2026-05-08T20:36:00.283+08:00 DEBUG 26852 --- [uscdip-backend] [nio-8080-exec-6] o.s.w.s.m.m.a.HttpEntityMethodProcessor  : Writing [ApiResponse[success=false, data=null, error=ApiError[code=INTERNAL_ERROR, message=Internal server er (truncated)...]
2026-05-08T20:36:00.283+08:00 DEBUG 26852 --- [uscdip-backend] [nio-8080-exec-6] .m.m.a.ExceptionHandlerExceptionResolver : Resolved [org.springframework.web.client.HttpClientErrorException$BadRequest: 400 Bad Request: "{"error":"invalid_grant","error_description":"Code not valid"}"]
2026-05-08T20:36:00.284+08:00 DEBUG 26852 --- [uscdip-backend] [nio-8080-exec-6] o.s.web.servlet.DispatcherServlet        : Completed 500 INTERNAL_SERVER_ERROR
2026-05-08T20:36:00.285+08:00 DEBUG 26852 --- [uscdip-backend] [nio-8080-exec-6] org.hibernate.SQL                        : select tlee1_0.event_id,tlee1_0.actor_user_id,tlee1_0.client_ip,tlee1_0.detail,tlee1_0.event_time,tlee1_0.event_type,tlee1_0.latency_ms,tlee1_0.message_id,tlee1_0.object_id,tlee1_0.object_type,tlee1_0.parent_span_id,tlee1_0.recv_time,tlee1_0.route_path,tlee1_0.session_id,tlee1_0.source_module,tlee1_0.span_id,tlee1_0.stage,tlee1_0.status,tlee1_0.topic,tlee1_0.trace_id from trace_link_event tlee1_0 where tlee1_0.event_id=?
2026-05-08T20:36:00.286+08:00 DEBUG 26852 --- [uscdip-backend] [nio-8080-exec-6] org.hibernate.SQL                        : insert into trace_link_event (actor_user_id,client_ip,detail,event_time,event_type,latency_ms,message_id,object_id,object_type,parent_span_id,recv_time,route_path,session_id,source_module,span_id,stage,status,topic,trace_id,event_id) values (?,?,?,?,?,?,?,?,?,?,?,?,?,?,?,?,?,?,?,?)
2026-05-08T20:36:11.973+08:00 DEBUG 26852 --- [uscdip-backend] [nio-8080-exec-1] org.hibernate.SQL                        : select tlee1_0.event_id,tlee1_0.actor_user_id,tlee1_0.client_ip,tlee1_0.detail,tlee1_0.event_time,tlee1_0.event_type,tlee1_0.latency_ms,tlee1_0.message_id,tlee1_0.object_id,tlee1_0.object_type,tlee1_0.parent_span_id,tlee1_0.recv_time,tlee1_0.route_path,tlee1_0.session_id,tlee1_0.source_module,tlee1_0.span_id,tlee1_0.stage,tlee1_0.status,tlee1_0.topic,tlee1_0.trace_id from trace_link_event tlee1_0 where tlee1_0.event_id=?
2026-05-08T20:36:11.974+08:00 DEBUG 26852 --- [uscdip-backend] [nio-8080-exec-1] org.hibernate.SQL                        : insert into trace_link_event (actor_user_id,client_ip,detail,event_time,event_type,latency_ms,message_id,object_id,object_type,parent_span_id,recv_time,route_path,session_id,source_module,span_id,stage,status,topic,trace_id,event_id) values (?,?,?,?,?,?,?,?,?,?,?,?,?,?,?,?,?,?,?,?)
2026-05-08T20:36:11.976+08:00 DEBUG 26852 --- [uscdip-backend] [nio-8080-exec-1] org.hibernate.SQL                        : select grpe1_0.policy_id,grpe1_0.audit_enabled,grpe1_0.auth_required,grpe1_0.created_at,grpe1_0.enabled,grpe1_0.http_method,grpe1_0.path_pattern,grpe1_0.rate_limit_capacity,grpe1_0.rate_limit_scope,grpe1_0.rate_limit_window_seconds,grpe1_0.risk_level,grpe1_0.route_code,grpe1_0.updated_at,grpe1_0.validation_profile from gateway_route_policy grpe1_0 where grpe1_0.enabled
2026-05-08T20:36:11.979+08:00 DEBUG 26852 --- [uscdip-backend] [nio-8080-exec-1] org.hibernate.SQL                        : select gcre1_0.rule_id,gcre1_0.created_at,gcre1_0.enabled,gcre1_0.expires_at,gcre1_0.reason,gcre1_0.rule_type,gcre1_0.subject_type,gcre1_0.subject_value,gcre1_0.updated_at from gateway_client_rule gcre1_0 where gcre1_0.enabled
2026-05-08T20:36:11.981+08:00 DEBUG 26852 --- [uscdip-backend] [nio-8080-exec-1] o.s.web.servlet.DispatcherServlet        : GET "/api/auth/login-url?redirectUri=http://localhost:5173/auth/callback", parameters={masked}
2026-05-08T20:36:11.981+08:00 DEBUG 26852 --- [uscdip-backend] [nio-8080-exec-1] s.w.s.m.m.a.RequestMappingHandlerMapping : Mapped to com.uscdip.backend.controller.AuthController#getLoginUrl(String, HttpServletRequest)
2026-05-08T20:36:11.983+08:00 DEBUG 26852 --- [uscdip-backend] [nio-8080-exec-1] org.hibernate.SQL                        : select olse1_0.state,olse1_0.client_ip,olse1_0.code_verifier,olse1_0.consumed_at,olse1_0.created_at,olse1_0.expires_at,olse1_0.redirect_uri,olse1_0.status,olse1_0.user_agent from auth_oidc_state olse1_0 where olse1_0.status=?
2026-05-08T20:36:11.985+08:00 DEBUG 26852 --- [uscdip-backend] [nio-8080-exec-1] org.hibernate.SQL                        : select olse1_0.state,olse1_0.client_ip,olse1_0.code_verifier,olse1_0.consumed_at,olse1_0.created_at,olse1_0.expires_at,olse1_0.redirect_uri,olse1_0.status,olse1_0.user_agent from auth_oidc_state olse1_0 where olse1_0.state=?
2026-05-08T20:36:11.986+08:00 DEBUG 26852 --- [uscdip-backend] [nio-8080-exec-1] org.hibernate.SQL                        : insert into auth_oidc_state (client_ip,code_verifier,consumed_at,created_at,expires_at,redirect_uri,status,user_agent,state) values (?,?,?,?,?,?,?,?,?)
2026-05-08T20:36:11.986+08:00 DEBUG 26852 --- [uscdip-backend] [nio-8080-exec-1] m.m.a.RequestResponseBodyMethodProcessor : Using 'application/json', given [*/*] and supported [application/json, application/*+json]
2026-05-08T20:36:11.987+08:00 DEBUG 26852 --- [uscdip-backend] [nio-8080-exec-1] m.m.a.RequestResponseBodyMethodProcessor : Writing [ApiResponse[success=true, data=AuthLoginDescriptor[enabled=true, registrationId=keycloak, authorizat (truncated)...]
2026-05-08T20:36:11.988+08:00 DEBUG 26852 --- [uscdip-backend] [nio-8080-exec-1] o.s.web.servlet.DispatcherServlet        : Completed 200 OK
2026-05-08T20:36:11.989+08:00 DEBUG 26852 --- [uscdip-backend] [nio-8080-exec-1] org.hibernate.SQL                        : select tlee1_0.event_id,tlee1_0.actor_user_id,tlee1_0.client_ip,tlee1_0.detail,tlee1_0.event_time,tlee1_0.event_type,tlee1_0.latency_ms,tlee1_0.message_id,tlee1_0.object_id,tlee1_0.object_type,tlee1_0.parent_span_id,tlee1_0.recv_time,tlee1_0.route_path,tlee1_0.session_id,tlee1_0.source_module,tlee1_0.span_id,tlee1_0.stage,tlee1_0.status,tlee1_0.topic,tlee1_0.trace_id from trace_link_event tlee1_0 where tlee1_0.event_id=?
2026-05-08T20:36:11.990+08:00 DEBUG 26852 --- [uscdip-backend] [nio-8080-exec-1] org.hibernate.SQL                        : insert into trace_link_event (actor_user_id,client_ip,detail,event_time,event_type,latency_ms,message_id,object_id,object_type,parent_span_id,recv_time,route_path,session_id,source_module,span_id,stage,status,topic,trace_id,event_id) values (?,?,?,?,?,?,?,?,?,?,?,?,?,?,?,?,?,?,?,?)
2026-05-08T20:36:12.112+08:00 DEBUG 26852 --- [uscdip-backend] [nio-8080-exec-2] org.hibernate.SQL                        : select tlee1_0.event_id,tlee1_0.actor_user_id,tlee1_0.client_ip,tlee1_0.detail,tlee1_0.event_time,tlee1_0.event_type,tlee1_0.latency_ms,tlee1_0.message_id,tlee1_0.object_id,tlee1_0.object_type,tlee1_0.parent_span_id,tlee1_0.recv_time,tlee1_0.route_path,tlee1_0.session_id,tlee1_0.source_module,tlee1_0.span_id,tlee1_0.stage,tlee1_0.status,tlee1_0.topic,tlee1_0.trace_id from trace_link_event tlee1_0 where tlee1_0.event_id=?
2026-05-08T20:36:12.113+08:00 DEBUG 26852 --- [uscdip-backend] [nio-8080-exec-2] org.hibernate.SQL                        : insert into trace_link_event (actor_user_id,client_ip,detail,event_time,event_type,latency_ms,message_id,object_id,object_type,parent_span_id,recv_time,route_path,session_id,source_module,span_id,stage,status,topic,trace_id,event_id) values (?,?,?,?,?,?,?,?,?,?,?,?,?,?,?,?,?,?,?,?)
2026-05-08T20:36:12.115+08:00 DEBUG 26852 --- [uscdip-backend] [nio-8080-exec-2] org.hibernate.SQL                        : select grpe1_0.policy_id,grpe1_0.audit_enabled,grpe1_0.auth_required,grpe1_0.created_at,grpe1_0.enabled,grpe1_0.http_method,grpe1_0.path_pattern,grpe1_0.rate_limit_capacity,grpe1_0.rate_limit_scope,grpe1_0.rate_limit_window_seconds,grpe1_0.risk_level,grpe1_0.route_code,grpe1_0.updated_at,grpe1_0.validation_profile from gateway_route_policy grpe1_0 where grpe1_0.enabled
2026-05-08T20:36:12.118+08:00 DEBUG 26852 --- [uscdip-backend] [nio-8080-exec-2] org.hibernate.SQL                        : select gcre1_0.rule_id,gcre1_0.created_at,gcre1_0.enabled,gcre1_0.expires_at,gcre1_0.reason,gcre1_0.rule_type,gcre1_0.subject_type,gcre1_0.subject_value,gcre1_0.updated_at from gateway_client_rule gcre1_0 where gcre1_0.enabled
2026-05-08T20:36:12.119+08:00 DEBUG 26852 --- [uscdip-backend] [nio-8080-exec-2] o.s.web.servlet.DispatcherServlet        : POST "/api/auth/callback", parameters={}
2026-05-08T20:36:12.119+08:00 DEBUG 26852 --- [uscdip-backend] [nio-8080-exec-2] s.w.s.m.m.a.RequestMappingHandlerMapping : Mapped to com.uscdip.backend.controller.AuthController#callback(AuthCallbackRequest, HttpServletRequest)
2026-05-08T20:36:12.120+08:00 DEBUG 26852 --- [uscdip-backend] [nio-8080-exec-2] m.m.a.RequestResponseBodyMethodProcessor : Read "application/json;charset=UTF-8" to [AuthCallbackRequest[code=fake-code-for-state-validation, state=7dUmn9Fi5T9ndyuRM6QTbAPE5Fc1eYro_CUck (truncated)...]
2026-05-08T20:36:12.121+08:00 DEBUG 26852 --- [uscdip-backend] [nio-8080-exec-2] org.hibernate.SQL                        : select olse1_0.state,olse1_0.client_ip,olse1_0.code_verifier,olse1_0.consumed_at,olse1_0.created_at,olse1_0.expires_at,olse1_0.redirect_uri,olse1_0.status,olse1_0.user_agent from auth_oidc_state olse1_0 where olse1_0.state=?
2026-05-08T20:36:12.122+08:00 DEBUG 26852 --- [uscdip-backend] [nio-8080-exec-2] o.s.web.client.RestTemplate              : HTTP POST http://localhost:8081/realms/uscdip/protocol/openid-connect/token
2026-05-08T20:36:12.122+08:00 DEBUG 26852 --- [uscdip-backend] [nio-8080-exec-2] o.s.web.client.RestTemplate              : Accept=[application/json, application/*+json]
2026-05-08T20:36:12.122+08:00 DEBUG 26852 --- [uscdip-backend] [nio-8080-exec-2] o.s.web.client.RestTemplate              : Writing [{grant_type=[authorization_code], code=[fake-code-for-state-validation], redirect_uri=[http://localhost:5173/auth/callback], code_verifier=[YqTN4bexgehud0kpq0qkCFnYB1L-zq0qY3UrneHVHMu8e-l8yJ53hAFyk-shAq4w]}] as "application/x-www-form-urlencoded"
2026-05-08T20:36:12.131+08:00 DEBUG 26852 --- [uscdip-backend] [nio-8080-exec-2] o.s.web.client.RestTemplate              : Response 400 BAD_REQUEST
2026-05-08T20:36:12.132+08:00 DEBUG 26852 --- [uscdip-backend] [nio-8080-exec-2] .m.m.a.ExceptionHandlerExceptionResolver : Using @ExceptionHandler com.uscdip.backend.exception.GlobalExceptionHandler#handleGenericException(Exception)
2026-05-08T20:36:12.133+08:00 DEBUG 26852 --- [uscdip-backend] [nio-8080-exec-2] o.s.w.s.m.m.a.HttpEntityMethodProcessor  : Using 'application/json', given [*/*] and supported [application/json, application/*+json]
2026-05-08T20:36:12.133+08:00 DEBUG 26852 --- [uscdip-backend] [nio-8080-exec-2] o.s.w.s.m.m.a.HttpEntityMethodProcessor  : Writing [ApiResponse[success=false, data=null, error=ApiError[code=INTERNAL_ERROR, message=Internal server er (truncated)...]
2026-05-08T20:36:12.134+08:00 DEBUG 26852 --- [uscdip-backend] [nio-8080-exec-2] .m.m.a.ExceptionHandlerExceptionResolver : Resolved [org.springframework.web.client.HttpClientErrorException$BadRequest: 400 Bad Request: "{"error":"invalid_grant","error_description":"Code not valid"}"]
2026-05-08T20:36:12.134+08:00 DEBUG 26852 --- [uscdip-backend] [nio-8080-exec-2] o.s.web.servlet.DispatcherServlet        : Completed 500 INTERNAL_SERVER_ERROR
2026-05-08T20:36:12.136+08:00 DEBUG 26852 --- [uscdip-backend] [nio-8080-exec-2] org.hibernate.SQL                        : select tlee1_0.event_id,tlee1_0.actor_user_id,tlee1_0.client_ip,tlee1_0.detail,tlee1_0.event_time,tlee1_0.event_type,tlee1_0.latency_ms,tlee1_0.message_id,tlee1_0.object_id,tlee1_0.object_type,tlee1_0.parent_span_id,tlee1_0.recv_time,tlee1_0.route_path,tlee1_0.session_id,tlee1_0.source_module,tlee1_0.span_id,tlee1_0.stage,tlee1_0.status,tlee1_0.topic,tlee1_0.trace_id from trace_link_event tlee1_0 where tlee1_0.event_id=?
2026-05-08T20:36:12.137+08:00 DEBUG 26852 --- [uscdip-backend] [nio-8080-exec-2] org.hibernate.SQL                        : insert into trace_link_event (actor_user_id,client_ip,detail,event_time,event_type,latency_ms,message_id,object_id,object_type,parent_span_id,recv_time,route_path,session_id,source_module,span_id,stage,status,topic,trace_id,event_id) values (?,?,?,?,?,?,?,?,?,?,?,?,?,?,?,?,?,?,?,?)
2026-05-08T20:36:13.251+08:00 DEBUG 26852 --- [uscdip-backend] [pool-2-thread-1] org.hibernate.SQL                        : select nde1_0.delivery_id,nde1_0.attempt_count,nde1_0.channel,nde1_0.created_at,nde1_0.last_error,nde1_0.next_retry_at,nde1_0.notification_id,nde1_0.sent_at,nde1_0.status,nde1_0.target,nde1_0.updated_at from notification_delivery nde1_0 where nde1_0.status=? and nde1_0.next_retry_at<=? order by nde1_0.next_retry_at
2026-05-08T20:36:13.321+08:00 DEBUG 26852 --- [uscdip-backend] [pool-2-thread-1] org.hibernate.SQL                        : select oee1_0.event_id,oee1_0.aggregate_id,oee1_0.aggregate_type,oee1_0.claimed_at,oee1_0.claimed_by,oee1_0.created_at,oee1_0.event_type,oee1_0.last_error,oee1_0.next_retry_time,oee1_0.payload,oee1_0.retry_count,oee1_0.sent_at,oee1_0.status,oee1_0.trace_id,oee1_0.updated_at from outbox_event oee1_0 where oee1_0.status=? and oee1_0.claimed_at<? order by oee1_0.created_at
2026-05-08T20:36:13.323+08:00 DEBUG 26852 --- [uscdip-backend] [pool-2-thread-1] org.hibernate.SQL                        : select oee1_0.event_id,oee1_0.aggregate_id,oee1_0.aggregate_type,oee1_0.claimed_at,oee1_0.claimed_by,oee1_0.created_at,oee1_0.event_type,oee1_0.last_error,oee1_0.next_retry_time,oee1_0.payload,oee1_0.retry_count,oee1_0.sent_at,oee1_0.status,oee1_0.trace_id,oee1_0.updated_at from outbox_event oee1_0 where oee1_0.status in (?,?) and oee1_0.next_retry_time<=? order by oee1_0.created_at fetch first ? rows only
2026-05-08T20:36:13.324+08:00 DEBUG 26852 --- [uscdip-backend] [pool-2-thread-1] org.hibernate.SQL                        : select twle1_0.write_log_id,twle1_0.attempt_no,twle1_0.created_at,twle1_0.duration_ms,twle1_0.failed_count,twle1_0.last_error,twle1_0.next_retry_at,twle1_0.requested_count,twle1_0.source_batch_id,twle1_0.status,twle1_0.success_count,twle1_0.trace_id,twle1_0.updated_at,twle1_0.write_type from ts_write_log twle1_0 where twle1_0.status in (?,?) and twle1_0.next_retry_at<=? order by twle1_0.created_at
2026-05-08T20:36:13.397+08:00 DEBUG 26852 --- [uscdip-backend] [pool-2-thread-1] org.hibernate.SQL                        : select nme1_0.notification_id,nme1_0.aggregate_id,nme1_0.aggregate_type,nme1_0.completed_at,nme1_0.content,nme1_0.created_at,nme1_0.event_type,nme1_0.idempotent_key,nme1_0.last_error,nme1_0.recipient_user_id,nme1_0.recipient_username,nme1_0.source_event_id,nme1_0.status,nme1_0.title,nme1_0.trace_id,nme1_0.updated_at from notification_message nme1_0 order by nme1_0.created_at desc,nme1_0.notification_id desc
2026-05-08T20:36:13.399+08:00 DEBUG 26852 --- [uscdip-backend] [pool-2-thread-1] org.hibernate.SQL                        : select osbe1_0.binding_id,osbe1_0.created_at,osbe1_0.object_id,osbe1_0.object_type,osbe1_0.owner_user_id,osbe1_0.owner_username,osbe1_0.region_id,osbe1_0.scope_level,osbe1_0.updated_at from object_scope_binding osbe1_0 where osbe1_0.object_type=? and osbe1_0.object_id=?
2026-05-08T20:36:13.400+08:00 DEBUG 26852 --- [uscdip-backend] [pool-2-thread-1] org.hibernate.SQL                        : select wspme1_0.seq_no,wspme1_0.content,wspme1_0.created_at,wspme1_0.message_id,wspme1_0.message_type,wspme1_0.payload,wspme1_0.recipient_user_id,wspme1_0.source_notification_id,wspme1_0.title,wspme1_0.topic,wspme1_0.trace_id from websocket_push_message wspme1_0 where wspme1_0.source_notification_id=? and wspme1_0.topic=?
2026-05-08T20:36:13.402+08:00 DEBUG 26852 --- [uscdip-backend] [pool-2-thread-1] org.hibernate.SQL                        : select wspme1_0.seq_no,wspme1_0.content,wspme1_0.created_at,wspme1_0.message_id,wspme1_0.message_type,wspme1_0.payload,wspme1_0.recipient_user_id,wspme1_0.source_notification_id,wspme1_0.title,wspme1_0.topic,wspme1_0.trace_id from websocket_push_message wspme1_0 where wspme1_0.source_notification_id=? and wspme1_0.topic=?
2026-05-08T20:36:13.404+08:00 DEBUG 26852 --- [uscdip-backend] [pool-2-thread-1] org.hibernate.SQL                        : select wsce1_0.connection_id,wsce1_0.client_ip,wsce1_0.close_reason,wsce1_0.connected_at,wsce1_0.disconnected_at,wsce1_0.last_seen_at,wsce1_0.status,wsce1_0.stomp_session_id,wsce1_0.user_agent,wsce1_0.user_id,wsce1_0.username from websocket_connection wsce1_0 where wsce1_0.status=? and wsce1_0.last_seen_at<?
2026-05-08T20:36:43.237+08:00 DEBUG 26852 --- [uscdip-backend] [pool-2-thread-1] org.hibernate.SQL                        : select ace1_0.case_id,ace1_0.case_status,ace1_0.created_at,ace1_0.decision_snapshot,ace1_0.dedupe_key,ace1_0.device_id,ace1_0.escalation_level,ace1_0.first_alert_id,ace1_0.first_triggered_at,ace1_0.hit_count,ace1_0.last_alert_id,ace1_0.last_triggered_at,ace1_0.node_id,ace1_0.recovered_at,ace1_0.rule_code,ace1_0.segment_id,ace1_0.severity_current,ace1_0.suppressed_until,ace1_0.trace_id,ace1_0.unsuppressed_hit_count,ace1_0.updated_at from alert_case ace1_0 where ace1_0.case_status in (?,?,?,?,?) and ace1_0.last_triggered_at<?
2026-05-08T20:36:43.255+08:00 DEBUG 26852 --- [uscdip-backend] [pool-2-thread-1] org.hibernate.SQL                        : select nde1_0.delivery_id,nde1_0.attempt_count,nde1_0.channel,nde1_0.created_at,nde1_0.last_error,nde1_0.next_retry_at,nde1_0.notification_id,nde1_0.sent_at,nde1_0.status,nde1_0.target,nde1_0.updated_at from notification_delivery nde1_0 where nde1_0.status=? and nde1_0.next_retry_at<=? order by nde1_0.next_retry_at
2026-05-08T20:36:43.327+08:00 DEBUG 26852 --- [uscdip-backend] [pool-2-thread-1] org.hibernate.SQL                        : select oee1_0.event_id,oee1_0.aggregate_id,oee1_0.aggregate_type,oee1_0.claimed_at,oee1_0.claimed_by,oee1_0.created_at,oee1_0.event_type,oee1_0.last_error,oee1_0.next_retry_time,oee1_0.payload,oee1_0.retry_count,oee1_0.sent_at,oee1_0.status,oee1_0.trace_id,oee1_0.updated_at from outbox_event oee1_0 where oee1_0.status=? and oee1_0.claimed_at<? order by oee1_0.created_at
2026-05-08T20:36:43.329+08:00 DEBUG 26852 --- [uscdip-backend] [pool-2-thread-1] org.hibernate.SQL                        : select oee1_0.event_id,oee1_0.aggregate_id,oee1_0.aggregate_type,oee1_0.claimed_at,oee1_0.claimed_by,oee1_0.created_at,oee1_0.event_type,oee1_0.last_error,oee1_0.next_retry_time,oee1_0.payload,oee1_0.retry_count,oee1_0.sent_at,oee1_0.status,oee1_0.trace_id,oee1_0.updated_at from outbox_event oee1_0 where oee1_0.status in (?,?) and oee1_0.next_retry_time<=? order by oee1_0.created_at fetch first ? rows only
2026-05-08T20:36:43.331+08:00 DEBUG 26852 --- [uscdip-backend] [pool-2-thread-1] org.hibernate.SQL                        : select twle1_0.write_log_id,twle1_0.attempt_no,twle1_0.created_at,twle1_0.duration_ms,twle1_0.failed_count,twle1_0.last_error,twle1_0.next_retry_at,twle1_0.requested_count,twle1_0.source_batch_id,twle1_0.status,twle1_0.success_count,twle1_0.trace_id,twle1_0.updated_at,twle1_0.write_type from ts_write_log twle1_0 where twle1_0.status in (?,?) and twle1_0.next_retry_at<=? order by twle1_0.created_at
2026-05-08T20:36:43.407+08:00 DEBUG 26852 --- [uscdip-backend] [pool-2-thread-1] org.hibernate.SQL                        : select nme1_0.notification_id,nme1_0.aggregate_id,nme1_0.aggregate_type,nme1_0.completed_at,nme1_0.content,nme1_0.created_at,nme1_0.event_type,nme1_0.idempotent_key,nme1_0.last_error,nme1_0.recipient_user_id,nme1_0.recipient_username,nme1_0.source_event_id,nme1_0.status,nme1_0.title,nme1_0.trace_id,nme1_0.updated_at from notification_message nme1_0 order by nme1_0.created_at desc,nme1_0.notification_id desc
2026-05-08T20:36:43.409+08:00 DEBUG 26852 --- [uscdip-backend] [pool-2-thread-1] org.hibernate.SQL                        : select osbe1_0.binding_id,osbe1_0.created_at,osbe1_0.object_id,osbe1_0.object_type,osbe1_0.owner_user_id,osbe1_0.owner_username,osbe1_0.region_id,osbe1_0.scope_level,osbe1_0.updated_at from object_scope_binding osbe1_0 where osbe1_0.object_type=? and osbe1_0.object_id=?
2026-05-08T20:36:43.411+08:00 DEBUG 26852 --- [uscdip-backend] [pool-2-thread-1] org.hibernate.SQL                        : select wspme1_0.seq_no,wspme1_0.content,wspme1_0.created_at,wspme1_0.message_id,wspme1_0.message_type,wspme1_0.payload,wspme1_0.recipient_user_id,wspme1_0.source_notification_id,wspme1_0.title,wspme1_0.topic,wspme1_0.trace_id from websocket_push_message wspme1_0 where wspme1_0.source_notification_id=? and wspme1_0.topic=?
2026-05-08T20:36:43.414+08:00 DEBUG 26852 --- [uscdip-backend] [pool-2-thread-1] org.hibernate.SQL                        : select wspme1_0.seq_no,wspme1_0.content,wspme1_0.created_at,wspme1_0.message_id,wspme1_0.message_type,wspme1_0.payload,wspme1_0.recipient_user_id,wspme1_0.source_notification_id,wspme1_0.title,wspme1_0.topic,wspme1_0.trace_id from websocket_push_message wspme1_0 where wspme1_0.source_notification_id=? and wspme1_0.topic=?
2026-05-08T20:36:43.415+08:00 DEBUG 26852 --- [uscdip-backend] [pool-2-thread-1] org.hibernate.SQL                        : select wsce1_0.connection_id,wsce1_0.client_ip,wsce1_0.close_reason,wsce1_0.connected_at,wsce1_0.disconnected_at,wsce1_0.last_seen_at,wsce1_0.status,wsce1_0.stomp_session_id,wsce1_0.user_agent,wsce1_0.user_id,wsce1_0.username from websocket_connection wsce1_0 where wsce1_0.status=? and wsce1_0.last_seen_at<?
2026-05-08T20:37:13.259+08:00 DEBUG 26852 --- [uscdip-backend] [pool-2-thread-1] org.hibernate.SQL                        : select nde1_0.delivery_id,nde1_0.attempt_count,nde1_0.channel,nde1_0.created_at,nde1_0.last_error,nde1_0.next_retry_at,nde1_0.notification_id,nde1_0.sent_at,nde1_0.status,nde1_0.target,nde1_0.updated_at from notification_delivery nde1_0 where nde1_0.status=? and nde1_0.next_retry_at<=? order by nde1_0.next_retry_at
2026-05-08T20:37:13.336+08:00 DEBUG 26852 --- [uscdip-backend] [pool-2-thread-1] org.hibernate.SQL                        : select oee1_0.event_id,oee1_0.aggregate_id,oee1_0.aggregate_type,oee1_0.claimed_at,oee1_0.claimed_by,oee1_0.created_at,oee1_0.event_type,oee1_0.last_error,oee1_0.next_retry_time,oee1_0.payload,oee1_0.retry_count,oee1_0.sent_at,oee1_0.status,oee1_0.trace_id,oee1_0.updated_at from outbox_event oee1_0 where oee1_0.status=? and oee1_0.claimed_at<? order by oee1_0.created_at
2026-05-08T20:37:13.338+08:00 DEBUG 26852 --- [uscdip-backend] [pool-2-thread-1] org.hibernate.SQL                        : select oee1_0.event_id,oee1_0.aggregate_id,oee1_0.aggregate_type,oee1_0.claimed_at,oee1_0.claimed_by,oee1_0.created_at,oee1_0.event_type,oee1_0.last_error,oee1_0.next_retry_time,oee1_0.payload,oee1_0.retry_count,oee1_0.sent_at,oee1_0.status,oee1_0.trace_id,oee1_0.updated_at from outbox_event oee1_0 where oee1_0.status in (?,?) and oee1_0.next_retry_time<=? order by oee1_0.created_at fetch first ? rows only
2026-05-08T20:37:13.340+08:00 DEBUG 26852 --- [uscdip-backend] [pool-2-thread-1] org.hibernate.SQL                        : select twle1_0.write_log_id,twle1_0.attempt_no,twle1_0.created_at,twle1_0.duration_ms,twle1_0.failed_count,twle1_0.last_error,twle1_0.next_retry_at,twle1_0.requested_count,twle1_0.source_batch_id,twle1_0.status,twle1_0.success_count,twle1_0.trace_id,twle1_0.updated_at,twle1_0.write_type from ts_write_log twle1_0 where twle1_0.status in (?,?) and twle1_0.next_retry_at<=? order by twle1_0.created_at
2026-05-08T20:37:13.416+08:00 DEBUG 26852 --- [uscdip-backend] [pool-2-thread-1] org.hibernate.SQL                        : select nme1_0.notification_id,nme1_0.aggregate_id,nme1_0.aggregate_type,nme1_0.completed_at,nme1_0.content,nme1_0.created_at,nme1_0.event_type,nme1_0.idempotent_key,nme1_0.last_error,nme1_0.recipient_user_id,nme1_0.recipient_username,nme1_0.source_event_id,nme1_0.status,nme1_0.title,nme1_0.trace_id,nme1_0.updated_at from notification_message nme1_0 order by nme1_0.created_at desc,nme1_0.notification_id desc
2026-05-08T20:37:13.418+08:00 DEBUG 26852 --- [uscdip-backend] [pool-2-thread-1] org.hibernate.SQL                        : select osbe1_0.binding_id,osbe1_0.created_at,osbe1_0.object_id,osbe1_0.object_type,osbe1_0.owner_user_id,osbe1_0.owner_username,osbe1_0.region_id,osbe1_0.scope_level,osbe1_0.updated_at from object_scope_binding osbe1_0 where osbe1_0.object_type=? and osbe1_0.object_id=?
2026-05-08T20:37:13.420+08:00 DEBUG 26852 --- [uscdip-backend] [pool-2-thread-1] org.hibernate.SQL                        : select wspme1_0.seq_no,wspme1_0.content,wspme1_0.created_at,wspme1_0.message_id,wspme1_0.message_type,wspme1_0.payload,wspme1_0.recipient_user_id,wspme1_0.source_notification_id,wspme1_0.title,wspme1_0.topic,wspme1_0.trace_id from websocket_push_message wspme1_0 where wspme1_0.source_notification_id=? and wspme1_0.topic=?
2026-05-08T20:37:13.421+08:00 DEBUG 26852 --- [uscdip-backend] [pool-2-thread-1] org.hibernate.SQL                        : select wspme1_0.seq_no,wspme1_0.content,wspme1_0.created_at,wspme1_0.message_id,wspme1_0.message_type,wspme1_0.payload,wspme1_0.recipient_user_id,wspme1_0.source_notification_id,wspme1_0.title,wspme1_0.topic,wspme1_0.trace_id from websocket_push_message wspme1_0 where wspme1_0.source_notification_id=? and wspme1_0.topic=?
2026-05-08T20:37:13.422+08:00 DEBUG 26852 --- [uscdip-backend] [pool-2-thread-1] org.hibernate.SQL                        : select wsce1_0.connection_id,wsce1_0.client_ip,wsce1_0.close_reason,wsce1_0.connected_at,wsce1_0.disconnected_at,wsce1_0.last_seen_at,wsce1_0.status,wsce1_0.stomp_session_id,wsce1_0.user_agent,wsce1_0.user_id,wsce1_0.username from websocket_connection wsce1_0 where wsce1_0.status=? and wsce1_0.last_seen_at<?
2026-05-08T20:37:22.595+08:00 DEBUG 26852 --- [uscdip-backend] [nio-8080-exec-8] org.hibernate.SQL                        : select tlee1_0.event_id,tlee1_0.actor_user_id,tlee1_0.client_ip,tlee1_0.detail,tlee1_0.event_time,tlee1_0.event_type,tlee1_0.latency_ms,tlee1_0.message_id,tlee1_0.object_id,tlee1_0.object_type,tlee1_0.parent_span_id,tlee1_0.recv_time,tlee1_0.route_path,tlee1_0.session_id,tlee1_0.source_module,tlee1_0.span_id,tlee1_0.stage,tlee1_0.status,tlee1_0.topic,tlee1_0.trace_id from trace_link_event tlee1_0 where tlee1_0.event_id=?
2026-05-08T20:37:22.595+08:00 DEBUG 26852 --- [uscdip-backend] [nio-8080-exec-7] org.hibernate.SQL                        : select tlee1_0.event_id,tlee1_0.actor_user_id,tlee1_0.client_ip,tlee1_0.detail,tlee1_0.event_time,tlee1_0.event_type,tlee1_0.latency_ms,tlee1_0.message_id,tlee1_0.object_id,tlee1_0.object_type,tlee1_0.parent_span_id,tlee1_0.recv_time,tlee1_0.route_path,tlee1_0.session_id,tlee1_0.source_module,tlee1_0.span_id,tlee1_0.stage,tlee1_0.status,tlee1_0.topic,tlee1_0.trace_id from trace_link_event tlee1_0 where tlee1_0.event_id=?
2026-05-08T20:37:22.596+08:00 DEBUG 26852 --- [uscdip-backend] [nio-8080-exec-3] org.hibernate.SQL                        : select tlee1_0.event_id,tlee1_0.actor_user_id,tlee1_0.client_ip,tlee1_0.detail,tlee1_0.event_time,tlee1_0.event_type,tlee1_0.latency_ms,tlee1_0.message_id,tlee1_0.object_id,tlee1_0.object_type,tlee1_0.parent_span_id,tlee1_0.recv_time,tlee1_0.route_path,tlee1_0.session_id,tlee1_0.source_module,tlee1_0.span_id,tlee1_0.stage,tlee1_0.status,tlee1_0.topic,tlee1_0.trace_id from trace_link_event tlee1_0 where tlee1_0.event_id=?
2026-05-08T20:37:22.596+08:00 DEBUG 26852 --- [uscdip-backend] [nio-8080-exec-8] org.hibernate.SQL                        : insert into trace_link_event (actor_user_id,client_ip,detail,event_time,event_type,latency_ms,message_id,object_id,object_type,parent_span_id,recv_time,route_path,session_id,source_module,span_id,stage,status,topic,trace_id,event_id) values (?,?,?,?,?,?,?,?,?,?,?,?,?,?,?,?,?,?,?,?)
2026-05-08T20:37:22.596+08:00 DEBUG 26852 --- [uscdip-backend] [nio-8080-exec-7] org.hibernate.SQL                        : insert into trace_link_event (actor_user_id,client_ip,detail,event_time,event_type,latency_ms,message_id,object_id,object_type,parent_span_id,recv_time,route_path,session_id,source_module,span_id,stage,status,topic,trace_id,event_id) values (?,?,?,?,?,?,?,?,?,?,?,?,?,?,?,?,?,?,?,?)
2026-05-08T20:37:22.597+08:00 DEBUG 26852 --- [uscdip-backend] [nio-8080-exec-3] org.hibernate.SQL                        : insert into trace_link_event (actor_user_id,client_ip,detail,event_time,event_type,latency_ms,message_id,object_id,object_type,parent_span_id,recv_time,route_path,session_id,source_module,span_id,stage,status,topic,trace_id,event_id) values (?,?,?,?,?,?,?,?,?,?,?,?,?,?,?,?,?,?,?,?)
2026-05-08T20:37:22.599+08:00 DEBUG 26852 --- [uscdip-backend] [nio-8080-exec-8] org.hibernate.SQL                        : select grpe1_0.policy_id,grpe1_0.audit_enabled,grpe1_0.auth_required,grpe1_0.created_at,grpe1_0.enabled,grpe1_0.http_method,grpe1_0.path_pattern,grpe1_0.rate_limit_capacity,grpe1_0.rate_limit_scope,grpe1_0.rate_limit_window_seconds,grpe1_0.risk_level,grpe1_0.route_code,grpe1_0.updated_at,grpe1_0.validation_profile from gateway_route_policy grpe1_0 where grpe1_0.enabled
2026-05-08T20:37:22.599+08:00 DEBUG 26852 --- [uscdip-backend] [nio-8080-exec-3] org.hibernate.SQL                        : select grpe1_0.policy_id,grpe1_0.audit_enabled,grpe1_0.auth_required,grpe1_0.created_at,grpe1_0.enabled,grpe1_0.http_method,grpe1_0.path_pattern,grpe1_0.rate_limit_capacity,grpe1_0.rate_limit_scope,grpe1_0.rate_limit_window_seconds,grpe1_0.risk_level,grpe1_0.route_code,grpe1_0.updated_at,grpe1_0.validation_profile from gateway_route_policy grpe1_0 where grpe1_0.enabled
2026-05-08T20:37:22.599+08:00 DEBUG 26852 --- [uscdip-backend] [nio-8080-exec-7] org.hibernate.SQL                        : select grpe1_0.policy_id,grpe1_0.audit_enabled,grpe1_0.auth_required,grpe1_0.created_at,grpe1_0.enabled,grpe1_0.http_method,grpe1_0.path_pattern,grpe1_0.rate_limit_capacity,grpe1_0.rate_limit_scope,grpe1_0.rate_limit_window_seconds,grpe1_0.risk_level,grpe1_0.route_code,grpe1_0.updated_at,grpe1_0.validation_profile from gateway_route_policy grpe1_0 where grpe1_0.enabled
2026-05-08T20:37:22.601+08:00 DEBUG 26852 --- [uscdip-backend] [nio-8080-exec-3] org.hibernate.SQL                        : select gcre1_0.rule_id,gcre1_0.created_at,gcre1_0.enabled,gcre1_0.expires_at,gcre1_0.reason,gcre1_0.rule_type,gcre1_0.subject_type,gcre1_0.subject_value,gcre1_0.updated_at from gateway_client_rule gcre1_0 where gcre1_0.enabled
2026-05-08T20:37:22.601+08:00 DEBUG 26852 --- [uscdip-backend] [nio-8080-exec-8] org.hibernate.SQL                        : select gcre1_0.rule_id,gcre1_0.created_at,gcre1_0.enabled,gcre1_0.expires_at,gcre1_0.reason,gcre1_0.rule_type,gcre1_0.subject_type,gcre1_0.subject_value,gcre1_0.updated_at from gateway_client_rule gcre1_0 where gcre1_0.enabled
2026-05-08T20:37:22.601+08:00 DEBUG 26852 --- [uscdip-backend] [nio-8080-exec-7] org.hibernate.SQL                        : select gcre1_0.rule_id,gcre1_0.created_at,gcre1_0.enabled,gcre1_0.expires_at,gcre1_0.reason,gcre1_0.rule_type,gcre1_0.subject_type,gcre1_0.subject_value,gcre1_0.updated_at from gateway_client_rule gcre1_0 where gcre1_0.enabled
2026-05-08T20:37:22.603+08:00 DEBUG 26852 --- [uscdip-backend] [nio-8080-exec-7] o.s.web.servlet.DispatcherServlet        : GET "/api/platforms", parameters={}
2026-05-08T20:37:22.603+08:00 DEBUG 26852 --- [uscdip-backend] [nio-8080-exec-7] s.w.s.m.m.a.RequestMappingHandlerMapping : Mapped to com.uscdip.backend.controller.BoundaryController#getPlatforms()
2026-05-08T20:37:22.607+08:00 DEBUG 26852 --- [uscdip-backend] [nio-8080-exec-8] org.hibernate.SQL                        : select tlee1_0.event_id,tlee1_0.actor_user_id,tlee1_0.client_ip,tlee1_0.detail,tlee1_0.event_time,tlee1_0.event_type,tlee1_0.latency_ms,tlee1_0.message_id,tlee1_0.object_id,tlee1_0.object_type,tlee1_0.parent_span_id,tlee1_0.recv_time,tlee1_0.route_path,tlee1_0.session_id,tlee1_0.source_module,tlee1_0.span_id,tlee1_0.stage,tlee1_0.status,tlee1_0.topic,tlee1_0.trace_id from trace_link_event tlee1_0 where tlee1_0.event_id=?
2026-05-08T20:37:22.609+08:00 DEBUG 26852 --- [uscdip-backend] [nio-8080-exec-7] m.m.a.RequestResponseBodyMethodProcessor : Using 'application/json', given [application/json] and supported [application/json, application/*+json]
2026-05-08T20:37:22.610+08:00 DEBUG 26852 --- [uscdip-backend] [nio-8080-exec-8] org.hibernate.SQL                        : insert into trace_link_event (actor_user_id,client_ip,detail,event_time,event_type,latency_ms,message_id,object_id,object_type,parent_span_id,recv_time,route_path,session_id,source_module,span_id,stage,status,topic,trace_id,event_id) values (?,?,?,?,?,?,?,?,?,?,?,?,?,?,?,?,?,?,?,?)
2026-05-08T20:37:22.614+08:00 DEBUG 26852 --- [uscdip-backend] [nio-8080-exec-7] m.m.a.RequestResponseBodyMethodProcessor : Writing [ApiResponse[success=true, data=[PlatformBoundary[platformCode=PORTAL, platformName=平台选择门户, routePref (truncated)...]
2026-05-08T20:37:22.619+08:00 DEBUG 26852 --- [uscdip-backend] [nio-8080-exec-7] o.s.web.servlet.DispatcherServlet        : Completed 200 OK
2026-05-08T20:37:22.620+08:00 DEBUG 26852 --- [uscdip-backend] [nio-8080-exec-7] org.hibernate.SQL                        : select tlee1_0.event_id,tlee1_0.actor_user_id,tlee1_0.client_ip,tlee1_0.detail,tlee1_0.event_time,tlee1_0.event_type,tlee1_0.latency_ms,tlee1_0.message_id,tlee1_0.object_id,tlee1_0.object_type,tlee1_0.parent_span_id,tlee1_0.recv_time,tlee1_0.route_path,tlee1_0.session_id,tlee1_0.source_module,tlee1_0.span_id,tlee1_0.stage,tlee1_0.status,tlee1_0.topic,tlee1_0.trace_id from trace_link_event tlee1_0 where tlee1_0.event_id=?
2026-05-08T20:37:22.621+08:00 DEBUG 26852 --- [uscdip-backend] [nio-8080-exec-7] org.hibernate.SQL                        : insert into trace_link_event (actor_user_id,client_ip,detail,event_time,event_type,latency_ms,message_id,object_id,object_type,parent_span_id,recv_time,route_path,session_id,source_module,span_id,stage,status,topic,trace_id,event_id) values (?,?,?,?,?,?,?,?,?,?,?,?,?,?,?,?,?,?,?,?)
2026-05-08T20:37:22.676+08:00 DEBUG 26852 --- [uscdip-backend] [nio-8080-exec-3] o.s.web.servlet.DispatcherServlet        : GET "/api/menu-boundaries", parameters={}
2026-05-08T20:37:22.676+08:00 DEBUG 26852 --- [uscdip-backend] [nio-8080-exec-3] s.w.s.m.m.a.RequestMappingHandlerMapping : Mapped to com.uscdip.backend.controller.BoundaryController#getMenuBoundaries()
2026-05-08T20:37:22.679+08:00 DEBUG 26852 --- [uscdip-backend] [nio-8080-exec-3] m.m.a.RequestResponseBodyMethodProcessor : Using 'application/json', given [application/json] and supported [application/json, application/*+json]
2026-05-08T20:37:22.735+08:00 DEBUG 26852 --- [uscdip-backend] [nio-8080-exec-3] m.m.a.RequestResponseBodyMethodProcessor : Writing [ApiResponse[success=true, data=BoundarySpec[version=1.0.0, source=A-01统一菜单与平台边界表-后端落地版, platforms=[P (truncated)...]
2026-05-08T20:37:22.737+08:00 DEBUG 26852 --- [uscdip-backend] [nio-8080-exec-3] o.s.web.servlet.DispatcherServlet        : Completed 200 OK
2026-05-08T20:37:22.777+08:00 DEBUG 26852 --- [uscdip-backend] [nio-8080-exec-3] org.hibernate.SQL                        : select tlee1_0.event_id,tlee1_0.actor_user_id,tlee1_0.client_ip,tlee1_0.detail,tlee1_0.event_time,tlee1_0.event_type,tlee1_0.latency_ms,tlee1_0.message_id,tlee1_0.object_id,tlee1_0.object_type,tlee1_0.parent_span_id,tlee1_0.recv_time,tlee1_0.route_path,tlee1_0.session_id,tlee1_0.source_module,tlee1_0.span_id,tlee1_0.stage,tlee1_0.status,tlee1_0.topic,tlee1_0.trace_id from trace_link_event tlee1_0 where tlee1_0.event_id=?
2026-05-08T20:37:22.779+08:00 DEBUG 26852 --- [uscdip-backend] [nio-8080-exec-3] org.hibernate.SQL                        : insert into trace_link_event (actor_user_id,client_ip,detail,event_time,event_type,latency_ms,message_id,object_id,object_type,parent_span_id,recv_time,route_path,session_id,source_module,span_id,stage,status,topic,trace_id,event_id) values (?,?,?,?,?,?,?,?,?,?,?,?,?,?,?,?,?,?,?,?)
2026-05-08T20:37:22.814+08:00 DEBUG 26852 --- [uscdip-backend] [nio-8080-exec-4] org.hibernate.SQL                        : select tlee1_0.event_id,tlee1_0.actor_user_id,tlee1_0.client_ip,tlee1_0.detail,tlee1_0.event_time,tlee1_0.event_type,tlee1_0.latency_ms,tlee1_0.message_id,tlee1_0.object_id,tlee1_0.object_type,tlee1_0.parent_span_id,tlee1_0.recv_time,tlee1_0.route_path,tlee1_0.session_id,tlee1_0.source_module,tlee1_0.span_id,tlee1_0.stage,tlee1_0.status,tlee1_0.topic,tlee1_0.trace_id from trace_link_event tlee1_0 where tlee1_0.event_id=?
2026-05-08T20:37:22.815+08:00 DEBUG 26852 --- [uscdip-backend] [nio-8080-exec-4] org.hibernate.SQL                        : insert into trace_link_event (actor_user_id,client_ip,detail,event_time,event_type,latency_ms,message_id,object_id,object_type,parent_span_id,recv_time,route_path,session_id,source_module,span_id,stage,status,topic,trace_id,event_id) values (?,?,?,?,?,?,?,?,?,?,?,?,?,?,?,?,?,?,?,?)
2026-05-08T20:37:22.818+08:00 DEBUG 26852 --- [uscdip-backend] [nio-8080-exec-4] org.hibernate.SQL                        : select grpe1_0.policy_id,grpe1_0.audit_enabled,grpe1_0.auth_required,grpe1_0.created_at,grpe1_0.enabled,grpe1_0.http_method,grpe1_0.path_pattern,grpe1_0.rate_limit_capacity,grpe1_0.rate_limit_scope,grpe1_0.rate_limit_window_seconds,grpe1_0.risk_level,grpe1_0.route_code,grpe1_0.updated_at,grpe1_0.validation_profile from gateway_route_policy grpe1_0 where grpe1_0.enabled
2026-05-08T20:37:22.880+08:00 DEBUG 26852 --- [uscdip-backend] [nio-8080-exec-4] org.hibernate.SQL                        : select gcre1_0.rule_id,gcre1_0.created_at,gcre1_0.enabled,gcre1_0.expires_at,gcre1_0.reason,gcre1_0.rule_type,gcre1_0.subject_type,gcre1_0.subject_value,gcre1_0.updated_at from gateway_client_rule gcre1_0 where gcre1_0.enabled
2026-05-08T20:37:22.882+08:00 DEBUG 26852 --- [uscdip-backend] [nio-8080-exec-4] org.hibernate.SQL                        : select tlee1_0.event_id,tlee1_0.actor_user_id,tlee1_0.client_ip,tlee1_0.detail,tlee1_0.event_time,tlee1_0.event_type,tlee1_0.latency_ms,tlee1_0.message_id,tlee1_0.object_id,tlee1_0.object_type,tlee1_0.parent_span_id,tlee1_0.recv_time,tlee1_0.route_path,tlee1_0.session_id,tlee1_0.source_module,tlee1_0.span_id,tlee1_0.stage,tlee1_0.status,tlee1_0.topic,tlee1_0.trace_id from trace_link_event tlee1_0 where tlee1_0.event_id=?
2026-05-08T20:37:22.970+08:00 DEBUG 26852 --- [uscdip-backend] [nio-8080-exec-4] org.hibernate.SQL                        : insert into trace_link_event (actor_user_id,client_ip,detail,event_time,event_type,latency_ms,message_id,object_id,object_type,parent_span_id,recv_time,route_path,session_id,source_module,span_id,stage,status,topic,trace_id,event_id) values (?,?,?,?,?,?,?,?,?,?,?,?,?,?,?,?,?,?,?,?)
2026-05-08T20:37:23.116+08:00 DEBUG 26852 --- [uscdip-backend] [nio-8080-exec-9] org.hibernate.SQL                        : select tlee1_0.event_id,tlee1_0.actor_user_id,tlee1_0.client_ip,tlee1_0.detail,tlee1_0.event_time,tlee1_0.event_type,tlee1_0.latency_ms,tlee1_0.message_id,tlee1_0.object_id,tlee1_0.object_type,tlee1_0.parent_span_id,tlee1_0.recv_time,tlee1_0.route_path,tlee1_0.session_id,tlee1_0.source_module,tlee1_0.span_id,tlee1_0.stage,tlee1_0.status,tlee1_0.topic,tlee1_0.trace_id from trace_link_event tlee1_0 where tlee1_0.event_id=?
2026-05-08T20:37:23.117+08:00 DEBUG 26852 --- [uscdip-backend] [nio-8080-exec-9] org.hibernate.SQL                        : insert into trace_link_event (actor_user_id,client_ip,detail,event_time,event_type,latency_ms,message_id,object_id,object_type,parent_span_id,recv_time,route_path,session_id,source_module,span_id,stage,status,topic,trace_id,event_id) values (?,?,?,?,?,?,?,?,?,?,?,?,?,?,?,?,?,?,?,?)
2026-05-08T20:37:23.119+08:00 DEBUG 26852 --- [uscdip-backend] [nio-8080-exec-9] org.hibernate.SQL                        : select grpe1_0.policy_id,grpe1_0.audit_enabled,grpe1_0.auth_required,grpe1_0.created_at,grpe1_0.enabled,grpe1_0.http_method,grpe1_0.path_pattern,grpe1_0.rate_limit_capacity,grpe1_0.rate_limit_scope,grpe1_0.rate_limit_window_seconds,grpe1_0.risk_level,grpe1_0.route_code,grpe1_0.updated_at,grpe1_0.validation_profile from gateway_route_policy grpe1_0 where grpe1_0.enabled
2026-05-08T20:37:23.121+08:00 DEBUG 26852 --- [uscdip-backend] [nio-8080-exec-9] org.hibernate.SQL                        : select gcre1_0.rule_id,gcre1_0.created_at,gcre1_0.enabled,gcre1_0.expires_at,gcre1_0.reason,gcre1_0.rule_type,gcre1_0.subject_type,gcre1_0.subject_value,gcre1_0.updated_at from gateway_client_rule gcre1_0 where gcre1_0.enabled
2026-05-08T20:37:23.130+08:00 DEBUG 26852 --- [uscdip-backend] [nio-8080-exec-9] org.hibernate.SQL                        : select tlee1_0.event_id,tlee1_0.actor_user_id,tlee1_0.client_ip,tlee1_0.detail,tlee1_0.event_time,tlee1_0.event_type,tlee1_0.latency_ms,tlee1_0.message_id,tlee1_0.object_id,tlee1_0.object_type,tlee1_0.parent_span_id,tlee1_0.recv_time,tlee1_0.route_path,tlee1_0.session_id,tlee1_0.source_module,tlee1_0.span_id,tlee1_0.stage,tlee1_0.status,tlee1_0.topic,tlee1_0.trace_id from trace_link_event tlee1_0 where tlee1_0.event_id=?
2026-05-08T20:37:23.182+08:00 DEBUG 26852 --- [uscdip-backend] [nio-8080-exec-9] org.hibernate.SQL                        : insert into trace_link_event (actor_user_id,client_ip,detail,event_time,event_type,latency_ms,message_id,object_id,object_type,parent_span_id,recv_time,route_path,session_id,source_module,span_id,stage,status,topic,trace_id,event_id) values (?,?,?,?,?,?,?,?,?,?,?,?,?,?,?,?,?,?,?,?)
2026-05-08T20:37:25.240+08:00 DEBUG 26852 --- [uscdip-backend] [io-8080-exec-10] org.hibernate.SQL                        : select tlee1_0.event_id,tlee1_0.actor_user_id,tlee1_0.client_ip,tlee1_0.detail,tlee1_0.event_time,tlee1_0.event_type,tlee1_0.latency_ms,tlee1_0.message_id,tlee1_0.object_id,tlee1_0.object_type,tlee1_0.parent_span_id,tlee1_0.recv_time,tlee1_0.route_path,tlee1_0.session_id,tlee1_0.source_module,tlee1_0.span_id,tlee1_0.stage,tlee1_0.status,tlee1_0.topic,tlee1_0.trace_id from trace_link_event tlee1_0 where tlee1_0.event_id=?
2026-05-08T20:37:25.241+08:00 DEBUG 26852 --- [uscdip-backend] [io-8080-exec-10] org.hibernate.SQL                        : insert into trace_link_event (actor_user_id,client_ip,detail,event_time,event_type,latency_ms,message_id,object_id,object_type,parent_span_id,recv_time,route_path,session_id,source_module,span_id,stage,status,topic,trace_id,event_id) values (?,?,?,?,?,?,?,?,?,?,?,?,?,?,?,?,?,?,?,?)
2026-05-08T20:37:25.243+08:00 DEBUG 26852 --- [uscdip-backend] [io-8080-exec-10] org.hibernate.SQL                        : select grpe1_0.policy_id,grpe1_0.audit_enabled,grpe1_0.auth_required,grpe1_0.created_at,grpe1_0.enabled,grpe1_0.http_method,grpe1_0.path_pattern,grpe1_0.rate_limit_capacity,grpe1_0.rate_limit_scope,grpe1_0.rate_limit_window_seconds,grpe1_0.risk_level,grpe1_0.route_code,grpe1_0.updated_at,grpe1_0.validation_profile from gateway_route_policy grpe1_0 where grpe1_0.enabled
2026-05-08T20:37:25.327+08:00 DEBUG 26852 --- [uscdip-backend] [io-8080-exec-10] org.hibernate.SQL                        : select gcre1_0.rule_id,gcre1_0.created_at,gcre1_0.enabled,gcre1_0.expires_at,gcre1_0.reason,gcre1_0.rule_type,gcre1_0.subject_type,gcre1_0.subject_value,gcre1_0.updated_at from gateway_client_rule gcre1_0 where gcre1_0.enabled
2026-05-08T20:37:25.328+08:00 DEBUG 26852 --- [uscdip-backend] [io-8080-exec-10] o.s.web.servlet.DispatcherServlet        : GET "/api/auth/login-url?redirectUri=http%3A%2F%2Flocalhost%3A5173%2Fauth%2Fcallback", parameters={masked}
2026-05-08T20:37:25.329+08:00 DEBUG 26852 --- [uscdip-backend] [io-8080-exec-10] s.w.s.m.m.a.RequestMappingHandlerMapping : Mapped to com.uscdip.backend.controller.AuthController#getLoginUrl(String, HttpServletRequest)
2026-05-08T20:37:25.330+08:00 DEBUG 26852 --- [uscdip-backend] [io-8080-exec-10] org.hibernate.SQL                        : select olse1_0.state,olse1_0.client_ip,olse1_0.code_verifier,olse1_0.consumed_at,olse1_0.created_at,olse1_0.expires_at,olse1_0.redirect_uri,olse1_0.status,olse1_0.user_agent from auth_oidc_state olse1_0 where olse1_0.status=?
2026-05-08T20:37:25.332+08:00 DEBUG 26852 --- [uscdip-backend] [io-8080-exec-10] org.hibernate.SQL                        : select olse1_0.state,olse1_0.client_ip,olse1_0.code_verifier,olse1_0.consumed_at,olse1_0.created_at,olse1_0.expires_at,olse1_0.redirect_uri,olse1_0.status,olse1_0.user_agent from auth_oidc_state olse1_0 where olse1_0.state=?
2026-05-08T20:37:25.333+08:00 DEBUG 26852 --- [uscdip-backend] [io-8080-exec-10] org.hibernate.SQL                        : insert into auth_oidc_state (client_ip,code_verifier,consumed_at,created_at,expires_at,redirect_uri,status,user_agent,state) values (?,?,?,?,?,?,?,?,?)
2026-05-08T20:37:25.334+08:00 DEBUG 26852 --- [uscdip-backend] [io-8080-exec-10] m.m.a.RequestResponseBodyMethodProcessor : Using 'application/json', given [application/json] and supported [application/json, application/*+json]
2026-05-08T20:37:25.334+08:00 DEBUG 26852 --- [uscdip-backend] [io-8080-exec-10] m.m.a.RequestResponseBodyMethodProcessor : Writing [ApiResponse[success=true, data=AuthLoginDescriptor[enabled=true, registrationId=keycloak, authorizat (truncated)...]
2026-05-08T20:37:25.335+08:00 DEBUG 26852 --- [uscdip-backend] [io-8080-exec-10] o.s.web.servlet.DispatcherServlet        : Completed 200 OK
2026-05-08T20:37:25.338+08:00 DEBUG 26852 --- [uscdip-backend] [io-8080-exec-10] org.hibernate.SQL                        : select tlee1_0.event_id,tlee1_0.actor_user_id,tlee1_0.client_ip,tlee1_0.detail,tlee1_0.event_time,tlee1_0.event_type,tlee1_0.latency_ms,tlee1_0.message_id,tlee1_0.object_id,tlee1_0.object_type,tlee1_0.parent_span_id,tlee1_0.recv_time,tlee1_0.route_path,tlee1_0.session_id,tlee1_0.source_module,tlee1_0.span_id,tlee1_0.stage,tlee1_0.status,tlee1_0.topic,tlee1_0.trace_id from trace_link_event tlee1_0 where tlee1_0.event_id=?
2026-05-08T20:37:25.339+08:00 DEBUG 26852 --- [uscdip-backend] [io-8080-exec-10] org.hibernate.SQL                        : insert into trace_link_event (actor_user_id,client_ip,detail,event_time,event_type,latency_ms,message_id,object_id,object_type,parent_span_id,recv_time,route_path,session_id,source_module,span_id,stage,status,topic,trace_id,event_id) values (?,?,?,?,?,?,?,?,?,?,?,?,?,?,?,?,?,?,?,?)
2026-05-08T20:37:26.109+08:00 DEBUG 26852 --- [uscdip-backend] [nio-8080-exec-6] org.hibernate.SQL                        : select tlee1_0.event_id,tlee1_0.actor_user_id,tlee1_0.client_ip,tlee1_0.detail,tlee1_0.event_time,tlee1_0.event_type,tlee1_0.latency_ms,tlee1_0.message_id,tlee1_0.object_id,tlee1_0.object_type,tlee1_0.parent_span_id,tlee1_0.recv_time,tlee1_0.route_path,tlee1_0.session_id,tlee1_0.source_module,tlee1_0.span_id,tlee1_0.stage,tlee1_0.status,tlee1_0.topic,tlee1_0.trace_id from trace_link_event tlee1_0 where tlee1_0.event_id=?
2026-05-08T20:37:26.110+08:00 DEBUG 26852 --- [uscdip-backend] [nio-8080-exec-6] org.hibernate.SQL                        : insert into trace_link_event (actor_user_id,client_ip,detail,event_time,event_type,latency_ms,message_id,object_id,object_type,parent_span_id,recv_time,route_path,session_id,source_module,span_id,stage,status,topic,trace_id,event_id) values (?,?,?,?,?,?,?,?,?,?,?,?,?,?,?,?,?,?,?,?)
2026-05-08T20:37:26.112+08:00 DEBUG 26852 --- [uscdip-backend] [nio-8080-exec-6] org.hibernate.SQL                        : select grpe1_0.policy_id,grpe1_0.audit_enabled,grpe1_0.auth_required,grpe1_0.created_at,grpe1_0.enabled,grpe1_0.http_method,grpe1_0.path_pattern,grpe1_0.rate_limit_capacity,grpe1_0.rate_limit_scope,grpe1_0.rate_limit_window_seconds,grpe1_0.risk_level,grpe1_0.route_code,grpe1_0.updated_at,grpe1_0.validation_profile from gateway_route_policy grpe1_0 where grpe1_0.enabled
2026-05-08T20:37:26.115+08:00 DEBUG 26852 --- [uscdip-backend] [nio-8080-exec-6] org.hibernate.SQL                        : select gcre1_0.rule_id,gcre1_0.created_at,gcre1_0.enabled,gcre1_0.expires_at,gcre1_0.reason,gcre1_0.rule_type,gcre1_0.subject_type,gcre1_0.subject_value,gcre1_0.updated_at from gateway_client_rule gcre1_0 where gcre1_0.enabled
2026-05-08T20:37:26.121+08:00 DEBUG 26852 --- [uscdip-backend] [nio-8080-exec-6] o.s.web.servlet.DispatcherServlet        : POST "/api/auth/callback", parameters={}
2026-05-08T20:37:26.122+08:00 DEBUG 26852 --- [uscdip-backend] [nio-8080-exec-6] s.w.s.m.m.a.RequestMappingHandlerMapping : Mapped to com.uscdip.backend.controller.AuthController#callback(AuthCallbackRequest, HttpServletRequest)
2026-05-08T20:37:26.123+08:00 DEBUG 26852 --- [uscdip-backend] [nio-8080-exec-6] m.m.a.RequestResponseBodyMethodProcessor : Read "application/json;charset=UTF-8" to [AuthCallbackRequest[code=eae8b783-875e-4078-82df-02654188921a.f2831f69-728d-4d1b-9e3e-c537e88643d9.8 (truncated)...]
2026-05-08T20:37:26.124+08:00 DEBUG 26852 --- [uscdip-backend] [nio-8080-exec-6] org.hibernate.SQL                        : select olse1_0.state,olse1_0.client_ip,olse1_0.code_verifier,olse1_0.consumed_at,olse1_0.created_at,olse1_0.expires_at,olse1_0.redirect_uri,olse1_0.status,olse1_0.user_agent from auth_oidc_state olse1_0 where olse1_0.state=?
2026-05-08T20:37:26.125+08:00 DEBUG 26852 --- [uscdip-backend] [nio-8080-exec-6] o.s.web.client.RestTemplate              : HTTP POST http://localhost:8081/realms/uscdip/protocol/openid-connect/token
2026-05-08T20:37:26.126+08:00 DEBUG 26852 --- [uscdip-backend] [nio-8080-exec-6] o.s.web.client.RestTemplate              : Accept=[application/json, application/*+json]
2026-05-08T20:37:26.126+08:00 DEBUG 26852 --- [uscdip-backend] [nio-8080-exec-6] o.s.web.client.RestTemplate              : Writing [{grant_type=[authorization_code], code=[eae8b783-875e-4078-82df-02654188921a.f2831f69-728d-4d1b-9e3e-c537e88643d9.896f842c-7f24-4d33-9f65-11ae84fac4dc], redirect_uri=[http://localhost:5173/auth/callback], code_verifier=[DhiuFPA-bcHjvwteqXQpBR5hhARaJLYpgTyIXBoQ1W3sq3Lq4E0F4wdmnUC5NhTA]}] as "application/x-www-form-urlencoded"
2026-05-08T20:37:26.354+08:00 DEBUG 26852 --- [uscdip-backend] [nio-8080-exec-6] o.s.web.client.RestTemplate              : Response 200 OK
2026-05-08T20:37:26.355+08:00 DEBUG 26852 --- [uscdip-backend] [nio-8080-exec-6] o.s.web.client.RestTemplate              : Reading to [java.util.Map<java.lang.String, java.lang.Object>]
2026-05-08T20:37:26.439+08:00 DEBUG 26852 --- [uscdip-backend] [nio-8080-exec-6] o.s.web.client.RestTemplate              : HTTP GET http://localhost:8081/realms/uscdip/protocol/openid-connect/certs
2026-05-08T20:37:26.440+08:00 DEBUG 26852 --- [uscdip-backend] [nio-8080-exec-6] o.s.web.client.RestTemplate              : Accept=[text/plain, application/json, application/*+json, */*]
2026-05-08T20:37:26.481+08:00 DEBUG 26852 --- [uscdip-backend] [nio-8080-exec-6] o.s.web.client.RestTemplate              : Response 200 OK
2026-05-08T20:37:26.482+08:00 DEBUG 26852 --- [uscdip-backend] [nio-8080-exec-6] o.s.web.client.RestTemplate              : Reading to [java.lang.String] as "application/json;charset=UTF-8"
2026-05-08T20:37:26.526+08:00 DEBUG 26852 --- [uscdip-backend] [nio-8080-exec-6] org.hibernate.SQL                        : select uae1_0.user_id,uae1_0.created_at,uae1_0.disabled_at,uae1_0.display_name,uae1_0.primary_region_id,uae1_0.status,uae1_0.token_valid_after,uae1_0.updated_at,uae1_0.username from user_account uae1_0 where uae1_0.user_id=?
2026-05-08T20:37:26.528+08:00 DEBUG 26852 --- [uscdip-backend] [nio-8080-exec-6] org.hibernate.SQL                        : select uae1_0.user_id,uae1_0.created_at,uae1_0.disabled_at,uae1_0.display_name,uae1_0.primary_region_id,uae1_0.status,uae1_0.token_valid_after,uae1_0.updated_at,uae1_0.username from user_account uae1_0 where uae1_0.user_id=?
2026-05-08T20:37:26.551+08:00 DEBUG 26852 --- [uscdip-backend] [nio-8080-exec-6] org.hibernate.SQL                        : select count(*) from rbac_role re1_0 where re1_0.role_code=?
2026-05-08T20:37:26.557+08:00 DEBUG 26852 --- [uscdip-backend] [nio-8080-exec-6] org.hibernate.SQL                        : select count(*) from rbac_role re1_0 where re1_0.role_code=?
2026-05-08T20:37:26.559+08:00 DEBUG 26852 --- [uscdip-backend] [nio-8080-exec-6] org.hibernate.SQL                        : select ure1_0.id,ure1_0.role_code,ure1_0.user_id from rbac_user_role ure1_0 where ure1_0.user_id=?
2026-05-08T20:37:26.560+08:00 DEBUG 26852 --- [uscdip-backend] [nio-8080-exec-6] org.hibernate.SQL                        : insert into user_account (created_at,disabled_at,display_name,primary_region_id,status,token_valid_after,updated_at,username,user_id) values (?,?,?,?,?,?,?,?,?)
2026-05-08T20:37:26.561+08:00 DEBUG 26852 --- [uscdip-backend] [nio-8080-exec-6] org.hibernate.SQL                        : insert into rbac_user_role (role_code,user_id,id) values (?,?,default)
2026-05-08T20:37:26.561+08:00 DEBUG 26852 --- [uscdip-backend] [nio-8080-exec-6] org.hibernate.SQL                        : insert into rbac_user_role (role_code,user_id,id) values (?,?,default)
2026-05-08T20:37:26.563+08:00 DEBUG 26852 --- [uscdip-backend] [nio-8080-exec-6] org.hibernate.SQL                        : select udse1_0.id,udse1_0.scope_type,udse1_0.scope_value,udse1_0.user_id from user_data_scope udse1_0 where udse1_0.user_id=?
2026-05-08T20:37:26.564+08:00 DEBUG 26852 --- [uscdip-backend] [nio-8080-exec-6] org.hibernate.SQL                        : insert into user_data_scope (scope_type,scope_value,user_id,id) values (?,?,?,default)
2026-05-08T20:37:26.566+08:00 DEBUG 26852 --- [uscdip-backend] [nio-8080-exec-6] org.hibernate.SQL                        : insert into security_audit (auth_mode,client_ip,created_at,detail,emergency_account_id,event_type,outcome,session_id,token_id,trace_id,user_agent,user_id,id) values (?,?,?,?,?,?,?,?,?,?,?,?,default)
2026-05-08T20:37:26.569+08:00 DEBUG 26852 --- [uscdip-backend] [nio-8080-exec-6] org.hibernate.SQL                        : select ale1_0.audit_id,ale1_0.action,ale1_0.actor_user_id,ale1_0.actor_username,ale1_0.after_snapshot,ale1_0.auth_mode,ale1_0.before_snapshot,ale1_0.client_ip,ale1_0.detail,ale1_0.emergency_account_id,ale1_0.event_category,ale1_0.event_time,ale1_0.event_type,ale1_0.http_method,ale1_0.object_id,ale1_0.object_type,ale1_0.outcome,ale1_0.request_path,ale1_0.risk_level,ale1_0.source_module,ale1_0.source_record_id,ale1_0.source_table,ale1_0.trace_id,ale1_0.user_agent from audit_log ale1_0 where ale1_0.audit_id=?
2026-05-08T20:37:26.584+08:00 DEBUG 26852 --- [uscdip-backend] [nio-8080-exec-6] org.hibernate.SQL                        : select ase1_0.session_id,ase1_0.auth_mode,ase1_0.client_ip,ase1_0.created_at,ase1_0.emergency_account_id,ase1_0.revoke_reason,ase1_0.revoked_at,ase1_0.status,ase1_0.updated_at,ase1_0.user_agent,ase1_0.user_id from auth_session ase1_0 where ase1_0.session_id=?
2026-05-08T20:37:26.587+08:00 DEBUG 26852 --- [uscdip-backend] [nio-8080-exec-6] org.hibernate.SQL                        : select ase1_0.session_id,ase1_0.auth_mode,ase1_0.client_ip,ase1_0.created_at,ase1_0.emergency_account_id,ase1_0.revoke_reason,ase1_0.revoked_at,ase1_0.status,ase1_0.updated_at,ase1_0.user_agent,ase1_0.user_id from auth_session ase1_0 where ase1_0.session_id=?
2026-05-08T20:37:26.592+08:00 DEBUG 26852 --- [uscdip-backend] [nio-8080-exec-6] org.hibernate.SQL                        : select arte1_0.token_id,arte1_0.auth_mode,arte1_0.client_ip,arte1_0.created_at,arte1_0.emergency_account_id,arte1_0.expires_at,arte1_0.issued_at,arte1_0.replaced_by_token_id,arte1_0.rotated_from_token_id,arte1_0.session_id,arte1_0.status,arte1_0.token_hash,arte1_0.updated_at,arte1_0.user_agent,arte1_0.user_id from auth_refresh_token arte1_0 where arte1_0.token_id=?
2026-05-08T20:37:26.597+08:00 DEBUG 26852 --- [uscdip-backend] [nio-8080-exec-6] org.hibernate.SQL                        : select ure1_0.id,ure1_0.role_code,ure1_0.user_id from rbac_user_role ure1_0 where ure1_0.user_id=?
2026-05-08T20:37:26.599+08:00 DEBUG 26852 --- [uscdip-backend] [nio-8080-exec-6] org.hibernate.SQL                        : select rpe1_0.id,rpe1_0.permission_code,rpe1_0.role_code from rbac_role_permission rpe1_0 where rpe1_0.role_code in (?,?)
2026-05-08T20:37:26.606+08:00 DEBUG 26852 --- [uscdip-backend] [nio-8080-exec-6] org.hibernate.SQL                        : select udse1_0.id,udse1_0.scope_type,udse1_0.scope_value,udse1_0.user_id from user_data_scope udse1_0 where udse1_0.user_id=?
2026-05-08T20:37:26.609+08:00 DEBUG 26852 --- [uscdip-backend] [nio-8080-exec-6] org.hibernate.SQL                        : select tsre1_0.id,tsre1_0.description,tsre1_0.role_code,tsre1_0.topic_pattern from topic_scope_rule tsre1_0 where tsre1_0.role_code in (?,?)
2026-05-08T20:37:26.618+08:00 DEBUG 26852 --- [uscdip-backend] [nio-8080-exec-6] org.hibernate.SQL                        : insert into audit_log (action,actor_user_id,actor_username,after_snapshot,auth_mode,before_snapshot,client_ip,detail,emergency_account_id,event_category,event_time,event_type,http_method,object_id,object_type,outcome,request_path,risk_level,source_module,source_record_id,source_table,trace_id,user_agent,audit_id) values (?,?,?,?,?,?,?,?,?,?,?,?,?,?,?,?,?,?,?,?,?,?,?,?)
2026-05-08T20:37:26.619+08:00 DEBUG 26852 --- [uscdip-backend] [nio-8080-exec-6] org.hibernate.SQL                        : insert into auth_session (auth_mode,client_ip,created_at,emergency_account_id,revoke_reason,revoked_at,status,updated_at,user_agent,user_id,session_id) values (?,?,?,?,?,?,?,?,?,?,?)
2026-05-08T20:37:26.620+08:00 DEBUG 26852 --- [uscdip-backend] [nio-8080-exec-6] org.hibernate.SQL                        : insert into auth_refresh_token (auth_mode,client_ip,created_at,emergency_account_id,expires_at,issued_at,replaced_by_token_id,rotated_from_token_id,session_id,status,token_hash,updated_at,user_agent,user_id,token_id) values (?,?,?,?,?,?,?,?,?,?,?,?,?,?,?)
2026-05-08T20:37:26.620+08:00 DEBUG 26852 --- [uscdip-backend] [nio-8080-exec-6] org.hibernate.SQL                        : update auth_oidc_state set client_ip=?,code_verifier=?,consumed_at=?,created_at=?,expires_at=?,redirect_uri=?,status=?,user_agent=? where state=?
2026-05-08T20:37:26.621+08:00 DEBUG 26852 --- [uscdip-backend] [nio-8080-exec-6] m.m.a.RequestResponseBodyMethodProcessor : Using 'application/json', given [application/json] and supported [application/json, application/*+json]
2026-05-08T20:37:26.621+08:00 DEBUG 26852 --- [uscdip-backend] [nio-8080-exec-6] m.m.a.RequestResponseBodyMethodProcessor : Writing [ApiResponse[success=true, data=TokenPairResponse[accessToken=eyJ0eXAiOiJKV1QiLCJhbGciOiJIUzI1NiJ9.ey (truncated)...]
2026-05-08T20:37:26.624+08:00 DEBUG 26852 --- [uscdip-backend] [nio-8080-exec-6] o.s.web.servlet.DispatcherServlet        : Completed 200 OK
2026-05-08T20:37:26.625+08:00 DEBUG 26852 --- [uscdip-backend] [nio-8080-exec-6] org.hibernate.SQL                        : select tlee1_0.event_id,tlee1_0.actor_user_id,tlee1_0.client_ip,tlee1_0.detail,tlee1_0.event_time,tlee1_0.event_type,tlee1_0.latency_ms,tlee1_0.message_id,tlee1_0.object_id,tlee1_0.object_type,tlee1_0.parent_span_id,tlee1_0.recv_time,tlee1_0.route_path,tlee1_0.session_id,tlee1_0.source_module,tlee1_0.span_id,tlee1_0.stage,tlee1_0.status,tlee1_0.topic,tlee1_0.trace_id from trace_link_event tlee1_0 where tlee1_0.event_id=?
2026-05-08T20:37:26.626+08:00 DEBUG 26852 --- [uscdip-backend] [nio-8080-exec-6] org.hibernate.SQL                        : insert into trace_link_event (actor_user_id,client_ip,detail,event_time,event_type,latency_ms,message_id,object_id,object_type,parent_span_id,recv_time,route_path,session_id,source_module,span_id,stage,status,topic,trace_id,event_id) values (?,?,?,?,?,?,?,?,?,?,?,?,?,?,?,?,?,?,?,?)
2026-05-08T20:37:27.556+08:00 DEBUG 26852 --- [uscdip-backend] [nio-8080-exec-1] org.hibernate.SQL                        : select tlee1_0.event_id,tlee1_0.actor_user_id,tlee1_0.client_ip,tlee1_0.detail,tlee1_0.event_time,tlee1_0.event_type,tlee1_0.latency_ms,tlee1_0.message_id,tlee1_0.object_id,tlee1_0.object_type,tlee1_0.parent_span_id,tlee1_0.recv_time,tlee1_0.route_path,tlee1_0.session_id,tlee1_0.source_module,tlee1_0.span_id,tlee1_0.stage,tlee1_0.status,tlee1_0.topic,tlee1_0.trace_id from trace_link_event tlee1_0 where tlee1_0.event_id=?
2026-05-08T20:37:27.556+08:00 DEBUG 26852 --- [uscdip-backend] [nio-8080-exec-5] org.hibernate.SQL                        : select tlee1_0.event_id,tlee1_0.actor_user_id,tlee1_0.client_ip,tlee1_0.detail,tlee1_0.event_time,tlee1_0.event_type,tlee1_0.latency_ms,tlee1_0.message_id,tlee1_0.object_id,tlee1_0.object_type,tlee1_0.parent_span_id,tlee1_0.recv_time,tlee1_0.route_path,tlee1_0.session_id,tlee1_0.source_module,tlee1_0.span_id,tlee1_0.stage,tlee1_0.status,tlee1_0.topic,tlee1_0.trace_id from trace_link_event tlee1_0 where tlee1_0.event_id=?
2026-05-08T20:37:27.557+08:00 DEBUG 26852 --- [uscdip-backend] [nio-8080-exec-5] org.hibernate.SQL                        : insert into trace_link_event (actor_user_id,client_ip,detail,event_time,event_type,latency_ms,message_id,object_id,object_type,parent_span_id,recv_time,route_path,session_id,source_module,span_id,stage,status,topic,trace_id,event_id) values (?,?,?,?,?,?,?,?,?,?,?,?,?,?,?,?,?,?,?,?)
2026-05-08T20:37:27.558+08:00 DEBUG 26852 --- [uscdip-backend] [nio-8080-exec-1] org.hibernate.SQL                        : insert into trace_link_event (actor_user_id,client_ip,detail,event_time,event_type,latency_ms,message_id,object_id,object_type,parent_span_id,recv_time,route_path,session_id,source_module,span_id,stage,status,topic,trace_id,event_id) values (?,?,?,?,?,?,?,?,?,?,?,?,?,?,?,?,?,?,?,?)
2026-05-08T20:37:27.556+08:00 DEBUG 26852 --- [uscdip-backend] [nio-8080-exec-2] org.hibernate.SQL                        : select tlee1_0.event_id,tlee1_0.actor_user_id,tlee1_0.client_ip,tlee1_0.detail,tlee1_0.event_time,tlee1_0.event_type,tlee1_0.latency_ms,tlee1_0.message_id,tlee1_0.object_id,tlee1_0.object_type,tlee1_0.parent_span_id,tlee1_0.recv_time,tlee1_0.route_path,tlee1_0.session_id,tlee1_0.source_module,tlee1_0.span_id,tlee1_0.stage,tlee1_0.status,tlee1_0.topic,tlee1_0.trace_id from trace_link_event tlee1_0 where tlee1_0.event_id=?
2026-05-08T20:37:27.560+08:00 DEBUG 26852 --- [uscdip-backend] [nio-8080-exec-5] org.hibernate.SQL                        : select uae1_0.user_id,uae1_0.created_at,uae1_0.disabled_at,uae1_0.display_name,uae1_0.primary_region_id,uae1_0.status,uae1_0.token_valid_after,uae1_0.updated_at,uae1_0.username from user_account uae1_0 where uae1_0.user_id=?
2026-05-08T20:37:27.560+08:00 DEBUG 26852 --- [uscdip-backend] [nio-8080-exec-2] org.hibernate.SQL                        : insert into trace_link_event (actor_user_id,client_ip,detail,event_time,event_type,latency_ms,message_id,object_id,object_type,parent_span_id,recv_time,route_path,session_id,source_module,span_id,stage,status,topic,trace_id,event_id) values (?,?,?,?,?,?,?,?,?,?,?,?,?,?,?,?,?,?,?,?)
2026-05-08T20:37:27.560+08:00 DEBUG 26852 --- [uscdip-backend] [nio-8080-exec-1] org.hibernate.SQL                        : select uae1_0.user_id,uae1_0.created_at,uae1_0.disabled_at,uae1_0.display_name,uae1_0.primary_region_id,uae1_0.status,uae1_0.token_valid_after,uae1_0.updated_at,uae1_0.username from user_account uae1_0 where uae1_0.user_id=?
2026-05-08T20:37:27.561+08:00 DEBUG 26852 --- [uscdip-backend] [nio-8080-exec-2] org.hibernate.SQL                        : select uae1_0.user_id,uae1_0.created_at,uae1_0.disabled_at,uae1_0.display_name,uae1_0.primary_region_id,uae1_0.status,uae1_0.token_valid_after,uae1_0.updated_at,uae1_0.username from user_account uae1_0 where uae1_0.user_id=?
2026-05-08T20:37:27.561+08:00 DEBUG 26852 --- [uscdip-backend] [nio-8080-exec-5] org.hibernate.SQL                        : select ase1_0.session_id,ase1_0.auth_mode,ase1_0.client_ip,ase1_0.created_at,ase1_0.emergency_account_id,ase1_0.revoke_reason,ase1_0.revoked_at,ase1_0.status,ase1_0.updated_at,ase1_0.user_agent,ase1_0.user_id from auth_session ase1_0 where ase1_0.session_id=?
2026-05-08T20:37:27.561+08:00 DEBUG 26852 --- [uscdip-backend] [nio-8080-exec-1] org.hibernate.SQL                        : select ase1_0.session_id,ase1_0.auth_mode,ase1_0.client_ip,ase1_0.created_at,ase1_0.emergency_account_id,ase1_0.revoke_reason,ase1_0.revoked_at,ase1_0.status,ase1_0.updated_at,ase1_0.user_agent,ase1_0.user_id from auth_session ase1_0 where ase1_0.session_id=?
2026-05-08T20:37:27.562+08:00 DEBUG 26852 --- [uscdip-backend] [nio-8080-exec-2] org.hibernate.SQL                        : select ase1_0.session_id,ase1_0.auth_mode,ase1_0.client_ip,ase1_0.created_at,ase1_0.emergency_account_id,ase1_0.revoke_reason,ase1_0.revoked_at,ase1_0.status,ase1_0.updated_at,ase1_0.user_agent,ase1_0.user_id from auth_session ase1_0 where ase1_0.session_id=?
2026-05-08T20:37:27.563+08:00 DEBUG 26852 --- [uscdip-backend] [nio-8080-exec-2] org.hibernate.SQL                        : select grpe1_0.policy_id,grpe1_0.audit_enabled,grpe1_0.auth_required,grpe1_0.created_at,grpe1_0.enabled,grpe1_0.http_method,grpe1_0.path_pattern,grpe1_0.rate_limit_capacity,grpe1_0.rate_limit_scope,grpe1_0.rate_limit_window_seconds,grpe1_0.risk_level,grpe1_0.route_code,grpe1_0.updated_at,grpe1_0.validation_profile from gateway_route_policy grpe1_0 where grpe1_0.enabled
2026-05-08T20:37:27.563+08:00 DEBUG 26852 --- [uscdip-backend] [nio-8080-exec-5] org.hibernate.SQL                        : select grpe1_0.policy_id,grpe1_0.audit_enabled,grpe1_0.auth_required,grpe1_0.created_at,grpe1_0.enabled,grpe1_0.http_method,grpe1_0.path_pattern,grpe1_0.rate_limit_capacity,grpe1_0.rate_limit_scope,grpe1_0.rate_limit_window_seconds,grpe1_0.risk_level,grpe1_0.route_code,grpe1_0.updated_at,grpe1_0.validation_profile from gateway_route_policy grpe1_0 where grpe1_0.enabled
2026-05-08T20:37:27.563+08:00 DEBUG 26852 --- [uscdip-backend] [nio-8080-exec-1] org.hibernate.SQL                        : select grpe1_0.policy_id,grpe1_0.audit_enabled,grpe1_0.auth_required,grpe1_0.created_at,grpe1_0.enabled,grpe1_0.http_method,grpe1_0.path_pattern,grpe1_0.rate_limit_capacity,grpe1_0.rate_limit_scope,grpe1_0.rate_limit_window_seconds,grpe1_0.risk_level,grpe1_0.route_code,grpe1_0.updated_at,grpe1_0.validation_profile from gateway_route_policy grpe1_0 where grpe1_0.enabled
2026-05-08T20:37:27.564+08:00 DEBUG 26852 --- [uscdip-backend] [nio-8080-exec-2] org.hibernate.SQL                        : select gcre1_0.rule_id,gcre1_0.created_at,gcre1_0.enabled,gcre1_0.expires_at,gcre1_0.reason,gcre1_0.rule_type,gcre1_0.subject_type,gcre1_0.subject_value,gcre1_0.updated_at from gateway_client_rule gcre1_0 where gcre1_0.enabled
2026-05-08T20:37:27.564+08:00 DEBUG 26852 --- [uscdip-backend] [nio-8080-exec-5] org.hibernate.SQL                        : select gcre1_0.rule_id,gcre1_0.created_at,gcre1_0.enabled,gcre1_0.expires_at,gcre1_0.reason,gcre1_0.rule_type,gcre1_0.subject_type,gcre1_0.subject_value,gcre1_0.updated_at from gateway_client_rule gcre1_0 where gcre1_0.enabled
2026-05-08T20:37:27.565+08:00 DEBUG 26852 --- [uscdip-backend] [nio-8080-exec-1] org.hibernate.SQL                        : select gcre1_0.rule_id,gcre1_0.created_at,gcre1_0.enabled,gcre1_0.expires_at,gcre1_0.reason,gcre1_0.rule_type,gcre1_0.subject_type,gcre1_0.subject_value,gcre1_0.updated_at from gateway_client_rule gcre1_0 where gcre1_0.enabled
2026-05-08T20:37:27.565+08:00 DEBUG 26852 --- [uscdip-backend] [nio-8080-exec-2] o.s.web.servlet.DispatcherServlet        : GET "/api/menu-boundaries", parameters={}
2026-05-08T20:37:27.565+08:00 DEBUG 26852 --- [uscdip-backend] [nio-8080-exec-5] o.s.web.servlet.DispatcherServlet        : GET "/api/platforms", parameters={}
2026-05-08T20:37:27.566+08:00 DEBUG 26852 --- [uscdip-backend] [nio-8080-exec-2] s.w.s.m.m.a.RequestMappingHandlerMapping : Mapped to com.uscdip.backend.controller.BoundaryController#getMenuBoundaries()
2026-05-08T20:37:27.566+08:00 DEBUG 26852 --- [uscdip-backend] [nio-8080-exec-1] o.s.web.servlet.DispatcherServlet        : GET "/api/auth/me", parameters={}
2026-05-08T20:37:27.566+08:00 DEBUG 26852 --- [uscdip-backend] [nio-8080-exec-5] s.w.s.m.m.a.RequestMappingHandlerMapping : Mapped to com.uscdip.backend.controller.BoundaryController#getPlatforms()
2026-05-08T20:37:27.566+08:00 DEBUG 26852 --- [uscdip-backend] [nio-8080-exec-1] s.w.s.m.m.a.RequestMappingHandlerMapping : Mapped to com.uscdip.backend.controller.AuthController#me(Authentication, HttpServletRequest)
2026-05-08T20:37:27.566+08:00 DEBUG 26852 --- [uscdip-backend] [nio-8080-exec-2] m.m.a.RequestResponseBodyMethodProcessor : Using 'application/json', given [application/json] and supported [application/json, application/*+json]
2026-05-08T20:37:27.566+08:00 DEBUG 26852 --- [uscdip-backend] [nio-8080-exec-5] m.m.a.RequestResponseBodyMethodProcessor : Using 'application/json', given [application/json] and supported [application/json, application/*+json]
2026-05-08T20:37:27.567+08:00 DEBUG 26852 --- [uscdip-backend] [nio-8080-exec-2] m.m.a.RequestResponseBodyMethodProcessor : Writing [ApiResponse[success=true, data=BoundarySpec[version=1.0.0, source=A-01统一菜单与平台边界表-后端落地版, platforms=[P (truncated)...]
2026-05-08T20:37:27.567+08:00 DEBUG 26852 --- [uscdip-backend] [nio-8080-exec-5] m.m.a.RequestResponseBodyMethodProcessor : Writing [ApiResponse[success=true, data=[PlatformBoundary[platformCode=PORTAL, platformName=平台选择门户, routePref (truncated)...]
2026-05-08T20:37:27.567+08:00 DEBUG 26852 --- [uscdip-backend] [nio-8080-exec-1] org.hibernate.SQL                        : select uae1_0.user_id,uae1_0.created_at,uae1_0.disabled_at,uae1_0.display_name,uae1_0.primary_region_id,uae1_0.status,uae1_0.token_valid_after,uae1_0.updated_at,uae1_0.username from user_account uae1_0 where uae1_0.user_id=?
2026-05-08T20:37:27.569+08:00 DEBUG 26852 --- [uscdip-backend] [nio-8080-exec-5] o.s.web.servlet.DispatcherServlet        : Completed 200 OK
2026-05-08T20:37:27.569+08:00 DEBUG 26852 --- [uscdip-backend] [nio-8080-exec-1] org.hibernate.SQL                        : select ure1_0.id,ure1_0.role_code,ure1_0.user_id from rbac_user_role ure1_0 where ure1_0.user_id=?
2026-05-08T20:37:27.569+08:00 DEBUG 26852 --- [uscdip-backend] [nio-8080-exec-2] o.s.web.servlet.DispatcherServlet        : Completed 200 OK
2026-05-08T20:37:27.570+08:00 DEBUG 26852 --- [uscdip-backend] [nio-8080-exec-1] org.hibernate.SQL                        : select rpe1_0.id,rpe1_0.permission_code,rpe1_0.role_code from rbac_role_permission rpe1_0 where rpe1_0.role_code in (?,?)
2026-05-08T20:37:27.572+08:00 DEBUG 26852 --- [uscdip-backend] [nio-8080-exec-1] org.hibernate.SQL                        : select udse1_0.id,udse1_0.scope_type,udse1_0.scope_value,udse1_0.user_id from user_data_scope udse1_0 where udse1_0.user_id=?
2026-05-08T20:37:27.573+08:00 DEBUG 26852 --- [uscdip-backend] [nio-8080-exec-1] org.hibernate.SQL                        : select tsre1_0.id,tsre1_0.description,tsre1_0.role_code,tsre1_0.topic_pattern from topic_scope_rule tsre1_0 where tsre1_0.role_code in (?,?)
2026-05-08T20:37:27.575+08:00 DEBUG 26852 --- [uscdip-backend] [nio-8080-exec-5] org.hibernate.SQL                        : select tlee1_0.event_id,tlee1_0.actor_user_id,tlee1_0.client_ip,tlee1_0.detail,tlee1_0.event_time,tlee1_0.event_type,tlee1_0.latency_ms,tlee1_0.message_id,tlee1_0.object_id,tlee1_0.object_type,tlee1_0.parent_span_id,tlee1_0.recv_time,tlee1_0.route_path,tlee1_0.session_id,tlee1_0.source_module,tlee1_0.span_id,tlee1_0.stage,tlee1_0.status,tlee1_0.topic,tlee1_0.trace_id from trace_link_event tlee1_0 where tlee1_0.event_id=?
2026-05-08T20:37:27.575+08:00 DEBUG 26852 --- [uscdip-backend] [nio-8080-exec-2] org.hibernate.SQL                        : select tlee1_0.event_id,tlee1_0.actor_user_id,tlee1_0.client_ip,tlee1_0.detail,tlee1_0.event_time,tlee1_0.event_type,tlee1_0.latency_ms,tlee1_0.message_id,tlee1_0.object_id,tlee1_0.object_type,tlee1_0.parent_span_id,tlee1_0.recv_time,tlee1_0.route_path,tlee1_0.session_id,tlee1_0.source_module,tlee1_0.span_id,tlee1_0.stage,tlee1_0.status,tlee1_0.topic,tlee1_0.trace_id from trace_link_event tlee1_0 where tlee1_0.event_id=?
2026-05-08T20:37:27.575+08:00 DEBUG 26852 --- [uscdip-backend] [nio-8080-exec-5] org.hibernate.SQL                        : insert into trace_link_event (actor_user_id,client_ip,detail,event_time,event_type,latency_ms,message_id,object_id,object_type,parent_span_id,recv_time,route_path,session_id,source_module,span_id,stage,status,topic,trace_id,event_id) values (?,?,?,?,?,?,?,?,?,?,?,?,?,?,?,?,?,?,?,?)
2026-05-08T20:37:27.575+08:00 DEBUG 26852 --- [uscdip-backend] [nio-8080-exec-2] org.hibernate.SQL                        : insert into trace_link_event (actor_user_id,client_ip,detail,event_time,event_type,latency_ms,message_id,object_id,object_type,parent_span_id,recv_time,route_path,session_id,source_module,span_id,stage,status,topic,trace_id,event_id) values (?,?,?,?,?,?,?,?,?,?,?,?,?,?,?,?,?,?,?,?)
2026-05-08T20:37:27.575+08:00 DEBUG 26852 --- [uscdip-backend] [nio-8080-exec-1] o.s.w.s.m.m.a.HttpEntityMethodProcessor  : Using 'application/json', given [application/json] and supported [application/json, application/*+json]
2026-05-08T20:37:27.575+08:00 DEBUG 26852 --- [uscdip-backend] [nio-8080-exec-1] o.s.w.s.m.m.a.HttpEntityMethodProcessor  : Writing [ApiResponse[success=true, data={userId=OIDC-4382FDF11F41BC8F1A5FDF7E, authenticationType=UsernamePas (truncated)...]
2026-05-08T20:37:27.577+08:00 DEBUG 26852 --- [uscdip-backend] [nio-8080-exec-1] o.s.web.servlet.DispatcherServlet        : Completed 200 OK
2026-05-08T20:37:27.578+08:00 DEBUG 26852 --- [uscdip-backend] [nio-8080-exec-1] org.hibernate.SQL                        : select tlee1_0.event_id,tlee1_0.actor_user_id,tlee1_0.client_ip,tlee1_0.detail,tlee1_0.event_time,tlee1_0.event_type,tlee1_0.latency_ms,tlee1_0.message_id,tlee1_0.object_id,tlee1_0.object_type,tlee1_0.parent_span_id,tlee1_0.recv_time,tlee1_0.route_path,tlee1_0.session_id,tlee1_0.source_module,tlee1_0.span_id,tlee1_0.stage,tlee1_0.status,tlee1_0.topic,tlee1_0.trace_id from trace_link_event tlee1_0 where tlee1_0.event_id=?
2026-05-08T20:37:27.579+08:00 DEBUG 26852 --- [uscdip-backend] [nio-8080-exec-1] org.hibernate.SQL                        : insert into trace_link_event (actor_user_id,client_ip,detail,event_time,event_type,latency_ms,message_id,object_id,object_type,parent_span_id,recv_time,route_path,session_id,source_module,span_id,stage,status,topic,trace_id,event_id) values (?,?,?,?,?,?,?,?,?,?,?,?,?,?,?,?,?,?,?,?)
2026-05-08T20:37:27.594+08:00 DEBUG 26852 --- [uscdip-backend] [nio-8080-exec-8] org.hibernate.SQL                        : select tlee1_0.event_id,tlee1_0.actor_user_id,tlee1_0.client_ip,tlee1_0.detail,tlee1_0.event_time,tlee1_0.event_type,tlee1_0.latency_ms,tlee1_0.message_id,tlee1_0.object_id,tlee1_0.object_type,tlee1_0.parent_span_id,tlee1_0.recv_time,tlee1_0.route_path,tlee1_0.session_id,tlee1_0.source_module,tlee1_0.span_id,tlee1_0.stage,tlee1_0.status,tlee1_0.topic,tlee1_0.trace_id from trace_link_event tlee1_0 where tlee1_0.event_id=?
2026-05-08T20:37:27.594+08:00 DEBUG 26852 --- [uscdip-backend] [nio-8080-exec-7] org.hibernate.SQL                        : select tlee1_0.event_id,tlee1_0.actor_user_id,tlee1_0.client_ip,tlee1_0.detail,tlee1_0.event_time,tlee1_0.event_type,tlee1_0.latency_ms,tlee1_0.message_id,tlee1_0.object_id,tlee1_0.object_type,tlee1_0.parent_span_id,tlee1_0.recv_time,tlee1_0.route_path,tlee1_0.session_id,tlee1_0.source_module,tlee1_0.span_id,tlee1_0.stage,tlee1_0.status,tlee1_0.topic,tlee1_0.trace_id from trace_link_event tlee1_0 where tlee1_0.event_id=?
2026-05-08T20:37:27.595+08:00 DEBUG 26852 --- [uscdip-backend] [nio-8080-exec-7] org.hibernate.SQL                        : insert into trace_link_event (actor_user_id,client_ip,detail,event_time,event_type,latency_ms,message_id,object_id,object_type,parent_span_id,recv_time,route_path,session_id,source_module,span_id,stage,status,topic,trace_id,event_id) values (?,?,?,?,?,?,?,?,?,?,?,?,?,?,?,?,?,?,?,?)
2026-05-08T20:37:27.595+08:00 DEBUG 26852 --- [uscdip-backend] [nio-8080-exec-8] org.hibernate.SQL                        : insert into trace_link_event (actor_user_id,client_ip,detail,event_time,event_type,latency_ms,message_id,object_id,object_type,parent_span_id,recv_time,route_path,session_id,source_module,span_id,stage,status,topic,trace_id,event_id) values (?,?,?,?,?,?,?,?,?,?,?,?,?,?,?,?,?,?,?,?)
2026-05-08T20:37:27.597+08:00 DEBUG 26852 --- [uscdip-backend] [nio-8080-exec-7] org.hibernate.SQL                        : select uae1_0.user_id,uae1_0.created_at,uae1_0.disabled_at,uae1_0.display_name,uae1_0.primary_region_id,uae1_0.status,uae1_0.token_valid_after,uae1_0.updated_at,uae1_0.username from user_account uae1_0 where uae1_0.user_id=?
2026-05-08T20:37:27.597+08:00 DEBUG 26852 --- [uscdip-backend] [nio-8080-exec-8] org.hibernate.SQL                        : select uae1_0.user_id,uae1_0.created_at,uae1_0.disabled_at,uae1_0.display_name,uae1_0.primary_region_id,uae1_0.status,uae1_0.token_valid_after,uae1_0.updated_at,uae1_0.username from user_account uae1_0 where uae1_0.user_id=?
2026-05-08T20:37:27.598+08:00 DEBUG 26852 --- [uscdip-backend] [nio-8080-exec-7] org.hibernate.SQL                        : select ase1_0.session_id,ase1_0.auth_mode,ase1_0.client_ip,ase1_0.created_at,ase1_0.emergency_account_id,ase1_0.revoke_reason,ase1_0.revoked_at,ase1_0.status,ase1_0.updated_at,ase1_0.user_agent,ase1_0.user_id from auth_session ase1_0 where ase1_0.session_id=?
2026-05-08T20:37:27.598+08:00 DEBUG 26852 --- [uscdip-backend] [nio-8080-exec-8] org.hibernate.SQL                        : select ase1_0.session_id,ase1_0.auth_mode,ase1_0.client_ip,ase1_0.created_at,ase1_0.emergency_account_id,ase1_0.revoke_reason,ase1_0.revoked_at,ase1_0.status,ase1_0.updated_at,ase1_0.user_agent,ase1_0.user_id from auth_session ase1_0 where ase1_0.session_id=?
2026-05-08T20:37:27.599+08:00 DEBUG 26852 --- [uscdip-backend] [nio-8080-exec-7] org.hibernate.SQL                        : select grpe1_0.policy_id,grpe1_0.audit_enabled,grpe1_0.auth_required,grpe1_0.created_at,grpe1_0.enabled,grpe1_0.http_method,grpe1_0.path_pattern,grpe1_0.rate_limit_capacity,grpe1_0.rate_limit_scope,grpe1_0.rate_limit_window_seconds,grpe1_0.risk_level,grpe1_0.route_code,grpe1_0.updated_at,grpe1_0.validation_profile from gateway_route_policy grpe1_0 where grpe1_0.enabled
2026-05-08T20:37:27.599+08:00 DEBUG 26852 --- [uscdip-backend] [nio-8080-exec-8] org.hibernate.SQL                        : select grpe1_0.policy_id,grpe1_0.audit_enabled,grpe1_0.auth_required,grpe1_0.created_at,grpe1_0.enabled,grpe1_0.http_method,grpe1_0.path_pattern,grpe1_0.rate_limit_capacity,grpe1_0.rate_limit_scope,grpe1_0.rate_limit_window_seconds,grpe1_0.risk_level,grpe1_0.route_code,grpe1_0.updated_at,grpe1_0.validation_profile from gateway_route_policy grpe1_0 where grpe1_0.enabled
2026-05-08T20:37:27.601+08:00 DEBUG 26852 --- [uscdip-backend] [nio-8080-exec-7] org.hibernate.SQL                        : select gcre1_0.rule_id,gcre1_0.created_at,gcre1_0.enabled,gcre1_0.expires_at,gcre1_0.reason,gcre1_0.rule_type,gcre1_0.subject_type,gcre1_0.subject_value,gcre1_0.updated_at from gateway_client_rule gcre1_0 where gcre1_0.enabled
2026-05-08T20:37:27.601+08:00 DEBUG 26852 --- [uscdip-backend] [nio-8080-exec-8] org.hibernate.SQL                        : select gcre1_0.rule_id,gcre1_0.created_at,gcre1_0.enabled,gcre1_0.expires_at,gcre1_0.reason,gcre1_0.rule_type,gcre1_0.subject_type,gcre1_0.subject_value,gcre1_0.updated_at from gateway_client_rule gcre1_0 where gcre1_0.enabled
2026-05-08T20:37:27.602+08:00 DEBUG 26852 --- [uscdip-backend] [nio-8080-exec-8] o.s.web.servlet.DispatcherServlet        : GET "/api/workorders?page=1&pageSize=5", parameters={masked}
2026-05-08T20:37:27.602+08:00 DEBUG 26852 --- [uscdip-backend] [nio-8080-exec-7] o.s.web.servlet.DispatcherServlet        : GET "/api/notifications?page=1&pageSize=5", parameters={masked}
2026-05-08T20:37:27.602+08:00 DEBUG 26852 --- [uscdip-backend] [nio-8080-exec-8] s.w.s.m.m.a.RequestMappingHandlerMapping : Mapped to com.uscdip.backend.controller.WorkOrderController#listWorkOrders(Authentication, int, int, String, String, String, String)
2026-05-08T20:37:27.602+08:00 DEBUG 26852 --- [uscdip-backend] [nio-8080-exec-7] s.w.s.m.m.a.RequestMappingHandlerMapping : Mapped to com.uscdip.backend.controller.NotificationController#listNotifications(Authentication, int, int, String, String, String, String, String)
2026-05-08T20:37:27.613+08:00 DEBUG 26852 --- [uscdip-backend] [nio-8080-exec-7] org.hibernate.SQL                        : select uae1_0.user_id,uae1_0.created_at,uae1_0.disabled_at,uae1_0.display_name,uae1_0.primary_region_id,uae1_0.status,uae1_0.token_valid_after,uae1_0.updated_at,uae1_0.username from user_account uae1_0 where uae1_0.user_id=?
2026-05-08T20:37:27.613+08:00 DEBUG 26852 --- [uscdip-backend] [nio-8080-exec-8] org.hibernate.SQL                        : select uae1_0.user_id,uae1_0.created_at,uae1_0.disabled_at,uae1_0.display_name,uae1_0.primary_region_id,uae1_0.status,uae1_0.token_valid_after,uae1_0.updated_at,uae1_0.username from user_account uae1_0 where uae1_0.user_id=?
2026-05-08T20:37:27.615+08:00 DEBUG 26852 --- [uscdip-backend] [nio-8080-exec-7] org.hibernate.SQL                        : select ure1_0.id,ure1_0.role_code,ure1_0.user_id from rbac_user_role ure1_0 where ure1_0.user_id=?
2026-05-08T20:37:27.615+08:00 DEBUG 26852 --- [uscdip-backend] [nio-8080-exec-8] org.hibernate.SQL                        : select ure1_0.id,ure1_0.role_code,ure1_0.user_id from rbac_user_role ure1_0 where ure1_0.user_id=?
2026-05-08T20:37:27.616+08:00 DEBUG 26852 --- [uscdip-backend] [nio-8080-exec-7] org.hibernate.SQL                        : select rpe1_0.id,rpe1_0.permission_code,rpe1_0.role_code from rbac_role_permission rpe1_0 where rpe1_0.role_code in (?,?)
2026-05-08T20:37:27.616+08:00 DEBUG 26852 --- [uscdip-backend] [nio-8080-exec-8] org.hibernate.SQL                        : select rpe1_0.id,rpe1_0.permission_code,rpe1_0.role_code from rbac_role_permission rpe1_0 where rpe1_0.role_code in (?,?)
2026-05-08T20:37:27.618+08:00 DEBUG 26852 --- [uscdip-backend] [nio-8080-exec-7] org.hibernate.SQL                        : select udse1_0.id,udse1_0.scope_type,udse1_0.scope_value,udse1_0.user_id from user_data_scope udse1_0 where udse1_0.user_id=?
2026-05-08T20:37:27.618+08:00 DEBUG 26852 --- [uscdip-backend] [nio-8080-exec-8] org.hibernate.SQL                        : select udse1_0.id,udse1_0.scope_type,udse1_0.scope_value,udse1_0.user_id from user_data_scope udse1_0 where udse1_0.user_id=?
2026-05-08T20:37:27.618+08:00 DEBUG 26852 --- [uscdip-backend] [nio-8080-exec-7] org.hibernate.SQL                        : select tsre1_0.id,tsre1_0.description,tsre1_0.role_code,tsre1_0.topic_pattern from topic_scope_rule tsre1_0 where tsre1_0.role_code in (?,?)
2026-05-08T20:37:27.619+08:00 DEBUG 26852 --- [uscdip-backend] [nio-8080-exec-8] org.hibernate.SQL                        : select tsre1_0.id,tsre1_0.description,tsre1_0.role_code,tsre1_0.topic_pattern from topic_scope_rule tsre1_0 where tsre1_0.role_code in (?,?)
2026-05-08T20:37:27.622+08:00 DEBUG 26852 --- [uscdip-backend] [nio-8080-exec-7] org.hibernate.SQL                        : select ure1_0.id,ure1_0.role_code,ure1_0.user_id from rbac_user_role ure1_0 where ure1_0.user_id=?
2026-05-08T20:37:27.622+08:00 DEBUG 26852 --- [uscdip-backend] [nio-8080-exec-7] org.hibernate.SQL                        : select rpe1_0.id,rpe1_0.permission_code,rpe1_0.role_code from rbac_role_permission rpe1_0 where rpe1_0.role_code in (?,?)
2026-05-08T20:37:27.625+08:00 DEBUG 26852 --- [uscdip-backend] [nio-8080-exec-7] org.hibernate.SQL                        : select udse1_0.id,udse1_0.scope_type,udse1_0.scope_value,udse1_0.user_id from user_data_scope udse1_0 where udse1_0.user_id=?
2026-05-08T20:37:27.626+08:00 DEBUG 26852 --- [uscdip-backend] [nio-8080-exec-7] org.hibernate.SQL                        : select tsre1_0.id,tsre1_0.description,tsre1_0.role_code,tsre1_0.topic_pattern from topic_scope_rule tsre1_0 where tsre1_0.role_code in (?,?)
2026-05-08T20:37:27.627+08:00 DEBUG 26852 --- [uscdip-backend] [nio-8080-exec-7] org.hibernate.SQL                        : select nme1_0.notification_id,nme1_0.aggregate_id,nme1_0.aggregate_type,nme1_0.completed_at,nme1_0.content,nme1_0.created_at,nme1_0.event_type,nme1_0.idempotent_key,nme1_0.last_error,nme1_0.recipient_user_id,nme1_0.recipient_username,nme1_0.source_event_id,nme1_0.status,nme1_0.title,nme1_0.trace_id,nme1_0.updated_at from notification_message nme1_0 order by nme1_0.created_at desc,nme1_0.notification_id desc
2026-05-08T20:37:27.628+08:00 DEBUG 26852 --- [uscdip-backend] [nio-8080-exec-8] org.hibernate.SQL                        : select ure1_0.id,ure1_0.role_code,ure1_0.user_id from rbac_user_role ure1_0 where ure1_0.user_id=?
2026-05-08T20:37:27.630+08:00 DEBUG 26852 --- [uscdip-backend] [nio-8080-exec-8] org.hibernate.SQL                        : select rpe1_0.id,rpe1_0.permission_code,rpe1_0.role_code from rbac_role_permission rpe1_0 where rpe1_0.role_code in (?,?)
2026-05-08T20:37:27.631+08:00 DEBUG 26852 --- [uscdip-backend] [nio-8080-exec-8] org.hibernate.SQL                        : select udse1_0.id,udse1_0.scope_type,udse1_0.scope_value,udse1_0.user_id from user_data_scope udse1_0 where udse1_0.user_id=?
2026-05-08T20:37:27.631+08:00 DEBUG 26852 --- [uscdip-backend] [nio-8080-exec-7] org.hibernate.SQL                        : select nde1_0.delivery_id,nde1_0.attempt_count,nde1_0.channel,nde1_0.created_at,nde1_0.last_error,nde1_0.next_retry_at,nde1_0.notification_id,nde1_0.sent_at,nde1_0.status,nde1_0.target,nde1_0.updated_at from notification_delivery nde1_0 where nde1_0.notification_id in (?)
2026-05-08T20:37:27.633+08:00 DEBUG 26852 --- [uscdip-backend] [nio-8080-exec-8] org.hibernate.SQL                        : select tsre1_0.id,tsre1_0.description,tsre1_0.role_code,tsre1_0.topic_pattern from topic_scope_rule tsre1_0 where tsre1_0.role_code in (?,?)
2026-05-08T20:37:27.634+08:00 DEBUG 26852 --- [uscdip-backend] [nio-8080-exec-8] org.hibernate.SQL                        : select woe1_0.work_order_id,woe1_0.accepted_at,woe1_0.accepted_by,woe1_0.assignee,woe1_0.assignee_user_id,woe1_0.close_reason,woe1_0.closed_at,woe1_0.closed_by,woe1_0.completed_at,woe1_0.completed_by,woe1_0.completion_summary,woe1_0.created_at,woe1_0.created_by,woe1_0.description,woe1_0.dispatched_at,woe1_0.dispatched_by,woe1_0.incident_id,woe1_0.node_id,woe1_0.priority,woe1_0.segment_id,woe1_0.sla_due_at,woe1_0.status,woe1_0.updated_at,woe1_0.version_no,woe1_0.work_order_type,woe1_0.writeback_at,woe1_0.writeback_reason,woe1_0.writeback_type from work_order woe1_0 order by woe1_0.updated_at desc,woe1_0.work_order_id desc
2026-05-08T20:37:27.638+08:00 DEBUG 26852 --- [uscdip-backend] [nio-8080-exec-8] org.hibernate.SQL                        : select osbe1_0.binding_id,osbe1_0.created_at,osbe1_0.object_id,osbe1_0.object_type,osbe1_0.owner_user_id,osbe1_0.owner_username,osbe1_0.region_id,osbe1_0.scope_level,osbe1_0.updated_at from object_scope_binding osbe1_0 where osbe1_0.object_type=? and osbe1_0.object_id in (?,?,?,?,?)
2026-05-08T20:37:27.638+08:00 DEBUG 26852 --- [uscdip-backend] [nio-8080-exec-7] org.hibernate.SQL                        : select osbe1_0.binding_id,osbe1_0.created_at,osbe1_0.object_id,osbe1_0.object_type,osbe1_0.owner_user_id,osbe1_0.owner_username,osbe1_0.region_id,osbe1_0.scope_level,osbe1_0.updated_at from object_scope_binding osbe1_0 where osbe1_0.object_type=? and osbe1_0.object_id in (?)
2026-05-08T20:37:27.642+08:00 DEBUG 26852 --- [uscdip-backend] [nio-8080-exec-7] m.m.a.RequestResponseBodyMethodProcessor : Using 'application/json', given [application/json] and supported [application/json, application/*+json]
2026-05-08T20:37:27.643+08:00 DEBUG 26852 --- [uscdip-backend] [nio-8080-exec-8] m.m.a.RequestResponseBodyMethodProcessor : Using 'application/json', given [application/json] and supported [application/json, application/*+json]
2026-05-08T20:37:27.655+08:00 DEBUG 26852 --- [uscdip-backend] [nio-8080-exec-8] m.m.a.RequestResponseBodyMethodProcessor : Writing [ApiResponse[success=true, data=PageResponse[items=[WorkOrderResponse[workOrderId=WO-002, incidentId= (truncated)...]
2026-05-08T20:37:27.655+08:00 DEBUG 26852 --- [uscdip-backend] [nio-8080-exec-7] m.m.a.RequestResponseBodyMethodProcessor : Writing [ApiResponse[success=true, data=PageResponse[items=[NotificationResponse[notificationId=NOTIFY-SEED-W (truncated)...]
2026-05-08T20:37:27.657+08:00 DEBUG 26852 --- [uscdip-backend] [nio-8080-exec-8] o.s.web.servlet.DispatcherServlet        : Completed 200 OK
2026-05-08T20:37:27.658+08:00 DEBUG 26852 --- [uscdip-backend] [nio-8080-exec-7] o.s.web.servlet.DispatcherServlet        : Completed 200 OK
2026-05-08T20:37:27.659+08:00 DEBUG 26852 --- [uscdip-backend] [nio-8080-exec-8] org.hibernate.SQL                        : select tlee1_0.event_id,tlee1_0.actor_user_id,tlee1_0.client_ip,tlee1_0.detail,tlee1_0.event_time,tlee1_0.event_type,tlee1_0.latency_ms,tlee1_0.message_id,tlee1_0.object_id,tlee1_0.object_type,tlee1_0.parent_span_id,tlee1_0.recv_time,tlee1_0.route_path,tlee1_0.session_id,tlee1_0.source_module,tlee1_0.span_id,tlee1_0.stage,tlee1_0.status,tlee1_0.topic,tlee1_0.trace_id from trace_link_event tlee1_0 where tlee1_0.event_id=?
2026-05-08T20:37:27.660+08:00 DEBUG 26852 --- [uscdip-backend] [nio-8080-exec-8] org.hibernate.SQL                        : insert into trace_link_event (actor_user_id,client_ip,detail,event_time,event_type,latency_ms,message_id,object_id,object_type,parent_span_id,recv_time,route_path,session_id,source_module,span_id,stage,status,topic,trace_id,event_id) values (?,?,?,?,?,?,?,?,?,?,?,?,?,?,?,?,?,?,?,?)
2026-05-08T20:37:27.660+08:00 DEBUG 26852 --- [uscdip-backend] [nio-8080-exec-7] org.hibernate.SQL                        : select tlee1_0.event_id,tlee1_0.actor_user_id,tlee1_0.client_ip,tlee1_0.detail,tlee1_0.event_time,tlee1_0.event_type,tlee1_0.latency_ms,tlee1_0.message_id,tlee1_0.object_id,tlee1_0.object_type,tlee1_0.parent_span_id,tlee1_0.recv_time,tlee1_0.route_path,tlee1_0.session_id,tlee1_0.source_module,tlee1_0.span_id,tlee1_0.stage,tlee1_0.status,tlee1_0.topic,tlee1_0.trace_id from trace_link_event tlee1_0 where tlee1_0.event_id=?
2026-05-08T20:37:27.661+08:00 DEBUG 26852 --- [uscdip-backend] [nio-8080-exec-7] org.hibernate.SQL                        : insert into trace_link_event (actor_user_id,client_ip,detail,event_time,event_type,latency_ms,message_id,object_id,object_type,parent_span_id,recv_time,route_path,session_id,source_module,span_id,stage,status,topic,trace_id,event_id) values (?,?,?,?,?,?,?,?,?,?,?,?,?,?,?,?,?,?,?,?)
2026-05-08T20:37:32.787+08:00 DEBUG 26852 --- [uscdip-backend] [nio-8080-exec-3] org.hibernate.SQL                        : select tlee1_0.event_id,tlee1_0.actor_user_id,tlee1_0.client_ip,tlee1_0.detail,tlee1_0.event_time,tlee1_0.event_type,tlee1_0.latency_ms,tlee1_0.message_id,tlee1_0.object_id,tlee1_0.object_type,tlee1_0.parent_span_id,tlee1_0.recv_time,tlee1_0.route_path,tlee1_0.session_id,tlee1_0.source_module,tlee1_0.span_id,tlee1_0.stage,tlee1_0.status,tlee1_0.topic,tlee1_0.trace_id from trace_link_event tlee1_0 where tlee1_0.event_id=?
2026-05-08T20:37:32.789+08:00 DEBUG 26852 --- [uscdip-backend] [nio-8080-exec-3] org.hibernate.SQL                        : insert into trace_link_event (actor_user_id,client_ip,detail,event_time,event_type,latency_ms,message_id,object_id,object_type,parent_span_id,recv_time,route_path,session_id,source_module,span_id,stage,status,topic,trace_id,event_id) values (?,?,?,?,?,?,?,?,?,?,?,?,?,?,?,?,?,?,?,?)
2026-05-08T20:37:32.790+08:00 DEBUG 26852 --- [uscdip-backend] [nio-8080-exec-3] org.hibernate.SQL                        : select uae1_0.user_id,uae1_0.created_at,uae1_0.disabled_at,uae1_0.display_name,uae1_0.primary_region_id,uae1_0.status,uae1_0.token_valid_after,uae1_0.updated_at,uae1_0.username from user_account uae1_0 where uae1_0.user_id=?
2026-05-08T20:37:32.791+08:00 DEBUG 26852 --- [uscdip-backend] [nio-8080-exec-3] org.hibernate.SQL                        : select ase1_0.session_id,ase1_0.auth_mode,ase1_0.client_ip,ase1_0.created_at,ase1_0.emergency_account_id,ase1_0.revoke_reason,ase1_0.revoked_at,ase1_0.status,ase1_0.updated_at,ase1_0.user_agent,ase1_0.user_id from auth_session ase1_0 where ase1_0.session_id=?
2026-05-08T20:37:32.792+08:00 DEBUG 26852 --- [uscdip-backend] [nio-8080-exec-3] org.hibernate.SQL                        : select grpe1_0.policy_id,grpe1_0.audit_enabled,grpe1_0.auth_required,grpe1_0.created_at,grpe1_0.enabled,grpe1_0.http_method,grpe1_0.path_pattern,grpe1_0.rate_limit_capacity,grpe1_0.rate_limit_scope,grpe1_0.rate_limit_window_seconds,grpe1_0.risk_level,grpe1_0.route_code,grpe1_0.updated_at,grpe1_0.validation_profile from gateway_route_policy grpe1_0 where grpe1_0.enabled
2026-05-08T20:37:32.794+08:00 DEBUG 26852 --- [uscdip-backend] [nio-8080-exec-3] org.hibernate.SQL                        : select gcre1_0.rule_id,gcre1_0.created_at,gcre1_0.enabled,gcre1_0.expires_at,gcre1_0.reason,gcre1_0.rule_type,gcre1_0.subject_type,gcre1_0.subject_value,gcre1_0.updated_at from gateway_client_rule gcre1_0 where gcre1_0.enabled
2026-05-08T20:37:32.796+08:00 DEBUG 26852 --- [uscdip-backend] [nio-8080-exec-3] o.s.web.servlet.DispatcherServlet        : POST "/api/auth/logout", parameters={}
2026-05-08T20:37:32.796+08:00 DEBUG 26852 --- [uscdip-backend] [nio-8080-exec-3] s.w.s.m.m.a.RequestMappingHandlerMapping : Mapped to com.uscdip.backend.controller.AuthController#logout(Authentication, HttpServletRequest, HttpServletResponse)
2026-05-08T20:37:32.800+08:00 DEBUG 26852 --- [uscdip-backend] [nio-8080-exec-3] org.hibernate.SQL                        : select arte1_0.token_id,arte1_0.auth_mode,arte1_0.client_ip,arte1_0.created_at,arte1_0.emergency_account_id,arte1_0.expires_at,arte1_0.issued_at,arte1_0.replaced_by_token_id,arte1_0.rotated_from_token_id,arte1_0.session_id,arte1_0.status,arte1_0.token_hash,arte1_0.updated_at,arte1_0.user_agent,arte1_0.user_id from auth_refresh_token arte1_0 where arte1_0.session_id=?
2026-05-08T20:37:32.801+08:00 DEBUG 26852 --- [uscdip-backend] [nio-8080-exec-3] org.hibernate.SQL                        : select ase1_0.session_id,ase1_0.auth_mode,ase1_0.client_ip,ase1_0.created_at,ase1_0.emergency_account_id,ase1_0.revoke_reason,ase1_0.revoked_at,ase1_0.status,ase1_0.updated_at,ase1_0.user_agent,ase1_0.user_id from auth_session ase1_0 where ase1_0.session_id=?
2026-05-08T20:37:32.802+08:00 DEBUG 26852 --- [uscdip-backend] [nio-8080-exec-3] org.hibernate.SQL                        : insert into security_audit (auth_mode,client_ip,created_at,detail,emergency_account_id,event_type,outcome,session_id,token_id,trace_id,user_agent,user_id,id) values (?,?,?,?,?,?,?,?,?,?,?,?,default)
2026-05-08T20:37:32.803+08:00 DEBUG 26852 --- [uscdip-backend] [nio-8080-exec-3] org.hibernate.SQL                        : select ale1_0.audit_id,ale1_0.action,ale1_0.actor_user_id,ale1_0.actor_username,ale1_0.after_snapshot,ale1_0.auth_mode,ale1_0.before_snapshot,ale1_0.client_ip,ale1_0.detail,ale1_0.emergency_account_id,ale1_0.event_category,ale1_0.event_time,ale1_0.event_type,ale1_0.http_method,ale1_0.object_id,ale1_0.object_type,ale1_0.outcome,ale1_0.request_path,ale1_0.risk_level,ale1_0.source_module,ale1_0.source_record_id,ale1_0.source_table,ale1_0.trace_id,ale1_0.user_agent from audit_log ale1_0 where ale1_0.audit_id=?
2026-05-08T20:37:32.805+08:00 DEBUG 26852 --- [uscdip-backend] [nio-8080-exec-3] org.hibernate.SQL                        : insert into audit_log (action,actor_user_id,actor_username,after_snapshot,auth_mode,before_snapshot,client_ip,detail,emergency_account_id,event_category,event_time,event_type,http_method,object_id,object_type,outcome,request_path,risk_level,source_module,source_record_id,source_table,trace_id,user_agent,audit_id) values (?,?,?,?,?,?,?,?,?,?,?,?,?,?,?,?,?,?,?,?,?,?,?,?)
2026-05-08T20:37:32.806+08:00 DEBUG 26852 --- [uscdip-backend] [nio-8080-exec-3] org.hibernate.SQL                        : insert into security_audit (auth_mode,client_ip,created_at,detail,emergency_account_id,event_type,outcome,session_id,token_id,trace_id,user_agent,user_id,id) values (?,?,?,?,?,?,?,?,?,?,?,?,default)
2026-05-08T20:37:32.807+08:00 DEBUG 26852 --- [uscdip-backend] [nio-8080-exec-3] org.hibernate.SQL                        : select ale1_0.audit_id,ale1_0.action,ale1_0.actor_user_id,ale1_0.actor_username,ale1_0.after_snapshot,ale1_0.auth_mode,ale1_0.before_snapshot,ale1_0.client_ip,ale1_0.detail,ale1_0.emergency_account_id,ale1_0.event_category,ale1_0.event_time,ale1_0.event_type,ale1_0.http_method,ale1_0.object_id,ale1_0.object_type,ale1_0.outcome,ale1_0.request_path,ale1_0.risk_level,ale1_0.source_module,ale1_0.source_record_id,ale1_0.source_table,ale1_0.trace_id,ale1_0.user_agent from audit_log ale1_0 where ale1_0.audit_id=?
2026-05-08T20:37:32.808+08:00 DEBUG 26852 --- [uscdip-backend] [nio-8080-exec-3] org.hibernate.SQL                        : insert into audit_log (action,actor_user_id,actor_username,after_snapshot,auth_mode,before_snapshot,client_ip,detail,emergency_account_id,event_category,event_time,event_type,http_method,object_id,object_type,outcome,request_path,risk_level,source_module,source_record_id,source_table,trace_id,user_agent,audit_id) values (?,?,?,?,?,?,?,?,?,?,?,?,?,?,?,?,?,?,?,?,?,?,?,?)
2026-05-08T20:37:32.809+08:00 DEBUG 26852 --- [uscdip-backend] [nio-8080-exec-3] org.hibernate.SQL                        : update auth_refresh_token set auth_mode=?,client_ip=?,created_at=?,emergency_account_id=?,expires_at=?,issued_at=?,replaced_by_token_id=?,rotated_from_token_id=?,session_id=?,status=?,token_hash=?,updated_at=?,user_agent=?,user_id=? where token_id=?
2026-05-08T20:37:32.809+08:00 DEBUG 26852 --- [uscdip-backend] [nio-8080-exec-3] org.hibernate.SQL                        : update auth_session set auth_mode=?,client_ip=?,created_at=?,emergency_account_id=?,revoke_reason=?,revoked_at=?,status=?,updated_at=?,user_agent=?,user_id=? where session_id=?
2026-05-08T20:37:32.812+08:00 DEBUG 26852 --- [uscdip-backend] [nio-8080-exec-3] o.s.w.s.m.m.a.HttpEntityMethodProcessor  : Using 'application/json', given [application/json] and supported [application/json, application/*+json]
2026-05-08T20:37:32.812+08:00 DEBUG 26852 --- [uscdip-backend] [nio-8080-exec-3] o.s.w.s.m.m.a.HttpEntityMethodProcessor  : Writing [ApiResponse[success=true, data={loggedOut=true, providerLogoutUrl=null, postLogoutRedirectUri=null,  (truncated)...]
2026-05-08T20:37:32.813+08:00 DEBUG 26852 --- [uscdip-backend] [nio-8080-exec-3] o.s.web.servlet.DispatcherServlet        : Completed 200 OK
2026-05-08T20:37:32.814+08:00 DEBUG 26852 --- [uscdip-backend] [nio-8080-exec-3] org.hibernate.SQL                        : select tlee1_0.event_id,tlee1_0.actor_user_id,tlee1_0.client_ip,tlee1_0.detail,tlee1_0.event_time,tlee1_0.event_type,tlee1_0.latency_ms,tlee1_0.message_id,tlee1_0.object_id,tlee1_0.object_type,tlee1_0.parent_span_id,tlee1_0.recv_time,tlee1_0.route_path,tlee1_0.session_id,tlee1_0.source_module,tlee1_0.span_id,tlee1_0.stage,tlee1_0.status,tlee1_0.topic,tlee1_0.trace_id from trace_link_event tlee1_0 where tlee1_0.event_id=?
2026-05-08T20:37:32.816+08:00 DEBUG 26852 --- [uscdip-backend] [nio-8080-exec-3] org.hibernate.SQL                        : insert into trace_link_event (actor_user_id,client_ip,detail,event_time,event_type,latency_ms,message_id,object_id,object_type,parent_span_id,recv_time,route_path,session_id,source_module,span_id,stage,status,topic,trace_id,event_id) values (?,?,?,?,?,?,?,?,?,?,?,?,?,?,?,?,?,?,?,?)
2026-05-08T20:37:33.860+08:00 DEBUG 26852 --- [uscdip-backend] [nio-8080-exec-4] org.hibernate.SQL                        : select tlee1_0.event_id,tlee1_0.actor_user_id,tlee1_0.client_ip,tlee1_0.detail,tlee1_0.event_time,tlee1_0.event_type,tlee1_0.latency_ms,tlee1_0.message_id,tlee1_0.object_id,tlee1_0.object_type,tlee1_0.parent_span_id,tlee1_0.recv_time,tlee1_0.route_path,tlee1_0.session_id,tlee1_0.source_module,tlee1_0.span_id,tlee1_0.stage,tlee1_0.status,tlee1_0.topic,tlee1_0.trace_id from trace_link_event tlee1_0 where tlee1_0.event_id=?
2026-05-08T20:37:33.862+08:00 DEBUG 26852 --- [uscdip-backend] [nio-8080-exec-4] org.hibernate.SQL                        : insert into trace_link_event (actor_user_id,client_ip,detail,event_time,event_type,latency_ms,message_id,object_id,object_type,parent_span_id,recv_time,route_path,session_id,source_module,span_id,stage,status,topic,trace_id,event_id) values (?,?,?,?,?,?,?,?,?,?,?,?,?,?,?,?,?,?,?,?)
2026-05-08T20:37:33.864+08:00 DEBUG 26852 --- [uscdip-backend] [nio-8080-exec-4] org.hibernate.SQL                        : select grpe1_0.policy_id,grpe1_0.audit_enabled,grpe1_0.auth_required,grpe1_0.created_at,grpe1_0.enabled,grpe1_0.http_method,grpe1_0.path_pattern,grpe1_0.rate_limit_capacity,grpe1_0.rate_limit_scope,grpe1_0.rate_limit_window_seconds,grpe1_0.risk_level,grpe1_0.route_code,grpe1_0.updated_at,grpe1_0.validation_profile from gateway_route_policy grpe1_0 where grpe1_0.enabled
2026-05-08T20:37:33.866+08:00 DEBUG 26852 --- [uscdip-backend] [nio-8080-exec-4] org.hibernate.SQL                        : select gcre1_0.rule_id,gcre1_0.created_at,gcre1_0.enabled,gcre1_0.expires_at,gcre1_0.reason,gcre1_0.rule_type,gcre1_0.subject_type,gcre1_0.subject_value,gcre1_0.updated_at from gateway_client_rule gcre1_0 where gcre1_0.enabled
2026-05-08T20:37:33.867+08:00 DEBUG 26852 --- [uscdip-backend] [nio-8080-exec-4] o.s.web.servlet.DispatcherServlet        : GET "/api/auth/login-url?redirectUri=http%3A%2F%2Flocalhost%3A5173%2Fauth%2Fcallback", parameters={masked}
2026-05-08T20:37:33.868+08:00 DEBUG 26852 --- [uscdip-backend] [nio-8080-exec-4] s.w.s.m.m.a.RequestMappingHandlerMapping : Mapped to com.uscdip.backend.controller.AuthController#getLoginUrl(String, HttpServletRequest)
2026-05-08T20:37:33.869+08:00 DEBUG 26852 --- [uscdip-backend] [nio-8080-exec-4] org.hibernate.SQL                        : select olse1_0.state,olse1_0.client_ip,olse1_0.code_verifier,olse1_0.consumed_at,olse1_0.created_at,olse1_0.expires_at,olse1_0.redirect_uri,olse1_0.status,olse1_0.user_agent from auth_oidc_state olse1_0 where olse1_0.status=?
2026-05-08T20:37:33.870+08:00 DEBUG 26852 --- [uscdip-backend] [nio-8080-exec-4] org.hibernate.SQL                        : select olse1_0.state,olse1_0.client_ip,olse1_0.code_verifier,olse1_0.consumed_at,olse1_0.created_at,olse1_0.expires_at,olse1_0.redirect_uri,olse1_0.status,olse1_0.user_agent from auth_oidc_state olse1_0 where olse1_0.state=?
2026-05-08T20:37:33.872+08:00 DEBUG 26852 --- [uscdip-backend] [nio-8080-exec-4] org.hibernate.SQL                        : insert into auth_oidc_state (client_ip,code_verifier,consumed_at,created_at,expires_at,redirect_uri,status,user_agent,state) values (?,?,?,?,?,?,?,?,?)
2026-05-08T20:37:33.872+08:00 DEBUG 26852 --- [uscdip-backend] [nio-8080-exec-4] m.m.a.RequestResponseBodyMethodProcessor : Using 'application/json', given [application/json] and supported [application/json, application/*+json]
2026-05-08T20:37:33.872+08:00 DEBUG 26852 --- [uscdip-backend] [nio-8080-exec-4] m.m.a.RequestResponseBodyMethodProcessor : Writing [ApiResponse[success=true, data=AuthLoginDescriptor[enabled=true, registrationId=keycloak, authorizat (truncated)...]
2026-05-08T20:37:33.873+08:00 DEBUG 26852 --- [uscdip-backend] [nio-8080-exec-4] o.s.web.servlet.DispatcherServlet        : Completed 200 OK
2026-05-08T20:37:33.875+08:00 DEBUG 26852 --- [uscdip-backend] [nio-8080-exec-4] org.hibernate.SQL                        : select tlee1_0.event_id,tlee1_0.actor_user_id,tlee1_0.client_ip,tlee1_0.detail,tlee1_0.event_time,tlee1_0.event_type,tlee1_0.latency_ms,tlee1_0.message_id,tlee1_0.object_id,tlee1_0.object_type,tlee1_0.parent_span_id,tlee1_0.recv_time,tlee1_0.route_path,tlee1_0.session_id,tlee1_0.source_module,tlee1_0.span_id,tlee1_0.stage,tlee1_0.status,tlee1_0.topic,tlee1_0.trace_id from trace_link_event tlee1_0 where tlee1_0.event_id=?
2026-05-08T20:37:33.876+08:00 DEBUG 26852 --- [uscdip-backend] [nio-8080-exec-4] org.hibernate.SQL                        : insert into trace_link_event (actor_user_id,client_ip,detail,event_time,event_type,latency_ms,message_id,object_id,object_type,parent_span_id,recv_time,route_path,session_id,source_module,span_id,stage,status,topic,trace_id,event_id) values (?,?,?,?,?,?,?,?,?,?,?,?,?,?,?,?,?,?,?,?)
2026-05-08T20:37:35.468+08:00 DEBUG 26852 --- [uscdip-backend] [nio-8080-exec-9] org.hibernate.SQL                        : select tlee1_0.event_id,tlee1_0.actor_user_id,tlee1_0.client_ip,tlee1_0.detail,tlee1_0.event_time,tlee1_0.event_type,tlee1_0.latency_ms,tlee1_0.message_id,tlee1_0.object_id,tlee1_0.object_type,tlee1_0.parent_span_id,tlee1_0.recv_time,tlee1_0.route_path,tlee1_0.session_id,tlee1_0.source_module,tlee1_0.span_id,tlee1_0.stage,tlee1_0.status,tlee1_0.topic,tlee1_0.trace_id from trace_link_event tlee1_0 where tlee1_0.event_id=?
2026-05-08T20:37:35.472+08:00 DEBUG 26852 --- [uscdip-backend] [nio-8080-exec-9] org.hibernate.SQL                        : insert into trace_link_event (actor_user_id,client_ip,detail,event_time,event_type,latency_ms,message_id,object_id,object_type,parent_span_id,recv_time,route_path,session_id,source_module,span_id,stage,status,topic,trace_id,event_id) values (?,?,?,?,?,?,?,?,?,?,?,?,?,?,?,?,?,?,?,?)
2026-05-08T20:37:35.476+08:00 DEBUG 26852 --- [uscdip-backend] [nio-8080-exec-9] org.hibernate.SQL                        : select grpe1_0.policy_id,grpe1_0.audit_enabled,grpe1_0.auth_required,grpe1_0.created_at,grpe1_0.enabled,grpe1_0.http_method,grpe1_0.path_pattern,grpe1_0.rate_limit_capacity,grpe1_0.rate_limit_scope,grpe1_0.rate_limit_window_seconds,grpe1_0.risk_level,grpe1_0.route_code,grpe1_0.updated_at,grpe1_0.validation_profile from gateway_route_policy grpe1_0 where grpe1_0.enabled
2026-05-08T20:37:35.482+08:00 DEBUG 26852 --- [uscdip-backend] [nio-8080-exec-9] org.hibernate.SQL                        : select gcre1_0.rule_id,gcre1_0.created_at,gcre1_0.enabled,gcre1_0.expires_at,gcre1_0.reason,gcre1_0.rule_type,gcre1_0.subject_type,gcre1_0.subject_value,gcre1_0.updated_at from gateway_client_rule gcre1_0 where gcre1_0.enabled
2026-05-08T20:37:35.540+08:00 DEBUG 26852 --- [uscdip-backend] [nio-8080-exec-9] o.s.web.servlet.DispatcherServlet        : POST "/api/auth/callback", parameters={}
2026-05-08T20:37:35.541+08:00 DEBUG 26852 --- [uscdip-backend] [nio-8080-exec-9] s.w.s.m.m.a.RequestMappingHandlerMapping : Mapped to com.uscdip.backend.controller.AuthController#callback(AuthCallbackRequest, HttpServletRequest)
2026-05-08T20:37:35.542+08:00 DEBUG 26852 --- [uscdip-backend] [nio-8080-exec-9] m.m.a.RequestResponseBodyMethodProcessor : Read "application/json;charset=UTF-8" to [AuthCallbackRequest[code=48f49847-d7da-4100-b4d5-a0e6e0cebdf0.f2831f69-728d-4d1b-9e3e-c537e88643d9.8 (truncated)...]
2026-05-08T20:37:35.544+08:00 DEBUG 26852 --- [uscdip-backend] [nio-8080-exec-9] org.hibernate.SQL                        : select olse1_0.state,olse1_0.client_ip,olse1_0.code_verifier,olse1_0.consumed_at,olse1_0.created_at,olse1_0.expires_at,olse1_0.redirect_uri,olse1_0.status,olse1_0.user_agent from auth_oidc_state olse1_0 where olse1_0.state=?
2026-05-08T20:37:35.545+08:00 DEBUG 26852 --- [uscdip-backend] [nio-8080-exec-9] o.s.web.client.RestTemplate              : HTTP POST http://localhost:8081/realms/uscdip/protocol/openid-connect/token
2026-05-08T20:37:35.545+08:00 DEBUG 26852 --- [uscdip-backend] [nio-8080-exec-9] o.s.web.client.RestTemplate              : Accept=[application/json, application/*+json]
2026-05-08T20:37:35.546+08:00 DEBUG 26852 --- [uscdip-backend] [nio-8080-exec-9] o.s.web.client.RestTemplate              : Writing [{grant_type=[authorization_code], code=[48f49847-d7da-4100-b4d5-a0e6e0cebdf0.f2831f69-728d-4d1b-9e3e-c537e88643d9.896f842c-7f24-4d33-9f65-11ae84fac4dc], redirect_uri=[http://localhost:5173/auth/callback], code_verifier=[yacWbtKUaoDIjp-Vd3ybjM8ErP7Vhs1XNEhkuWPdK9-St9BbLOWCk7a86NCruOq-]}] as "application/x-www-form-urlencoded"
2026-05-08T20:37:35.582+08:00 DEBUG 26852 --- [uscdip-backend] [nio-8080-exec-9] o.s.web.client.RestTemplate              : Response 200 OK
2026-05-08T20:37:35.582+08:00 DEBUG 26852 --- [uscdip-backend] [nio-8080-exec-9] o.s.web.client.RestTemplate              : Reading to [java.util.Map<java.lang.String, java.lang.Object>]
2026-05-08T20:37:35.588+08:00 DEBUG 26852 --- [uscdip-backend] [nio-8080-exec-9] org.hibernate.SQL                        : select uae1_0.user_id,uae1_0.created_at,uae1_0.disabled_at,uae1_0.display_name,uae1_0.primary_region_id,uae1_0.status,uae1_0.token_valid_after,uae1_0.updated_at,uae1_0.username from user_account uae1_0 where uae1_0.user_id=?
2026-05-08T20:37:35.590+08:00 DEBUG 26852 --- [uscdip-backend] [nio-8080-exec-9] org.hibernate.SQL                        : select count(*) from rbac_role re1_0 where re1_0.role_code=?
2026-05-08T20:37:35.590+08:00 DEBUG 26852 --- [uscdip-backend] [nio-8080-exec-9] org.hibernate.SQL                        : select count(*) from rbac_role re1_0 where re1_0.role_code=?
2026-05-08T20:37:35.592+08:00 DEBUG 26852 --- [uscdip-backend] [nio-8080-exec-9] org.hibernate.SQL                        : select ure1_0.id,ure1_0.role_code,ure1_0.user_id from rbac_user_role ure1_0 where ure1_0.user_id=?
2026-05-08T20:37:35.618+08:00 DEBUG 26852 --- [uscdip-backend] [nio-8080-exec-9] org.hibernate.SQL                        : insert into rbac_user_role (role_code,user_id,id) values (?,?,default)
2026-05-08T20:37:35.619+08:00 DEBUG 26852 --- [uscdip-backend] [nio-8080-exec-9] org.hibernate.SQL                        : insert into rbac_user_role (role_code,user_id,id) values (?,?,default)
2026-05-08T20:37:35.620+08:00 DEBUG 26852 --- [uscdip-backend] [nio-8080-exec-9] org.hibernate.SQL                        : select udse1_0.id,udse1_0.scope_type,udse1_0.scope_value,udse1_0.user_id from user_data_scope udse1_0 where udse1_0.user_id=?
2026-05-08T20:37:35.621+08:00 DEBUG 26852 --- [uscdip-backend] [nio-8080-exec-9] org.hibernate.SQL                        : insert into user_data_scope (scope_type,scope_value,user_id,id) values (?,?,?,default)
2026-05-08T20:37:35.624+08:00 DEBUG 26852 --- [uscdip-backend] [nio-8080-exec-9] org.hibernate.SQL                        : insert into security_audit (auth_mode,client_ip,created_at,detail,emergency_account_id,event_type,outcome,session_id,token_id,trace_id,user_agent,user_id,id) values (?,?,?,?,?,?,?,?,?,?,?,?,default)
2026-05-08T20:37:35.625+08:00 DEBUG 26852 --- [uscdip-backend] [nio-8080-exec-9] org.hibernate.SQL                        : select ale1_0.audit_id,ale1_0.action,ale1_0.actor_user_id,ale1_0.actor_username,ale1_0.after_snapshot,ale1_0.auth_mode,ale1_0.before_snapshot,ale1_0.client_ip,ale1_0.detail,ale1_0.emergency_account_id,ale1_0.event_category,ale1_0.event_time,ale1_0.event_type,ale1_0.http_method,ale1_0.object_id,ale1_0.object_type,ale1_0.outcome,ale1_0.request_path,ale1_0.risk_level,ale1_0.source_module,ale1_0.source_record_id,ale1_0.source_table,ale1_0.trace_id,ale1_0.user_agent from audit_log ale1_0 where ale1_0.audit_id=?
2026-05-08T20:37:35.627+08:00 DEBUG 26852 --- [uscdip-backend] [nio-8080-exec-9] org.hibernate.SQL                        : select ase1_0.session_id,ase1_0.auth_mode,ase1_0.client_ip,ase1_0.created_at,ase1_0.emergency_account_id,ase1_0.revoke_reason,ase1_0.revoked_at,ase1_0.status,ase1_0.updated_at,ase1_0.user_agent,ase1_0.user_id from auth_session ase1_0 where ase1_0.session_id=?
2026-05-08T20:37:35.628+08:00 DEBUG 26852 --- [uscdip-backend] [nio-8080-exec-9] org.hibernate.SQL                        : select ase1_0.session_id,ase1_0.auth_mode,ase1_0.client_ip,ase1_0.created_at,ase1_0.emergency_account_id,ase1_0.revoke_reason,ase1_0.revoked_at,ase1_0.status,ase1_0.updated_at,ase1_0.user_agent,ase1_0.user_id from auth_session ase1_0 where ase1_0.session_id=?
2026-05-08T20:37:35.629+08:00 DEBUG 26852 --- [uscdip-backend] [nio-8080-exec-9] org.hibernate.SQL                        : select arte1_0.token_id,arte1_0.auth_mode,arte1_0.client_ip,arte1_0.created_at,arte1_0.emergency_account_id,arte1_0.expires_at,arte1_0.issued_at,arte1_0.replaced_by_token_id,arte1_0.rotated_from_token_id,arte1_0.session_id,arte1_0.status,arte1_0.token_hash,arte1_0.updated_at,arte1_0.user_agent,arte1_0.user_id from auth_refresh_token arte1_0 where arte1_0.token_id=?
2026-05-08T20:37:35.631+08:00 DEBUG 26852 --- [uscdip-backend] [nio-8080-exec-9] org.hibernate.SQL                        : insert into audit_log (action,actor_user_id,actor_username,after_snapshot,auth_mode,before_snapshot,client_ip,detail,emergency_account_id,event_category,event_time,event_type,http_method,object_id,object_type,outcome,request_path,risk_level,source_module,source_record_id,source_table,trace_id,user_agent,audit_id) values (?,?,?,?,?,?,?,?,?,?,?,?,?,?,?,?,?,?,?,?,?,?,?,?)
2026-05-08T20:37:35.632+08:00 DEBUG 26852 --- [uscdip-backend] [nio-8080-exec-9] org.hibernate.SQL                        : insert into auth_session (auth_mode,client_ip,created_at,emergency_account_id,revoke_reason,revoked_at,status,updated_at,user_agent,user_id,session_id) values (?,?,?,?,?,?,?,?,?,?,?)
2026-05-08T20:37:35.632+08:00 DEBUG 26852 --- [uscdip-backend] [nio-8080-exec-9] org.hibernate.SQL                        : insert into auth_refresh_token (auth_mode,client_ip,created_at,emergency_account_id,expires_at,issued_at,replaced_by_token_id,rotated_from_token_id,session_id,status,token_hash,updated_at,user_agent,user_id,token_id) values (?,?,?,?,?,?,?,?,?,?,?,?,?,?,?)
2026-05-08T20:37:35.633+08:00 DEBUG 26852 --- [uscdip-backend] [nio-8080-exec-9] org.hibernate.SQL                        : update auth_oidc_state set client_ip=?,code_verifier=?,consumed_at=?,created_at=?,expires_at=?,redirect_uri=?,status=?,user_agent=? where state=?
2026-05-08T20:37:35.634+08:00 DEBUG 26852 --- [uscdip-backend] [nio-8080-exec-9] org.hibernate.SQL                        : update user_account set created_at=?,disabled_at=?,display_name=?,primary_region_id=?,status=?,token_valid_after=?,updated_at=?,username=? where user_id=?
2026-05-08T20:37:35.636+08:00 DEBUG 26852 --- [uscdip-backend] [nio-8080-exec-9] org.hibernate.SQL                        : delete from rbac_user_role where id=?
2026-05-08T20:37:35.678+08:00 DEBUG 26852 --- [uscdip-backend] [nio-8080-exec-9] org.hibernate.SQL                        : delete from rbac_user_role where id=?
2026-05-08T20:37:35.679+08:00 DEBUG 26852 --- [uscdip-backend] [nio-8080-exec-9] org.hibernate.SQL                        : delete from user_data_scope where id=?
2026-05-08T20:37:35.679+08:00 DEBUG 26852 --- [uscdip-backend] [nio-8080-exec-9] org.hibernate.SQL                        : select ure1_0.id,ure1_0.role_code,ure1_0.user_id from rbac_user_role ure1_0 where ure1_0.user_id=?
2026-05-08T20:37:35.681+08:00 DEBUG 26852 --- [uscdip-backend] [nio-8080-exec-9] org.hibernate.SQL                        : select rpe1_0.id,rpe1_0.permission_code,rpe1_0.role_code from rbac_role_permission rpe1_0 where rpe1_0.role_code in (?,?)
2026-05-08T20:37:35.682+08:00 DEBUG 26852 --- [uscdip-backend] [nio-8080-exec-9] org.hibernate.SQL                        : select udse1_0.id,udse1_0.scope_type,udse1_0.scope_value,udse1_0.user_id from user_data_scope udse1_0 where udse1_0.user_id=?
2026-05-08T20:37:35.685+08:00 DEBUG 26852 --- [uscdip-backend] [nio-8080-exec-9] org.hibernate.SQL                        : select tsre1_0.id,tsre1_0.description,tsre1_0.role_code,tsre1_0.topic_pattern from topic_scope_rule tsre1_0 where tsre1_0.role_code in (?,?)
2026-05-08T20:37:35.686+08:00 DEBUG 26852 --- [uscdip-backend] [nio-8080-exec-9] m.m.a.RequestResponseBodyMethodProcessor : Using 'application/json', given [application/json] and supported [application/json, application/*+json]
2026-05-08T20:37:35.687+08:00 DEBUG 26852 --- [uscdip-backend] [nio-8080-exec-9] m.m.a.RequestResponseBodyMethodProcessor : Writing [ApiResponse[success=true, data=TokenPairResponse[accessToken=eyJ0eXAiOiJKV1QiLCJhbGciOiJIUzI1NiJ9.ey (truncated)...]
2026-05-08T20:37:35.688+08:00 DEBUG 26852 --- [uscdip-backend] [nio-8080-exec-9] o.s.web.servlet.DispatcherServlet        : Completed 200 OK
2026-05-08T20:37:35.690+08:00 DEBUG 26852 --- [uscdip-backend] [nio-8080-exec-9] org.hibernate.SQL                        : select tlee1_0.event_id,tlee1_0.actor_user_id,tlee1_0.client_ip,tlee1_0.detail,tlee1_0.event_time,tlee1_0.event_type,tlee1_0.latency_ms,tlee1_0.message_id,tlee1_0.object_id,tlee1_0.object_type,tlee1_0.parent_span_id,tlee1_0.recv_time,tlee1_0.route_path,tlee1_0.session_id,tlee1_0.source_module,tlee1_0.span_id,tlee1_0.stage,tlee1_0.status,tlee1_0.topic,tlee1_0.trace_id from trace_link_event tlee1_0 where tlee1_0.event_id=?
2026-05-08T20:37:35.691+08:00 DEBUG 26852 --- [uscdip-backend] [nio-8080-exec-9] org.hibernate.SQL                        : insert into trace_link_event (actor_user_id,client_ip,detail,event_time,event_type,latency_ms,message_id,object_id,object_type,parent_span_id,recv_time,route_path,session_id,source_module,span_id,stage,status,topic,trace_id,event_id) values (?,?,?,?,?,?,?,?,?,?,?,?,?,?,?,?,?,?,?,?)
2026-05-08T20:37:36.856+08:00 DEBUG 26852 --- [uscdip-backend] [nio-8080-exec-6] org.hibernate.SQL                        : select tlee1_0.event_id,tlee1_0.actor_user_id,tlee1_0.client_ip,tlee1_0.detail,tlee1_0.event_time,tlee1_0.event_type,tlee1_0.latency_ms,tlee1_0.message_id,tlee1_0.object_id,tlee1_0.object_type,tlee1_0.parent_span_id,tlee1_0.recv_time,tlee1_0.route_path,tlee1_0.session_id,tlee1_0.source_module,tlee1_0.span_id,tlee1_0.stage,tlee1_0.status,tlee1_0.topic,tlee1_0.trace_id from trace_link_event tlee1_0 where tlee1_0.event_id=?
2026-05-08T20:37:36.856+08:00 DEBUG 26852 --- [uscdip-backend] [io-8080-exec-10] org.hibernate.SQL                        : select tlee1_0.event_id,tlee1_0.actor_user_id,tlee1_0.client_ip,tlee1_0.detail,tlee1_0.event_time,tlee1_0.event_type,tlee1_0.latency_ms,tlee1_0.message_id,tlee1_0.object_id,tlee1_0.object_type,tlee1_0.parent_span_id,tlee1_0.recv_time,tlee1_0.route_path,tlee1_0.session_id,tlee1_0.source_module,tlee1_0.span_id,tlee1_0.stage,tlee1_0.status,tlee1_0.topic,tlee1_0.trace_id from trace_link_event tlee1_0 where tlee1_0.event_id=?
2026-05-08T20:37:36.856+08:00 DEBUG 26852 --- [uscdip-backend] [nio-8080-exec-5] org.hibernate.SQL                        : select tlee1_0.event_id,tlee1_0.actor_user_id,tlee1_0.client_ip,tlee1_0.detail,tlee1_0.event_time,tlee1_0.event_type,tlee1_0.latency_ms,tlee1_0.message_id,tlee1_0.object_id,tlee1_0.object_type,tlee1_0.parent_span_id,tlee1_0.recv_time,tlee1_0.route_path,tlee1_0.session_id,tlee1_0.source_module,tlee1_0.span_id,tlee1_0.stage,tlee1_0.status,tlee1_0.topic,tlee1_0.trace_id from trace_link_event tlee1_0 where tlee1_0.event_id=?
2026-05-08T20:37:36.857+08:00 DEBUG 26852 --- [uscdip-backend] [nio-8080-exec-6] org.hibernate.SQL                        : insert into trace_link_event (actor_user_id,client_ip,detail,event_time,event_type,latency_ms,message_id,object_id,object_type,parent_span_id,recv_time,route_path,session_id,source_module,span_id,stage,status,topic,trace_id,event_id) values (?,?,?,?,?,?,?,?,?,?,?,?,?,?,?,?,?,?,?,?)
2026-05-08T20:37:36.858+08:00 DEBUG 26852 --- [uscdip-backend] [nio-8080-exec-5] org.hibernate.SQL                        : insert into trace_link_event (actor_user_id,client_ip,detail,event_time,event_type,latency_ms,message_id,object_id,object_type,parent_span_id,recv_time,route_path,session_id,source_module,span_id,stage,status,topic,trace_id,event_id) values (?,?,?,?,?,?,?,?,?,?,?,?,?,?,?,?,?,?,?,?)
2026-05-08T20:37:36.858+08:00 DEBUG 26852 --- [uscdip-backend] [io-8080-exec-10] org.hibernate.SQL                        : insert into trace_link_event (actor_user_id,client_ip,detail,event_time,event_type,latency_ms,message_id,object_id,object_type,parent_span_id,recv_time,route_path,session_id,source_module,span_id,stage,status,topic,trace_id,event_id) values (?,?,?,?,?,?,?,?,?,?,?,?,?,?,?,?,?,?,?,?)
2026-05-08T20:37:36.860+08:00 DEBUG 26852 --- [uscdip-backend] [nio-8080-exec-6] org.hibernate.SQL                        : select uae1_0.user_id,uae1_0.created_at,uae1_0.disabled_at,uae1_0.display_name,uae1_0.primary_region_id,uae1_0.status,uae1_0.token_valid_after,uae1_0.updated_at,uae1_0.username from user_account uae1_0 where uae1_0.user_id=?
2026-05-08T20:37:36.861+08:00 DEBUG 26852 --- [uscdip-backend] [nio-8080-exec-5] org.hibernate.SQL                        : select uae1_0.user_id,uae1_0.created_at,uae1_0.disabled_at,uae1_0.display_name,uae1_0.primary_region_id,uae1_0.status,uae1_0.token_valid_after,uae1_0.updated_at,uae1_0.username from user_account uae1_0 where uae1_0.user_id=?
2026-05-08T20:37:36.861+08:00 DEBUG 26852 --- [uscdip-backend] [nio-8080-exec-6] org.hibernate.SQL                        : select ase1_0.session_id,ase1_0.auth_mode,ase1_0.client_ip,ase1_0.created_at,ase1_0.emergency_account_id,ase1_0.revoke_reason,ase1_0.revoked_at,ase1_0.status,ase1_0.updated_at,ase1_0.user_agent,ase1_0.user_id from auth_session ase1_0 where ase1_0.session_id=?
2026-05-08T20:37:36.861+08:00 DEBUG 26852 --- [uscdip-backend] [io-8080-exec-10] org.hibernate.SQL                        : select uae1_0.user_id,uae1_0.created_at,uae1_0.disabled_at,uae1_0.display_name,uae1_0.primary_region_id,uae1_0.status,uae1_0.token_valid_after,uae1_0.updated_at,uae1_0.username from user_account uae1_0 where uae1_0.user_id=?
2026-05-08T20:37:36.862+08:00 DEBUG 26852 --- [uscdip-backend] [nio-8080-exec-5] org.hibernate.SQL                        : select ase1_0.session_id,ase1_0.auth_mode,ase1_0.client_ip,ase1_0.created_at,ase1_0.emergency_account_id,ase1_0.revoke_reason,ase1_0.revoked_at,ase1_0.status,ase1_0.updated_at,ase1_0.user_agent,ase1_0.user_id from auth_session ase1_0 where ase1_0.session_id=?
2026-05-08T20:37:36.862+08:00 DEBUG 26852 --- [uscdip-backend] [io-8080-exec-10] org.hibernate.SQL                        : select ase1_0.session_id,ase1_0.auth_mode,ase1_0.client_ip,ase1_0.created_at,ase1_0.emergency_account_id,ase1_0.revoke_reason,ase1_0.revoked_at,ase1_0.status,ase1_0.updated_at,ase1_0.user_agent,ase1_0.user_id from auth_session ase1_0 where ase1_0.session_id=?
2026-05-08T20:37:36.862+08:00 DEBUG 26852 --- [uscdip-backend] [nio-8080-exec-6] org.hibernate.SQL                        : select grpe1_0.policy_id,grpe1_0.audit_enabled,grpe1_0.auth_required,grpe1_0.created_at,grpe1_0.enabled,grpe1_0.http_method,grpe1_0.path_pattern,grpe1_0.rate_limit_capacity,grpe1_0.rate_limit_scope,grpe1_0.rate_limit_window_seconds,grpe1_0.risk_level,grpe1_0.route_code,grpe1_0.updated_at,grpe1_0.validation_profile from gateway_route_policy grpe1_0 where grpe1_0.enabled
2026-05-08T20:37:36.862+08:00 DEBUG 26852 --- [uscdip-backend] [nio-8080-exec-5] org.hibernate.SQL                        : select grpe1_0.policy_id,grpe1_0.audit_enabled,grpe1_0.auth_required,grpe1_0.created_at,grpe1_0.enabled,grpe1_0.http_method,grpe1_0.path_pattern,grpe1_0.rate_limit_capacity,grpe1_0.rate_limit_scope,grpe1_0.rate_limit_window_seconds,grpe1_0.risk_level,grpe1_0.route_code,grpe1_0.updated_at,grpe1_0.validation_profile from gateway_route_policy grpe1_0 where grpe1_0.enabled
2026-05-08T20:37:36.864+08:00 DEBUG 26852 --- [uscdip-backend] [nio-8080-exec-6] org.hibernate.SQL                        : select gcre1_0.rule_id,gcre1_0.created_at,gcre1_0.enabled,gcre1_0.expires_at,gcre1_0.reason,gcre1_0.rule_type,gcre1_0.subject_type,gcre1_0.subject_value,gcre1_0.updated_at from gateway_client_rule gcre1_0 where gcre1_0.enabled
2026-05-08T20:37:36.864+08:00 DEBUG 26852 --- [uscdip-backend] [nio-8080-exec-5] org.hibernate.SQL                        : select gcre1_0.rule_id,gcre1_0.created_at,gcre1_0.enabled,gcre1_0.expires_at,gcre1_0.reason,gcre1_0.rule_type,gcre1_0.subject_type,gcre1_0.subject_value,gcre1_0.updated_at from gateway_client_rule gcre1_0 where gcre1_0.enabled
2026-05-08T20:37:36.864+08:00 DEBUG 26852 --- [uscdip-backend] [io-8080-exec-10] org.hibernate.SQL                        : select grpe1_0.policy_id,grpe1_0.audit_enabled,grpe1_0.auth_required,grpe1_0.created_at,grpe1_0.enabled,grpe1_0.http_method,grpe1_0.path_pattern,grpe1_0.rate_limit_capacity,grpe1_0.rate_limit_scope,grpe1_0.rate_limit_window_seconds,grpe1_0.risk_level,grpe1_0.route_code,grpe1_0.updated_at,grpe1_0.validation_profile from gateway_route_policy grpe1_0 where grpe1_0.enabled
2026-05-08T20:37:36.865+08:00 DEBUG 26852 --- [uscdip-backend] [nio-8080-exec-5] o.s.web.servlet.DispatcherServlet        : GET "/api/menu-boundaries", parameters={}
2026-05-08T20:37:36.865+08:00 DEBUG 26852 --- [uscdip-backend] [nio-8080-exec-6] o.s.web.servlet.DispatcherServlet        : GET "/api/platforms", parameters={}
2026-05-08T20:37:36.865+08:00 DEBUG 26852 --- [uscdip-backend] [nio-8080-exec-5] s.w.s.m.m.a.RequestMappingHandlerMapping : Mapped to com.uscdip.backend.controller.BoundaryController#getMenuBoundaries()
2026-05-08T20:37:36.865+08:00 DEBUG 26852 --- [uscdip-backend] [nio-8080-exec-6] s.w.s.m.m.a.RequestMappingHandlerMapping : Mapped to com.uscdip.backend.controller.BoundaryController#getPlatforms()
2026-05-08T20:37:36.866+08:00 DEBUG 26852 --- [uscdip-backend] [nio-8080-exec-6] m.m.a.RequestResponseBodyMethodProcessor : Using 'application/json', given [application/json] and supported [application/json, application/*+json]
2026-05-08T20:37:36.866+08:00 DEBUG 26852 --- [uscdip-backend] [nio-8080-exec-5] m.m.a.RequestResponseBodyMethodProcessor : Using 'application/json', given [application/json] and supported [application/json, application/*+json]
2026-05-08T20:37:36.867+08:00 DEBUG 26852 --- [uscdip-backend] [nio-8080-exec-6] m.m.a.RequestResponseBodyMethodProcessor : Writing [ApiResponse[success=true, data=[PlatformBoundary[platformCode=PORTAL, platformName=平台选择门户, routePref (truncated)...]
2026-05-08T20:37:36.867+08:00 DEBUG 26852 --- [uscdip-backend] [nio-8080-exec-5] m.m.a.RequestResponseBodyMethodProcessor : Writing [ApiResponse[success=true, data=BoundarySpec[version=1.0.0, source=A-01统一菜单与平台边界表-后端落地版, platforms=[P (truncated)...]
2026-05-08T20:37:36.867+08:00 DEBUG 26852 --- [uscdip-backend] [io-8080-exec-10] org.hibernate.SQL                        : select gcre1_0.rule_id,gcre1_0.created_at,gcre1_0.enabled,gcre1_0.expires_at,gcre1_0.reason,gcre1_0.rule_type,gcre1_0.subject_type,gcre1_0.subject_value,gcre1_0.updated_at from gateway_client_rule gcre1_0 where gcre1_0.enabled
2026-05-08T20:37:36.867+08:00 DEBUG 26852 --- [uscdip-backend] [nio-8080-exec-6] o.s.web.servlet.DispatcherServlet        : Completed 200 OK
2026-05-08T20:37:36.867+08:00 DEBUG 26852 --- [uscdip-backend] [nio-8080-exec-5] o.s.web.servlet.DispatcherServlet        : Completed 200 OK
2026-05-08T20:37:36.868+08:00 DEBUG 26852 --- [uscdip-backend] [nio-8080-exec-5] org.hibernate.SQL                        : select tlee1_0.event_id,tlee1_0.actor_user_id,tlee1_0.client_ip,tlee1_0.detail,tlee1_0.event_time,tlee1_0.event_type,tlee1_0.latency_ms,tlee1_0.message_id,tlee1_0.object_id,tlee1_0.object_type,tlee1_0.parent_span_id,tlee1_0.recv_time,tlee1_0.route_path,tlee1_0.session_id,tlee1_0.source_module,tlee1_0.span_id,tlee1_0.stage,tlee1_0.status,tlee1_0.topic,tlee1_0.trace_id from trace_link_event tlee1_0 where tlee1_0.event_id=?
2026-05-08T20:37:36.868+08:00 DEBUG 26852 --- [uscdip-backend] [nio-8080-exec-6] org.hibernate.SQL                        : select tlee1_0.event_id,tlee1_0.actor_user_id,tlee1_0.client_ip,tlee1_0.detail,tlee1_0.event_time,tlee1_0.event_type,tlee1_0.latency_ms,tlee1_0.message_id,tlee1_0.object_id,tlee1_0.object_type,tlee1_0.parent_span_id,tlee1_0.recv_time,tlee1_0.route_path,tlee1_0.session_id,tlee1_0.source_module,tlee1_0.span_id,tlee1_0.stage,tlee1_0.status,tlee1_0.topic,tlee1_0.trace_id from trace_link_event tlee1_0 where tlee1_0.event_id=?
2026-05-08T20:37:36.869+08:00 DEBUG 26852 --- [uscdip-backend] [nio-8080-exec-6] org.hibernate.SQL                        : insert into trace_link_event (actor_user_id,client_ip,detail,event_time,event_type,latency_ms,message_id,object_id,object_type,parent_span_id,recv_time,route_path,session_id,source_module,span_id,stage,status,topic,trace_id,event_id) values (?,?,?,?,?,?,?,?,?,?,?,?,?,?,?,?,?,?,?,?)
2026-05-08T20:37:36.868+08:00 DEBUG 26852 --- [uscdip-backend] [io-8080-exec-10] o.s.web.servlet.DispatcherServlet        : GET "/api/auth/me", parameters={}
2026-05-08T20:37:36.869+08:00 DEBUG 26852 --- [uscdip-backend] [nio-8080-exec-5] org.hibernate.SQL                        : insert into trace_link_event (actor_user_id,client_ip,detail,event_time,event_type,latency_ms,message_id,object_id,object_type,parent_span_id,recv_time,route_path,session_id,source_module,span_id,stage,status,topic,trace_id,event_id) values (?,?,?,?,?,?,?,?,?,?,?,?,?,?,?,?,?,?,?,?)
2026-05-08T20:37:36.870+08:00 DEBUG 26852 --- [uscdip-backend] [io-8080-exec-10] s.w.s.m.m.a.RequestMappingHandlerMapping : Mapped to com.uscdip.backend.controller.AuthController#me(Authentication, HttpServletRequest)
2026-05-08T20:37:36.873+08:00 DEBUG 26852 --- [uscdip-backend] [io-8080-exec-10] org.hibernate.SQL                        : select uae1_0.user_id,uae1_0.created_at,uae1_0.disabled_at,uae1_0.display_name,uae1_0.primary_region_id,uae1_0.status,uae1_0.token_valid_after,uae1_0.updated_at,uae1_0.username from user_account uae1_0 where uae1_0.user_id=?
2026-05-08T20:37:36.875+08:00 DEBUG 26852 --- [uscdip-backend] [io-8080-exec-10] org.hibernate.SQL                        : select ure1_0.id,ure1_0.role_code,ure1_0.user_id from rbac_user_role ure1_0 where ure1_0.user_id=?
2026-05-08T20:37:36.879+08:00 DEBUG 26852 --- [uscdip-backend] [io-8080-exec-10] org.hibernate.SQL                        : select rpe1_0.id,rpe1_0.permission_code,rpe1_0.role_code from rbac_role_permission rpe1_0 where rpe1_0.role_code in (?,?)
2026-05-08T20:37:36.880+08:00 DEBUG 26852 --- [uscdip-backend] [io-8080-exec-10] org.hibernate.SQL                        : select udse1_0.id,udse1_0.scope_type,udse1_0.scope_value,udse1_0.user_id from user_data_scope udse1_0 where udse1_0.user_id=?
2026-05-08T20:37:36.882+08:00 DEBUG 26852 --- [uscdip-backend] [io-8080-exec-10] org.hibernate.SQL                        : select tsre1_0.id,tsre1_0.description,tsre1_0.role_code,tsre1_0.topic_pattern from topic_scope_rule tsre1_0 where tsre1_0.role_code in (?,?)
2026-05-08T20:37:36.884+08:00 DEBUG 26852 --- [uscdip-backend] [io-8080-exec-10] o.s.w.s.m.m.a.HttpEntityMethodProcessor  : Using 'application/json', given [application/json] and supported [application/json, application/*+json]
2026-05-08T20:37:36.885+08:00 DEBUG 26852 --- [uscdip-backend] [io-8080-exec-10] o.s.w.s.m.m.a.HttpEntityMethodProcessor  : Writing [ApiResponse[success=true, data={userId=OIDC-4382FDF11F41BC8F1A5FDF7E, authenticationType=UsernamePas (truncated)...]
2026-05-08T20:37:36.886+08:00 DEBUG 26852 --- [uscdip-backend] [io-8080-exec-10] o.s.web.servlet.DispatcherServlet        : Completed 200 OK
2026-05-08T20:37:36.887+08:00 DEBUG 26852 --- [uscdip-backend] [io-8080-exec-10] org.hibernate.SQL                        : select tlee1_0.event_id,tlee1_0.actor_user_id,tlee1_0.client_ip,tlee1_0.detail,tlee1_0.event_time,tlee1_0.event_type,tlee1_0.latency_ms,tlee1_0.message_id,tlee1_0.object_id,tlee1_0.object_type,tlee1_0.parent_span_id,tlee1_0.recv_time,tlee1_0.route_path,tlee1_0.session_id,tlee1_0.source_module,tlee1_0.span_id,tlee1_0.stage,tlee1_0.status,tlee1_0.topic,tlee1_0.trace_id from trace_link_event tlee1_0 where tlee1_0.event_id=?
2026-05-08T20:37:36.888+08:00 DEBUG 26852 --- [uscdip-backend] [io-8080-exec-10] org.hibernate.SQL                        : insert into trace_link_event (actor_user_id,client_ip,detail,event_time,event_type,latency_ms,message_id,object_id,object_type,parent_span_id,recv_time,route_path,session_id,source_module,span_id,stage,status,topic,trace_id,event_id) values (?,?,?,?,?,?,?,?,?,?,?,?,?,?,?,?,?,?,?,?)
2026-05-08T20:37:36.905+08:00 DEBUG 26852 --- [uscdip-backend] [nio-8080-exec-1] org.hibernate.SQL                        : select tlee1_0.event_id,tlee1_0.actor_user_id,tlee1_0.client_ip,tlee1_0.detail,tlee1_0.event_time,tlee1_0.event_type,tlee1_0.latency_ms,tlee1_0.message_id,tlee1_0.object_id,tlee1_0.object_type,tlee1_0.parent_span_id,tlee1_0.recv_time,tlee1_0.route_path,tlee1_0.session_id,tlee1_0.source_module,tlee1_0.span_id,tlee1_0.stage,tlee1_0.status,tlee1_0.topic,tlee1_0.trace_id from trace_link_event tlee1_0 where tlee1_0.event_id=?
2026-05-08T20:37:36.905+08:00 DEBUG 26852 --- [uscdip-backend] [nio-8080-exec-2] org.hibernate.SQL                        : select tlee1_0.event_id,tlee1_0.actor_user_id,tlee1_0.client_ip,tlee1_0.detail,tlee1_0.event_time,tlee1_0.event_type,tlee1_0.latency_ms,tlee1_0.message_id,tlee1_0.object_id,tlee1_0.object_type,tlee1_0.parent_span_id,tlee1_0.recv_time,tlee1_0.route_path,tlee1_0.session_id,tlee1_0.source_module,tlee1_0.span_id,tlee1_0.stage,tlee1_0.status,tlee1_0.topic,tlee1_0.trace_id from trace_link_event tlee1_0 where tlee1_0.event_id=?
2026-05-08T20:37:36.905+08:00 DEBUG 26852 --- [uscdip-backend] [nio-8080-exec-1] org.hibernate.SQL                        : insert into trace_link_event (actor_user_id,client_ip,detail,event_time,event_type,latency_ms,message_id,object_id,object_type,parent_span_id,recv_time,route_path,session_id,source_module,span_id,stage,status,topic,trace_id,event_id) values (?,?,?,?,?,?,?,?,?,?,?,?,?,?,?,?,?,?,?,?)
2026-05-08T20:37:36.905+08:00 DEBUG 26852 --- [uscdip-backend] [nio-8080-exec-2] org.hibernate.SQL                        : insert into trace_link_event (actor_user_id,client_ip,detail,event_time,event_type,latency_ms,message_id,object_id,object_type,parent_span_id,recv_time,route_path,session_id,source_module,span_id,stage,status,topic,trace_id,event_id) values (?,?,?,?,?,?,?,?,?,?,?,?,?,?,?,?,?,?,?,?)
2026-05-08T20:37:36.906+08:00 DEBUG 26852 --- [uscdip-backend] [nio-8080-exec-2] org.hibernate.SQL                        : select uae1_0.user_id,uae1_0.created_at,uae1_0.disabled_at,uae1_0.display_name,uae1_0.primary_region_id,uae1_0.status,uae1_0.token_valid_after,uae1_0.updated_at,uae1_0.username from user_account uae1_0 where uae1_0.user_id=?
2026-05-08T20:37:36.906+08:00 DEBUG 26852 --- [uscdip-backend] [nio-8080-exec-1] org.hibernate.SQL                        : select uae1_0.user_id,uae1_0.created_at,uae1_0.disabled_at,uae1_0.display_name,uae1_0.primary_region_id,uae1_0.status,uae1_0.token_valid_after,uae1_0.updated_at,uae1_0.username from user_account uae1_0 where uae1_0.user_id=?
2026-05-08T20:37:36.907+08:00 DEBUG 26852 --- [uscdip-backend] [nio-8080-exec-2] org.hibernate.SQL                        : select ase1_0.session_id,ase1_0.auth_mode,ase1_0.client_ip,ase1_0.created_at,ase1_0.emergency_account_id,ase1_0.revoke_reason,ase1_0.revoked_at,ase1_0.status,ase1_0.updated_at,ase1_0.user_agent,ase1_0.user_id from auth_session ase1_0 where ase1_0.session_id=?
2026-05-08T20:37:36.908+08:00 DEBUG 26852 --- [uscdip-backend] [nio-8080-exec-1] org.hibernate.SQL                        : select ase1_0.session_id,ase1_0.auth_mode,ase1_0.client_ip,ase1_0.created_at,ase1_0.emergency_account_id,ase1_0.revoke_reason,ase1_0.revoked_at,ase1_0.status,ase1_0.updated_at,ase1_0.user_agent,ase1_0.user_id from auth_session ase1_0 where ase1_0.session_id=?
2026-05-08T20:37:36.909+08:00 DEBUG 26852 --- [uscdip-backend] [nio-8080-exec-2] org.hibernate.SQL                        : select grpe1_0.policy_id,grpe1_0.audit_enabled,grpe1_0.auth_required,grpe1_0.created_at,grpe1_0.enabled,grpe1_0.http_method,grpe1_0.path_pattern,grpe1_0.rate_limit_capacity,grpe1_0.rate_limit_scope,grpe1_0.rate_limit_window_seconds,grpe1_0.risk_level,grpe1_0.route_code,grpe1_0.updated_at,grpe1_0.validation_profile from gateway_route_policy grpe1_0 where grpe1_0.enabled
2026-05-08T20:37:36.909+08:00 DEBUG 26852 --- [uscdip-backend] [nio-8080-exec-1] org.hibernate.SQL                        : select grpe1_0.policy_id,grpe1_0.audit_enabled,grpe1_0.auth_required,grpe1_0.created_at,grpe1_0.enabled,grpe1_0.http_method,grpe1_0.path_pattern,grpe1_0.rate_limit_capacity,grpe1_0.rate_limit_scope,grpe1_0.rate_limit_window_seconds,grpe1_0.risk_level,grpe1_0.route_code,grpe1_0.updated_at,grpe1_0.validation_profile from gateway_route_policy grpe1_0 where grpe1_0.enabled
2026-05-08T20:37:36.910+08:00 DEBUG 26852 --- [uscdip-backend] [nio-8080-exec-2] org.hibernate.SQL                        : select gcre1_0.rule_id,gcre1_0.created_at,gcre1_0.enabled,gcre1_0.expires_at,gcre1_0.reason,gcre1_0.rule_type,gcre1_0.subject_type,gcre1_0.subject_value,gcre1_0.updated_at from gateway_client_rule gcre1_0 where gcre1_0.enabled
2026-05-08T20:37:36.910+08:00 DEBUG 26852 --- [uscdip-backend] [nio-8080-exec-1] org.hibernate.SQL                        : select gcre1_0.rule_id,gcre1_0.created_at,gcre1_0.enabled,gcre1_0.expires_at,gcre1_0.reason,gcre1_0.rule_type,gcre1_0.subject_type,gcre1_0.subject_value,gcre1_0.updated_at from gateway_client_rule gcre1_0 where gcre1_0.enabled
2026-05-08T20:37:36.911+08:00 DEBUG 26852 --- [uscdip-backend] [nio-8080-exec-1] o.s.web.servlet.DispatcherServlet        : GET "/api/notifications?page=1&pageSize=5", parameters={masked}
2026-05-08T20:37:36.911+08:00 DEBUG 26852 --- [uscdip-backend] [nio-8080-exec-2] o.s.web.servlet.DispatcherServlet        : GET "/api/workorders?page=1&pageSize=5", parameters={masked}
2026-05-08T20:37:36.912+08:00 DEBUG 26852 --- [uscdip-backend] [nio-8080-exec-1] s.w.s.m.m.a.RequestMappingHandlerMapping : Mapped to com.uscdip.backend.controller.NotificationController#listNotifications(Authentication, int, int, String, String, String, String, String)
2026-05-08T20:37:36.912+08:00 DEBUG 26852 --- [uscdip-backend] [nio-8080-exec-2] s.w.s.m.m.a.RequestMappingHandlerMapping : Mapped to com.uscdip.backend.controller.WorkOrderController#listWorkOrders(Authentication, int, int, String, String, String, String)
2026-05-08T20:37:36.913+08:00 DEBUG 26852 --- [uscdip-backend] [nio-8080-exec-2] org.hibernate.SQL                        : select uae1_0.user_id,uae1_0.created_at,uae1_0.disabled_at,uae1_0.display_name,uae1_0.primary_region_id,uae1_0.status,uae1_0.token_valid_after,uae1_0.updated_at,uae1_0.username from user_account uae1_0 where uae1_0.user_id=?
2026-05-08T20:37:36.913+08:00 DEBUG 26852 --- [uscdip-backend] [nio-8080-exec-1] org.hibernate.SQL                        : select uae1_0.user_id,uae1_0.created_at,uae1_0.disabled_at,uae1_0.display_name,uae1_0.primary_region_id,uae1_0.status,uae1_0.token_valid_after,uae1_0.updated_at,uae1_0.username from user_account uae1_0 where uae1_0.user_id=?
2026-05-08T20:37:36.914+08:00 DEBUG 26852 --- [uscdip-backend] [nio-8080-exec-2] org.hibernate.SQL                        : select ure1_0.id,ure1_0.role_code,ure1_0.user_id from rbac_user_role ure1_0 where ure1_0.user_id=?
2026-05-08T20:37:36.914+08:00 DEBUG 26852 --- [uscdip-backend] [nio-8080-exec-1] org.hibernate.SQL                        : select ure1_0.id,ure1_0.role_code,ure1_0.user_id from rbac_user_role ure1_0 where ure1_0.user_id=?
2026-05-08T20:37:36.915+08:00 DEBUG 26852 --- [uscdip-backend] [nio-8080-exec-1] org.hibernate.SQL                        : select rpe1_0.id,rpe1_0.permission_code,rpe1_0.role_code from rbac_role_permission rpe1_0 where rpe1_0.role_code in (?,?)
2026-05-08T20:37:36.915+08:00 DEBUG 26852 --- [uscdip-backend] [nio-8080-exec-2] org.hibernate.SQL                        : select rpe1_0.id,rpe1_0.permission_code,rpe1_0.role_code from rbac_role_permission rpe1_0 where rpe1_0.role_code in (?,?)
2026-05-08T20:37:36.916+08:00 DEBUG 26852 --- [uscdip-backend] [nio-8080-exec-1] org.hibernate.SQL                        : select udse1_0.id,udse1_0.scope_type,udse1_0.scope_value,udse1_0.user_id from user_data_scope udse1_0 where udse1_0.user_id=?
2026-05-08T20:37:36.916+08:00 DEBUG 26852 --- [uscdip-backend] [nio-8080-exec-2] org.hibernate.SQL                        : select udse1_0.id,udse1_0.scope_type,udse1_0.scope_value,udse1_0.user_id from user_data_scope udse1_0 where udse1_0.user_id=?
2026-05-08T20:37:36.917+08:00 DEBUG 26852 --- [uscdip-backend] [nio-8080-exec-1] org.hibernate.SQL                        : select tsre1_0.id,tsre1_0.description,tsre1_0.role_code,tsre1_0.topic_pattern from topic_scope_rule tsre1_0 where tsre1_0.role_code in (?,?)
2026-05-08T20:37:36.917+08:00 DEBUG 26852 --- [uscdip-backend] [nio-8080-exec-2] org.hibernate.SQL                        : select tsre1_0.id,tsre1_0.description,tsre1_0.role_code,tsre1_0.topic_pattern from topic_scope_rule tsre1_0 where tsre1_0.role_code in (?,?)
2026-05-08T20:37:36.918+08:00 DEBUG 26852 --- [uscdip-backend] [nio-8080-exec-1] org.hibernate.SQL                        : select ure1_0.id,ure1_0.role_code,ure1_0.user_id from rbac_user_role ure1_0 where ure1_0.user_id=?
2026-05-08T20:37:36.918+08:00 DEBUG 26852 --- [uscdip-backend] [nio-8080-exec-1] org.hibernate.SQL                        : select rpe1_0.id,rpe1_0.permission_code,rpe1_0.role_code from rbac_role_permission rpe1_0 where rpe1_0.role_code in (?,?)
2026-05-08T20:37:36.919+08:00 DEBUG 26852 --- [uscdip-backend] [nio-8080-exec-2] org.hibernate.SQL                        : select ure1_0.id,ure1_0.role_code,ure1_0.user_id from rbac_user_role ure1_0 where ure1_0.user_id=?
2026-05-08T20:37:36.920+08:00 DEBUG 26852 --- [uscdip-backend] [nio-8080-exec-1] org.hibernate.SQL                        : select udse1_0.id,udse1_0.scope_type,udse1_0.scope_value,udse1_0.user_id from user_data_scope udse1_0 where udse1_0.user_id=?
2026-05-08T20:37:36.920+08:00 DEBUG 26852 --- [uscdip-backend] [nio-8080-exec-2] org.hibernate.SQL                        : select rpe1_0.id,rpe1_0.permission_code,rpe1_0.role_code from rbac_role_permission rpe1_0 where rpe1_0.role_code in (?,?)
2026-05-08T20:37:36.920+08:00 DEBUG 26852 --- [uscdip-backend] [nio-8080-exec-1] org.hibernate.SQL                        : select tsre1_0.id,tsre1_0.description,tsre1_0.role_code,tsre1_0.topic_pattern from topic_scope_rule tsre1_0 where tsre1_0.role_code in (?,?)
2026-05-08T20:37:36.921+08:00 DEBUG 26852 --- [uscdip-backend] [nio-8080-exec-2] org.hibernate.SQL                        : select udse1_0.id,udse1_0.scope_type,udse1_0.scope_value,udse1_0.user_id from user_data_scope udse1_0 where udse1_0.user_id=?
2026-05-08T20:37:36.921+08:00 DEBUG 26852 --- [uscdip-backend] [nio-8080-exec-1] org.hibernate.SQL                        : select nme1_0.notification_id,nme1_0.aggregate_id,nme1_0.aggregate_type,nme1_0.completed_at,nme1_0.content,nme1_0.created_at,nme1_0.event_type,nme1_0.idempotent_key,nme1_0.last_error,nme1_0.recipient_user_id,nme1_0.recipient_username,nme1_0.source_event_id,nme1_0.status,nme1_0.title,nme1_0.trace_id,nme1_0.updated_at from notification_message nme1_0 order by nme1_0.created_at desc,nme1_0.notification_id desc
2026-05-08T20:37:36.922+08:00 DEBUG 26852 --- [uscdip-backend] [nio-8080-exec-2] org.hibernate.SQL                        : select tsre1_0.id,tsre1_0.description,tsre1_0.role_code,tsre1_0.topic_pattern from topic_scope_rule tsre1_0 where tsre1_0.role_code in (?,?)
2026-05-08T20:37:36.923+08:00 DEBUG 26852 --- [uscdip-backend] [nio-8080-exec-1] org.hibernate.SQL                        : select nde1_0.delivery_id,nde1_0.attempt_count,nde1_0.channel,nde1_0.created_at,nde1_0.last_error,nde1_0.next_retry_at,nde1_0.notification_id,nde1_0.sent_at,nde1_0.status,nde1_0.target,nde1_0.updated_at from notification_delivery nde1_0 where nde1_0.notification_id in (?)
2026-05-08T20:37:36.923+08:00 DEBUG 26852 --- [uscdip-backend] [nio-8080-exec-2] org.hibernate.SQL                        : select woe1_0.work_order_id,woe1_0.accepted_at,woe1_0.accepted_by,woe1_0.assignee,woe1_0.assignee_user_id,woe1_0.close_reason,woe1_0.closed_at,woe1_0.closed_by,woe1_0.completed_at,woe1_0.completed_by,woe1_0.completion_summary,woe1_0.created_at,woe1_0.created_by,woe1_0.description,woe1_0.dispatched_at,woe1_0.dispatched_by,woe1_0.incident_id,woe1_0.node_id,woe1_0.priority,woe1_0.segment_id,woe1_0.sla_due_at,woe1_0.status,woe1_0.updated_at,woe1_0.version_no,woe1_0.work_order_type,woe1_0.writeback_at,woe1_0.writeback_reason,woe1_0.writeback_type from work_order woe1_0 order by woe1_0.updated_at desc,woe1_0.work_order_id desc
2026-05-08T20:37:36.924+08:00 DEBUG 26852 --- [uscdip-backend] [nio-8080-exec-1] org.hibernate.SQL                        : select osbe1_0.binding_id,osbe1_0.created_at,osbe1_0.object_id,osbe1_0.object_type,osbe1_0.owner_user_id,osbe1_0.owner_username,osbe1_0.region_id,osbe1_0.scope_level,osbe1_0.updated_at from object_scope_binding osbe1_0 where osbe1_0.object_type=? and osbe1_0.object_id in (?)
2026-05-08T20:37:36.924+08:00 DEBUG 26852 --- [uscdip-backend] [nio-8080-exec-2] org.hibernate.SQL                        : select osbe1_0.binding_id,osbe1_0.created_at,osbe1_0.object_id,osbe1_0.object_type,osbe1_0.owner_user_id,osbe1_0.owner_username,osbe1_0.region_id,osbe1_0.scope_level,osbe1_0.updated_at from object_scope_binding osbe1_0 where osbe1_0.object_type=? and osbe1_0.object_id in (?,?,?,?,?)
2026-05-08T20:37:36.925+08:00 DEBUG 26852 --- [uscdip-backend] [nio-8080-exec-1] m.m.a.RequestResponseBodyMethodProcessor : Using 'application/json', given [application/json] and supported [application/json, application/*+json]
2026-05-08T20:37:36.925+08:00 DEBUG 26852 --- [uscdip-backend] [nio-8080-exec-1] m.m.a.RequestResponseBodyMethodProcessor : Writing [ApiResponse[success=true, data=PageResponse[items=[NotificationResponse[notificationId=NOTIFY-SEED-W (truncated)...]
2026-05-08T20:37:36.926+08:00 DEBUG 26852 --- [uscdip-backend] [nio-8080-exec-2] m.m.a.RequestResponseBodyMethodProcessor : Using 'application/json', given [application/json] and supported [application/json, application/*+json]
2026-05-08T20:37:36.926+08:00 DEBUG 26852 --- [uscdip-backend] [nio-8080-exec-1] o.s.web.servlet.DispatcherServlet        : Completed 200 OK
2026-05-08T20:37:36.926+08:00 DEBUG 26852 --- [uscdip-backend] [nio-8080-exec-2] m.m.a.RequestResponseBodyMethodProcessor : Writing [ApiResponse[success=true, data=PageResponse[items=[WorkOrderResponse[workOrderId=WO-002, incidentId= (truncated)...]
2026-05-08T20:37:36.927+08:00 DEBUG 26852 --- [uscdip-backend] [nio-8080-exec-1] org.hibernate.SQL                        : select tlee1_0.event_id,tlee1_0.actor_user_id,tlee1_0.client_ip,tlee1_0.detail,tlee1_0.event_time,tlee1_0.event_type,tlee1_0.latency_ms,tlee1_0.message_id,tlee1_0.object_id,tlee1_0.object_type,tlee1_0.parent_span_id,tlee1_0.recv_time,tlee1_0.route_path,tlee1_0.session_id,tlee1_0.source_module,tlee1_0.span_id,tlee1_0.stage,tlee1_0.status,tlee1_0.topic,tlee1_0.trace_id from trace_link_event tlee1_0 where tlee1_0.event_id=?
2026-05-08T20:37:36.928+08:00 DEBUG 26852 --- [uscdip-backend] [nio-8080-exec-2] o.s.web.servlet.DispatcherServlet        : Completed 200 OK
2026-05-08T20:37:36.928+08:00 DEBUG 26852 --- [uscdip-backend] [nio-8080-exec-1] org.hibernate.SQL                        : insert into trace_link_event (actor_user_id,client_ip,detail,event_time,event_type,latency_ms,message_id,object_id,object_type,parent_span_id,recv_time,route_path,session_id,source_module,span_id,stage,status,topic,trace_id,event_id) values (?,?,?,?,?,?,?,?,?,?,?,?,?,?,?,?,?,?,?,?)
2026-05-08T20:37:36.928+08:00 DEBUG 26852 --- [uscdip-backend] [nio-8080-exec-2] org.hibernate.SQL                        : select tlee1_0.event_id,tlee1_0.actor_user_id,tlee1_0.client_ip,tlee1_0.detail,tlee1_0.event_time,tlee1_0.event_type,tlee1_0.latency_ms,tlee1_0.message_id,tlee1_0.object_id,tlee1_0.object_type,tlee1_0.parent_span_id,tlee1_0.recv_time,tlee1_0.route_path,tlee1_0.session_id,tlee1_0.source_module,tlee1_0.span_id,tlee1_0.stage,tlee1_0.status,tlee1_0.topic,tlee1_0.trace_id from trace_link_event tlee1_0 where tlee1_0.event_id=?
2026-05-08T20:37:36.930+08:00 DEBUG 26852 --- [uscdip-backend] [nio-8080-exec-2] org.hibernate.SQL                        : insert into trace_link_event (actor_user_id,client_ip,detail,event_time,event_type,latency_ms,message_id,object_id,object_type,parent_span_id,recv_time,route_path,session_id,source_module,span_id,stage,status,topic,trace_id,event_id) values (?,?,?,?,?,?,?,?,?,?,?,?,?,?,?,?,?,?,?,?)
2026-05-08T20:37:43.242+08:00 DEBUG 26852 --- [uscdip-backend] [pool-2-thread-1] org.hibernate.SQL                        : select ace1_0.case_id,ace1_0.case_status,ace1_0.created_at,ace1_0.decision_snapshot,ace1_0.dedupe_key,ace1_0.device_id,ace1_0.escalation_level,ace1_0.first_alert_id,ace1_0.first_triggered_at,ace1_0.hit_count,ace1_0.last_alert_id,ace1_0.last_triggered_at,ace1_0.node_id,ace1_0.recovered_at,ace1_0.rule_code,ace1_0.segment_id,ace1_0.severity_current,ace1_0.suppressed_until,ace1_0.trace_id,ace1_0.unsuppressed_hit_count,ace1_0.updated_at from alert_case ace1_0 where ace1_0.case_status in (?,?,?,?,?) and ace1_0.last_triggered_at<?
2026-05-08T20:37:43.262+08:00 DEBUG 26852 --- [uscdip-backend] [pool-2-thread-1] org.hibernate.SQL                        : select nde1_0.delivery_id,nde1_0.attempt_count,nde1_0.channel,nde1_0.created_at,nde1_0.last_error,nde1_0.next_retry_at,nde1_0.notification_id,nde1_0.sent_at,nde1_0.status,nde1_0.target,nde1_0.updated_at from notification_delivery nde1_0 where nde1_0.status=? and nde1_0.next_retry_at<=? order by nde1_0.next_retry_at
2026-05-08T20:37:43.340+08:00 DEBUG 26852 --- [uscdip-backend] [pool-2-thread-1] org.hibernate.SQL                        : select oee1_0.event_id,oee1_0.aggregate_id,oee1_0.aggregate_type,oee1_0.claimed_at,oee1_0.claimed_by,oee1_0.created_at,oee1_0.event_type,oee1_0.last_error,oee1_0.next_retry_time,oee1_0.payload,oee1_0.retry_count,oee1_0.sent_at,oee1_0.status,oee1_0.trace_id,oee1_0.updated_at from outbox_event oee1_0 where oee1_0.status=? and oee1_0.claimed_at<? order by oee1_0.created_at
2026-05-08T20:37:43.342+08:00 DEBUG 26852 --- [uscdip-backend] [pool-2-thread-1] org.hibernate.SQL                        : select oee1_0.event_id,oee1_0.aggregate_id,oee1_0.aggregate_type,oee1_0.claimed_at,oee1_0.claimed_by,oee1_0.created_at,oee1_0.event_type,oee1_0.last_error,oee1_0.next_retry_time,oee1_0.payload,oee1_0.retry_count,oee1_0.sent_at,oee1_0.status,oee1_0.trace_id,oee1_0.updated_at from outbox_event oee1_0 where oee1_0.status in (?,?) and oee1_0.next_retry_time<=? order by oee1_0.created_at fetch first ? rows only
2026-05-08T20:37:43.344+08:00 DEBUG 26852 --- [uscdip-backend] [pool-2-thread-1] org.hibernate.SQL                        : select twle1_0.write_log_id,twle1_0.attempt_no,twle1_0.created_at,twle1_0.duration_ms,twle1_0.failed_count,twle1_0.last_error,twle1_0.next_retry_at,twle1_0.requested_count,twle1_0.source_batch_id,twle1_0.status,twle1_0.success_count,twle1_0.trace_id,twle1_0.updated_at,twle1_0.write_type from ts_write_log twle1_0 where twle1_0.status in (?,?) and twle1_0.next_retry_at<=? order by twle1_0.created_at
2026-05-08T20:37:43.425+08:00 DEBUG 26852 --- [uscdip-backend] [pool-2-thread-1] org.hibernate.SQL                        : select nme1_0.notification_id,nme1_0.aggregate_id,nme1_0.aggregate_type,nme1_0.completed_at,nme1_0.content,nme1_0.created_at,nme1_0.event_type,nme1_0.idempotent_key,nme1_0.last_error,nme1_0.recipient_user_id,nme1_0.recipient_username,nme1_0.source_event_id,nme1_0.status,nme1_0.title,nme1_0.trace_id,nme1_0.updated_at from notification_message nme1_0 order by nme1_0.created_at desc,nme1_0.notification_id desc
2026-05-08T20:37:43.427+08:00 DEBUG 26852 --- [uscdip-backend] [pool-2-thread-1] org.hibernate.SQL                        : select osbe1_0.binding_id,osbe1_0.created_at,osbe1_0.object_id,osbe1_0.object_type,osbe1_0.owner_user_id,osbe1_0.owner_username,osbe1_0.region_id,osbe1_0.scope_level,osbe1_0.updated_at from object_scope_binding osbe1_0 where osbe1_0.object_type=? and osbe1_0.object_id=?
2026-05-08T20:37:43.428+08:00 DEBUG 26852 --- [uscdip-backend] [pool-2-thread-1] org.hibernate.SQL                        : select wspme1_0.seq_no,wspme1_0.content,wspme1_0.created_at,wspme1_0.message_id,wspme1_0.message_type,wspme1_0.payload,wspme1_0.recipient_user_id,wspme1_0.source_notification_id,wspme1_0.title,wspme1_0.topic,wspme1_0.trace_id from websocket_push_message wspme1_0 where wspme1_0.source_notification_id=? and wspme1_0.topic=?
2026-05-08T20:37:43.430+08:00 DEBUG 26852 --- [uscdip-backend] [pool-2-thread-1] org.hibernate.SQL                        : select wspme1_0.seq_no,wspme1_0.content,wspme1_0.created_at,wspme1_0.message_id,wspme1_0.message_type,wspme1_0.payload,wspme1_0.recipient_user_id,wspme1_0.source_notification_id,wspme1_0.title,wspme1_0.topic,wspme1_0.trace_id from websocket_push_message wspme1_0 where wspme1_0.source_notification_id=? and wspme1_0.topic=?
2026-05-08T20:37:43.431+08:00 DEBUG 26852 --- [uscdip-backend] [pool-2-thread-1] org.hibernate.SQL                        : select wsce1_0.connection_id,wsce1_0.client_ip,wsce1_0.close_reason,wsce1_0.connected_at,wsce1_0.disconnected_at,wsce1_0.last_seen_at,wsce1_0.status,wsce1_0.stomp_session_id,wsce1_0.user_agent,wsce1_0.user_id,wsce1_0.username from websocket_connection wsce1_0 where wsce1_0.status=? and wsce1_0.last_seen_at<?
2026-05-08T20:38:13.267+08:00 DEBUG 26852 --- [uscdip-backend] [pool-2-thread-1] org.hibernate.SQL                        : select nde1_0.delivery_id,nde1_0.attempt_count,nde1_0.channel,nde1_0.created_at,nde1_0.last_error,nde1_0.next_retry_at,nde1_0.notification_id,nde1_0.sent_at,nde1_0.status,nde1_0.target,nde1_0.updated_at from notification_delivery nde1_0 where nde1_0.status=? and nde1_0.next_retry_at<=? order by nde1_0.next_retry_at
2026-05-08T20:38:13.345+08:00 DEBUG 26852 --- [uscdip-backend] [pool-2-thread-1] org.hibernate.SQL                        : select oee1_0.event_id,oee1_0.aggregate_id,oee1_0.aggregate_type,oee1_0.claimed_at,oee1_0.claimed_by,oee1_0.created_at,oee1_0.event_type,oee1_0.last_error,oee1_0.next_retry_time,oee1_0.payload,oee1_0.retry_count,oee1_0.sent_at,oee1_0.status,oee1_0.trace_id,oee1_0.updated_at from outbox_event oee1_0 where oee1_0.status=? and oee1_0.claimed_at<? order by oee1_0.created_at
2026-05-08T20:38:13.347+08:00 DEBUG 26852 --- [uscdip-backend] [pool-2-thread-1] org.hibernate.SQL                        : select oee1_0.event_id,oee1_0.aggregate_id,oee1_0.aggregate_type,oee1_0.claimed_at,oee1_0.claimed_by,oee1_0.created_at,oee1_0.event_type,oee1_0.last_error,oee1_0.next_retry_time,oee1_0.payload,oee1_0.retry_count,oee1_0.sent_at,oee1_0.status,oee1_0.trace_id,oee1_0.updated_at from outbox_event oee1_0 where oee1_0.status in (?,?) and oee1_0.next_retry_time<=? order by oee1_0.created_at fetch first ? rows only
2026-05-08T20:38:13.348+08:00 DEBUG 26852 --- [uscdip-backend] [pool-2-thread-1] org.hibernate.SQL                        : select twle1_0.write_log_id,twle1_0.attempt_no,twle1_0.created_at,twle1_0.duration_ms,twle1_0.failed_count,twle1_0.last_error,twle1_0.next_retry_at,twle1_0.requested_count,twle1_0.source_batch_id,twle1_0.status,twle1_0.success_count,twle1_0.trace_id,twle1_0.updated_at,twle1_0.write_type from ts_write_log twle1_0 where twle1_0.status in (?,?) and twle1_0.next_retry_at<=? order by twle1_0.created_at
2026-05-08T20:38:13.432+08:00 DEBUG 26852 --- [uscdip-backend] [pool-2-thread-1] org.hibernate.SQL                        : select nme1_0.notification_id,nme1_0.aggregate_id,nme1_0.aggregate_type,nme1_0.completed_at,nme1_0.content,nme1_0.created_at,nme1_0.event_type,nme1_0.idempotent_key,nme1_0.last_error,nme1_0.recipient_user_id,nme1_0.recipient_username,nme1_0.source_event_id,nme1_0.status,nme1_0.title,nme1_0.trace_id,nme1_0.updated_at from notification_message nme1_0 order by nme1_0.created_at desc,nme1_0.notification_id desc
2026-05-08T20:38:13.433+08:00 DEBUG 26852 --- [uscdip-backend] [pool-2-thread-1] org.hibernate.SQL                        : select osbe1_0.binding_id,osbe1_0.created_at,osbe1_0.object_id,osbe1_0.object_type,osbe1_0.owner_user_id,osbe1_0.owner_username,osbe1_0.region_id,osbe1_0.scope_level,osbe1_0.updated_at from object_scope_binding osbe1_0 where osbe1_0.object_type=? and osbe1_0.object_id=?
2026-05-08T20:38:13.434+08:00 DEBUG 26852 --- [uscdip-backend] [pool-2-thread-1] org.hibernate.SQL                        : select wspme1_0.seq_no,wspme1_0.content,wspme1_0.created_at,wspme1_0.message_id,wspme1_0.message_type,wspme1_0.payload,wspme1_0.recipient_user_id,wspme1_0.source_notification_id,wspme1_0.title,wspme1_0.topic,wspme1_0.trace_id from websocket_push_message wspme1_0 where wspme1_0.source_notification_id=? and wspme1_0.topic=?
2026-05-08T20:38:13.434+08:00 DEBUG 26852 --- [uscdip-backend] [pool-2-thread-1] org.hibernate.SQL                        : select wspme1_0.seq_no,wspme1_0.content,wspme1_0.created_at,wspme1_0.message_id,wspme1_0.message_type,wspme1_0.payload,wspme1_0.recipient_user_id,wspme1_0.source_notification_id,wspme1_0.title,wspme1_0.topic,wspme1_0.trace_id from websocket_push_message wspme1_0 where wspme1_0.source_notification_id=? and wspme1_0.topic=?
2026-05-08T20:38:13.435+08:00 DEBUG 26852 --- [uscdip-backend] [pool-2-thread-1] org.hibernate.SQL                        : select wsce1_0.connection_id,wsce1_0.client_ip,wsce1_0.close_reason,wsce1_0.connected_at,wsce1_0.disconnected_at,wsce1_0.last_seen_at,wsce1_0.status,wsce1_0.stomp_session_id,wsce1_0.user_agent,wsce1_0.user_id,wsce1_0.username from websocket_connection wsce1_0 where wsce1_0.status=? and wsce1_0.last_seen_at<?
2026-05-08T20:38:43.246+08:00 DEBUG 26852 --- [uscdip-backend] [pool-2-thread-1] org.hibernate.SQL                        : select ace1_0.case_id,ace1_0.case_status,ace1_0.created_at,ace1_0.decision_snapshot,ace1_0.dedupe_key,ace1_0.device_id,ace1_0.escalation_level,ace1_0.first_alert_id,ace1_0.first_triggered_at,ace1_0.hit_count,ace1_0.last_alert_id,ace1_0.last_triggered_at,ace1_0.node_id,ace1_0.recovered_at,ace1_0.rule_code,ace1_0.segment_id,ace1_0.severity_current,ace1_0.suppressed_until,ace1_0.trace_id,ace1_0.unsuppressed_hit_count,ace1_0.updated_at from alert_case ace1_0 where ace1_0.case_status in (?,?,?,?,?) and ace1_0.last_triggered_at<?
2026-05-08T20:38:43.272+08:00 DEBUG 26852 --- [uscdip-backend] [pool-2-thread-1] org.hibernate.SQL                        : select nde1_0.delivery_id,nde1_0.attempt_count,nde1_0.channel,nde1_0.created_at,nde1_0.last_error,nde1_0.next_retry_at,nde1_0.notification_id,nde1_0.sent_at,nde1_0.status,nde1_0.target,nde1_0.updated_at from notification_delivery nde1_0 where nde1_0.status=? and nde1_0.next_retry_at<=? order by nde1_0.next_retry_at
2026-05-08T20:38:43.349+08:00 DEBUG 26852 --- [uscdip-backend] [pool-2-thread-1] org.hibernate.SQL                        : select oee1_0.event_id,oee1_0.aggregate_id,oee1_0.aggregate_type,oee1_0.claimed_at,oee1_0.claimed_by,oee1_0.created_at,oee1_0.event_type,oee1_0.last_error,oee1_0.next_retry_time,oee1_0.payload,oee1_0.retry_count,oee1_0.sent_at,oee1_0.status,oee1_0.trace_id,oee1_0.updated_at from outbox_event oee1_0 where oee1_0.status=? and oee1_0.claimed_at<? order by oee1_0.created_at
2026-05-08T20:38:43.351+08:00 DEBUG 26852 --- [uscdip-backend] [pool-2-thread-1] org.hibernate.SQL                        : select oee1_0.event_id,oee1_0.aggregate_id,oee1_0.aggregate_type,oee1_0.claimed_at,oee1_0.claimed_by,oee1_0.created_at,oee1_0.event_type,oee1_0.last_error,oee1_0.next_retry_time,oee1_0.payload,oee1_0.retry_count,oee1_0.sent_at,oee1_0.status,oee1_0.trace_id,oee1_0.updated_at from outbox_event oee1_0 where oee1_0.status in (?,?) and oee1_0.next_retry_time<=? order by oee1_0.created_at fetch first ? rows only
2026-05-08T20:38:43.353+08:00 DEBUG 26852 --- [uscdip-backend] [pool-2-thread-1] org.hibernate.SQL                        : select twle1_0.write_log_id,twle1_0.attempt_no,twle1_0.created_at,twle1_0.duration_ms,twle1_0.failed_count,twle1_0.last_error,twle1_0.next_retry_at,twle1_0.requested_count,twle1_0.source_batch_id,twle1_0.status,twle1_0.success_count,twle1_0.trace_id,twle1_0.updated_at,twle1_0.write_type from ts_write_log twle1_0 where twle1_0.status in (?,?) and twle1_0.next_retry_at<=? order by twle1_0.created_at
2026-05-08T20:38:43.438+08:00 DEBUG 26852 --- [uscdip-backend] [pool-2-thread-1] org.hibernate.SQL                        : select nme1_0.notification_id,nme1_0.aggregate_id,nme1_0.aggregate_type,nme1_0.completed_at,nme1_0.content,nme1_0.created_at,nme1_0.event_type,nme1_0.idempotent_key,nme1_0.last_error,nme1_0.recipient_user_id,nme1_0.recipient_username,nme1_0.source_event_id,nme1_0.status,nme1_0.title,nme1_0.trace_id,nme1_0.updated_at from notification_message nme1_0 order by nme1_0.created_at desc,nme1_0.notification_id desc
2026-05-08T20:38:43.440+08:00 DEBUG 26852 --- [uscdip-backend] [pool-2-thread-1] org.hibernate.SQL                        : select osbe1_0.binding_id,osbe1_0.created_at,osbe1_0.object_id,osbe1_0.object_type,osbe1_0.owner_user_id,osbe1_0.owner_username,osbe1_0.region_id,osbe1_0.scope_level,osbe1_0.updated_at from object_scope_binding osbe1_0 where osbe1_0.object_type=? and osbe1_0.object_id=?
2026-05-08T20:38:43.442+08:00 DEBUG 26852 --- [uscdip-backend] [pool-2-thread-1] org.hibernate.SQL                        : select wspme1_0.seq_no,wspme1_0.content,wspme1_0.created_at,wspme1_0.message_id,wspme1_0.message_type,wspme1_0.payload,wspme1_0.recipient_user_id,wspme1_0.source_notification_id,wspme1_0.title,wspme1_0.topic,wspme1_0.trace_id from websocket_push_message wspme1_0 where wspme1_0.source_notification_id=? and wspme1_0.topic=?
2026-05-08T20:38:43.443+08:00 DEBUG 26852 --- [uscdip-backend] [pool-2-thread-1] org.hibernate.SQL                        : select wspme1_0.seq_no,wspme1_0.content,wspme1_0.created_at,wspme1_0.message_id,wspme1_0.message_type,wspme1_0.payload,wspme1_0.recipient_user_id,wspme1_0.source_notification_id,wspme1_0.title,wspme1_0.topic,wspme1_0.trace_id from websocket_push_message wspme1_0 where wspme1_0.source_notification_id=? and wspme1_0.topic=?
2026-05-08T20:38:43.445+08:00 DEBUG 26852 --- [uscdip-backend] [pool-2-thread-1] org.hibernate.SQL                        : select wsce1_0.connection_id,wsce1_0.client_ip,wsce1_0.close_reason,wsce1_0.connected_at,wsce1_0.disconnected_at,wsce1_0.last_seen_at,wsce1_0.status,wsce1_0.stomp_session_id,wsce1_0.user_agent,wsce1_0.user_id,wsce1_0.username from websocket_connection wsce1_0 where wsce1_0.status=? and wsce1_0.last_seen_at<?
2026-05-08T20:38:50.509+08:00 DEBUG 26852 --- [uscdip-backend] [nio-8080-exec-8] org.hibernate.SQL                        : select tlee1_0.event_id,tlee1_0.actor_user_id,tlee1_0.client_ip,tlee1_0.detail,tlee1_0.event_time,tlee1_0.event_type,tlee1_0.latency_ms,tlee1_0.message_id,tlee1_0.object_id,tlee1_0.object_type,tlee1_0.parent_span_id,tlee1_0.recv_time,tlee1_0.route_path,tlee1_0.session_id,tlee1_0.source_module,tlee1_0.span_id,tlee1_0.stage,tlee1_0.status,tlee1_0.topic,tlee1_0.trace_id from trace_link_event tlee1_0 where tlee1_0.event_id=?
2026-05-08T20:38:50.510+08:00 DEBUG 26852 --- [uscdip-backend] [nio-8080-exec-8] org.hibernate.SQL                        : insert into trace_link_event (actor_user_id,client_ip,detail,event_time,event_type,latency_ms,message_id,object_id,object_type,parent_span_id,recv_time,route_path,session_id,source_module,span_id,stage,status,topic,trace_id,event_id) values (?,?,?,?,?,?,?,?,?,?,?,?,?,?,?,?,?,?,?,?)
2026-05-08T20:38:50.511+08:00 DEBUG 26852 --- [uscdip-backend] [nio-8080-exec-8] org.hibernate.SQL                        : select grpe1_0.policy_id,grpe1_0.audit_enabled,grpe1_0.auth_required,grpe1_0.created_at,grpe1_0.enabled,grpe1_0.http_method,grpe1_0.path_pattern,grpe1_0.rate_limit_capacity,grpe1_0.rate_limit_scope,grpe1_0.rate_limit_window_seconds,grpe1_0.risk_level,grpe1_0.route_code,grpe1_0.updated_at,grpe1_0.validation_profile from gateway_route_policy grpe1_0 where grpe1_0.enabled
2026-05-08T20:38:50.513+08:00 DEBUG 26852 --- [uscdip-backend] [nio-8080-exec-8] org.hibernate.SQL                        : select gcre1_0.rule_id,gcre1_0.created_at,gcre1_0.enabled,gcre1_0.expires_at,gcre1_0.reason,gcre1_0.rule_type,gcre1_0.subject_type,gcre1_0.subject_value,gcre1_0.updated_at from gateway_client_rule gcre1_0 where gcre1_0.enabled
2026-05-08T20:38:51.394+08:00  WARN 26852 --- [uscdip-backend] [nio-8080-exec-8] o.a.c.util.SessionIdGeneratorBase        : Creation of SecureRandom instance for session ID generation using [SHA1PRNG] took [876] milliseconds.
2026-05-08T20:38:51.398+08:00 DEBUG 26852 --- [uscdip-backend] [nio-8080-exec-8] org.hibernate.SQL                        : select tlee1_0.event_id,tlee1_0.actor_user_id,tlee1_0.client_ip,tlee1_0.detail,tlee1_0.event_time,tlee1_0.event_type,tlee1_0.latency_ms,tlee1_0.message_id,tlee1_0.object_id,tlee1_0.object_type,tlee1_0.parent_span_id,tlee1_0.recv_time,tlee1_0.route_path,tlee1_0.session_id,tlee1_0.source_module,tlee1_0.span_id,tlee1_0.stage,tlee1_0.status,tlee1_0.topic,tlee1_0.trace_id from trace_link_event tlee1_0 where tlee1_0.event_id=?
2026-05-08T20:38:51.399+08:00 DEBUG 26852 --- [uscdip-backend] [nio-8080-exec-8] org.hibernate.SQL                        : insert into trace_link_event (actor_user_id,client_ip,detail,event_time,event_type,latency_ms,message_id,object_id,object_type,parent_span_id,recv_time,route_path,session_id,source_module,span_id,stage,status,topic,trace_id,event_id) values (?,?,?,?,?,?,?,?,?,?,?,?,?,?,?,?,?,?,?,?)
2026-05-08T20:38:51.552+08:00 DEBUG 26852 --- [uscdip-backend] [nio-8080-exec-7] org.hibernate.SQL                        : select tlee1_0.event_id,tlee1_0.actor_user_id,tlee1_0.client_ip,tlee1_0.detail,tlee1_0.event_time,tlee1_0.event_type,tlee1_0.latency_ms,tlee1_0.message_id,tlee1_0.object_id,tlee1_0.object_type,tlee1_0.parent_span_id,tlee1_0.recv_time,tlee1_0.route_path,tlee1_0.session_id,tlee1_0.source_module,tlee1_0.span_id,tlee1_0.stage,tlee1_0.status,tlee1_0.topic,tlee1_0.trace_id from trace_link_event tlee1_0 where tlee1_0.event_id=?
2026-05-08T20:38:51.554+08:00 DEBUG 26852 --- [uscdip-backend] [nio-8080-exec-7] org.hibernate.SQL                        : insert into trace_link_event (actor_user_id,client_ip,detail,event_time,event_type,latency_ms,message_id,object_id,object_type,parent_span_id,recv_time,route_path,session_id,source_module,span_id,stage,status,topic,trace_id,event_id) values (?,?,?,?,?,?,?,?,?,?,?,?,?,?,?,?,?,?,?,?)
2026-05-08T20:38:51.555+08:00 DEBUG 26852 --- [uscdip-backend] [nio-8080-exec-7] org.hibernate.SQL                        : select grpe1_0.policy_id,grpe1_0.audit_enabled,grpe1_0.auth_required,grpe1_0.created_at,grpe1_0.enabled,grpe1_0.http_method,grpe1_0.path_pattern,grpe1_0.rate_limit_capacity,grpe1_0.rate_limit_scope,grpe1_0.rate_limit_window_seconds,grpe1_0.risk_level,grpe1_0.route_code,grpe1_0.updated_at,grpe1_0.validation_profile from gateway_route_policy grpe1_0 where grpe1_0.enabled
2026-05-08T20:38:51.557+08:00 DEBUG 26852 --- [uscdip-backend] [nio-8080-exec-7] org.hibernate.SQL                        : select gcre1_0.rule_id,gcre1_0.created_at,gcre1_0.enabled,gcre1_0.expires_at,gcre1_0.reason,gcre1_0.rule_type,gcre1_0.subject_type,gcre1_0.subject_value,gcre1_0.updated_at from gateway_client_rule gcre1_0 where gcre1_0.enabled
2026-05-08T20:38:51.559+08:00 DEBUG 26852 --- [uscdip-backend] [nio-8080-exec-7] org.hibernate.SQL                        : select tlee1_0.event_id,tlee1_0.actor_user_id,tlee1_0.client_ip,tlee1_0.detail,tlee1_0.event_time,tlee1_0.event_type,tlee1_0.latency_ms,tlee1_0.message_id,tlee1_0.object_id,tlee1_0.object_type,tlee1_0.parent_span_id,tlee1_0.recv_time,tlee1_0.route_path,tlee1_0.session_id,tlee1_0.source_module,tlee1_0.span_id,tlee1_0.stage,tlee1_0.status,tlee1_0.topic,tlee1_0.trace_id from trace_link_event tlee1_0 where tlee1_0.event_id=?
2026-05-08T20:38:51.559+08:00 DEBUG 26852 --- [uscdip-backend] [nio-8080-exec-7] org.hibernate.SQL                        : insert into trace_link_event (actor_user_id,client_ip,detail,event_time,event_type,latency_ms,message_id,object_id,object_type,parent_span_id,recv_time,route_path,session_id,source_module,span_id,stage,status,topic,trace_id,event_id) values (?,?,?,?,?,?,?,?,?,?,?,?,?,?,?,?,?,?,?,?)
2026-05-08T20:39:13.276+08:00 DEBUG 26852 --- [uscdip-backend] [pool-2-thread-1] org.hibernate.SQL                        : select nde1_0.delivery_id,nde1_0.attempt_count,nde1_0.channel,nde1_0.created_at,nde1_0.last_error,nde1_0.next_retry_at,nde1_0.notification_id,nde1_0.sent_at,nde1_0.status,nde1_0.target,nde1_0.updated_at from notification_delivery nde1_0 where nde1_0.status=? and nde1_0.next_retry_at<=? order by nde1_0.next_retry_at
2026-05-08T20:39:13.354+08:00 DEBUG 26852 --- [uscdip-backend] [pool-2-thread-1] org.hibernate.SQL                        : select oee1_0.event_id,oee1_0.aggregate_id,oee1_0.aggregate_type,oee1_0.claimed_at,oee1_0.claimed_by,oee1_0.created_at,oee1_0.event_type,oee1_0.last_error,oee1_0.next_retry_time,oee1_0.payload,oee1_0.retry_count,oee1_0.sent_at,oee1_0.status,oee1_0.trace_id,oee1_0.updated_at from outbox_event oee1_0 where oee1_0.status=? and oee1_0.claimed_at<? order by oee1_0.created_at
2026-05-08T20:39:13.356+08:00 DEBUG 26852 --- [uscdip-backend] [pool-2-thread-1] org.hibernate.SQL                        : select oee1_0.event_id,oee1_0.aggregate_id,oee1_0.aggregate_type,oee1_0.claimed_at,oee1_0.claimed_by,oee1_0.created_at,oee1_0.event_type,oee1_0.last_error,oee1_0.next_retry_time,oee1_0.payload,oee1_0.retry_count,oee1_0.sent_at,oee1_0.status,oee1_0.trace_id,oee1_0.updated_at from outbox_event oee1_0 where oee1_0.status in (?,?) and oee1_0.next_retry_time<=? order by oee1_0.created_at fetch first ? rows only
2026-05-08T20:39:13.358+08:00 DEBUG 26852 --- [uscdip-backend] [pool-2-thread-1] org.hibernate.SQL                        : select twle1_0.write_log_id,twle1_0.attempt_no,twle1_0.created_at,twle1_0.duration_ms,twle1_0.failed_count,twle1_0.last_error,twle1_0.next_retry_at,twle1_0.requested_count,twle1_0.source_batch_id,twle1_0.status,twle1_0.success_count,twle1_0.trace_id,twle1_0.updated_at,twle1_0.write_type from ts_write_log twle1_0 where twle1_0.status in (?,?) and twle1_0.next_retry_at<=? order by twle1_0.created_at
2026-05-08T20:39:13.446+08:00 DEBUG 26852 --- [uscdip-backend] [pool-2-thread-1] org.hibernate.SQL                        : select nme1_0.notification_id,nme1_0.aggregate_id,nme1_0.aggregate_type,nme1_0.completed_at,nme1_0.content,nme1_0.created_at,nme1_0.event_type,nme1_0.idempotent_key,nme1_0.last_error,nme1_0.recipient_user_id,nme1_0.recipient_username,nme1_0.source_event_id,nme1_0.status,nme1_0.title,nme1_0.trace_id,nme1_0.updated_at from notification_message nme1_0 order by nme1_0.created_at desc,nme1_0.notification_id desc
2026-05-08T20:39:13.447+08:00 DEBUG 26852 --- [uscdip-backend] [pool-2-thread-1] org.hibernate.SQL                        : select osbe1_0.binding_id,osbe1_0.created_at,osbe1_0.object_id,osbe1_0.object_type,osbe1_0.owner_user_id,osbe1_0.owner_username,osbe1_0.region_id,osbe1_0.scope_level,osbe1_0.updated_at from object_scope_binding osbe1_0 where osbe1_0.object_type=? and osbe1_0.object_id=?
2026-05-08T20:39:13.448+08:00 DEBUG 26852 --- [uscdip-backend] [pool-2-thread-1] org.hibernate.SQL                        : select wspme1_0.seq_no,wspme1_0.content,wspme1_0.created_at,wspme1_0.message_id,wspme1_0.message_type,wspme1_0.payload,wspme1_0.recipient_user_id,wspme1_0.source_notification_id,wspme1_0.title,wspme1_0.topic,wspme1_0.trace_id from websocket_push_message wspme1_0 where wspme1_0.source_notification_id=? and wspme1_0.topic=?
2026-05-08T20:39:13.449+08:00 DEBUG 26852 --- [uscdip-backend] [pool-2-thread-1] org.hibernate.SQL                        : select wspme1_0.seq_no,wspme1_0.content,wspme1_0.created_at,wspme1_0.message_id,wspme1_0.message_type,wspme1_0.payload,wspme1_0.recipient_user_id,wspme1_0.source_notification_id,wspme1_0.title,wspme1_0.topic,wspme1_0.trace_id from websocket_push_message wspme1_0 where wspme1_0.source_notification_id=? and wspme1_0.topic=?
2026-05-08T20:39:13.450+08:00 DEBUG 26852 --- [uscdip-backend] [pool-2-thread-1] org.hibernate.SQL                        : select wsce1_0.connection_id,wsce1_0.client_ip,wsce1_0.close_reason,wsce1_0.connected_at,wsce1_0.disconnected_at,wsce1_0.last_seen_at,wsce1_0.status,wsce1_0.stomp_session_id,wsce1_0.user_agent,wsce1_0.user_id,wsce1_0.username from websocket_connection wsce1_0 where wsce1_0.status=? and wsce1_0.last_seen_at<?
2026-05-08T20:39:43.250+08:00 DEBUG 26852 --- [uscdip-backend] [pool-2-thread-1] org.hibernate.SQL                        : select ace1_0.case_id,ace1_0.case_status,ace1_0.created_at,ace1_0.decision_snapshot,ace1_0.dedupe_key,ace1_0.device_id,ace1_0.escalation_level,ace1_0.first_alert_id,ace1_0.first_triggered_at,ace1_0.hit_count,ace1_0.last_alert_id,ace1_0.last_triggered_at,ace1_0.node_id,ace1_0.recovered_at,ace1_0.rule_code,ace1_0.segment_id,ace1_0.severity_current,ace1_0.suppressed_until,ace1_0.trace_id,ace1_0.unsuppressed_hit_count,ace1_0.updated_at from alert_case ace1_0 where ace1_0.case_status in (?,?,?,?,?) and ace1_0.last_triggered_at<?
2026-05-08T20:39:43.282+08:00 DEBUG 26852 --- [uscdip-backend] [pool-2-thread-1] org.hibernate.SQL                        : select nde1_0.delivery_id,nde1_0.attempt_count,nde1_0.channel,nde1_0.created_at,nde1_0.last_error,nde1_0.next_retry_at,nde1_0.notification_id,nde1_0.sent_at,nde1_0.status,nde1_0.target,nde1_0.updated_at from notification_delivery nde1_0 where nde1_0.status=? and nde1_0.next_retry_at<=? order by nde1_0.next_retry_at
2026-05-08T20:39:43.360+08:00 DEBUG 26852 --- [uscdip-backend] [pool-2-thread-1] org.hibernate.SQL                        : select oee1_0.event_id,oee1_0.aggregate_id,oee1_0.aggregate_type,oee1_0.claimed_at,oee1_0.claimed_by,oee1_0.created_at,oee1_0.event_type,oee1_0.last_error,oee1_0.next_retry_time,oee1_0.payload,oee1_0.retry_count,oee1_0.sent_at,oee1_0.status,oee1_0.trace_id,oee1_0.updated_at from outbox_event oee1_0 where oee1_0.status=? and oee1_0.claimed_at<? order by oee1_0.created_at
2026-05-08T20:39:43.362+08:00 DEBUG 26852 --- [uscdip-backend] [pool-2-thread-1] org.hibernate.SQL                        : select oee1_0.event_id,oee1_0.aggregate_id,oee1_0.aggregate_type,oee1_0.claimed_at,oee1_0.claimed_by,oee1_0.created_at,oee1_0.event_type,oee1_0.last_error,oee1_0.next_retry_time,oee1_0.payload,oee1_0.retry_count,oee1_0.sent_at,oee1_0.status,oee1_0.trace_id,oee1_0.updated_at from outbox_event oee1_0 where oee1_0.status in (?,?) and oee1_0.next_retry_time<=? order by oee1_0.created_at fetch first ? rows only
2026-05-08T20:39:43.364+08:00 DEBUG 26852 --- [uscdip-backend] [pool-2-thread-1] org.hibernate.SQL                        : select twle1_0.write_log_id,twle1_0.attempt_no,twle1_0.created_at,twle1_0.duration_ms,twle1_0.failed_count,twle1_0.last_error,twle1_0.next_retry_at,twle1_0.requested_count,twle1_0.source_batch_id,twle1_0.status,twle1_0.success_count,twle1_0.trace_id,twle1_0.updated_at,twle1_0.write_type from ts_write_log twle1_0 where twle1_0.status in (?,?) and twle1_0.next_retry_at<=? order by twle1_0.created_at
2026-05-08T20:39:43.452+08:00 DEBUG 26852 --- [uscdip-backend] [pool-2-thread-1] org.hibernate.SQL                        : select nme1_0.notification_id,nme1_0.aggregate_id,nme1_0.aggregate_type,nme1_0.completed_at,nme1_0.content,nme1_0.created_at,nme1_0.event_type,nme1_0.idempotent_key,nme1_0.last_error,nme1_0.recipient_user_id,nme1_0.recipient_username,nme1_0.source_event_id,nme1_0.status,nme1_0.title,nme1_0.trace_id,nme1_0.updated_at from notification_message nme1_0 order by nme1_0.created_at desc,nme1_0.notification_id desc
2026-05-08T20:39:43.454+08:00 DEBUG 26852 --- [uscdip-backend] [pool-2-thread-1] org.hibernate.SQL                        : select osbe1_0.binding_id,osbe1_0.created_at,osbe1_0.object_id,osbe1_0.object_type,osbe1_0.owner_user_id,osbe1_0.owner_username,osbe1_0.region_id,osbe1_0.scope_level,osbe1_0.updated_at from object_scope_binding osbe1_0 where osbe1_0.object_type=? and osbe1_0.object_id=?
2026-05-08T20:39:43.455+08:00 DEBUG 26852 --- [uscdip-backend] [pool-2-thread-1] org.hibernate.SQL                        : select wspme1_0.seq_no,wspme1_0.content,wspme1_0.created_at,wspme1_0.message_id,wspme1_0.message_type,wspme1_0.payload,wspme1_0.recipient_user_id,wspme1_0.source_notification_id,wspme1_0.title,wspme1_0.topic,wspme1_0.trace_id from websocket_push_message wspme1_0 where wspme1_0.source_notification_id=? and wspme1_0.topic=?
2026-05-08T20:39:43.457+08:00 DEBUG 26852 --- [uscdip-backend] [pool-2-thread-1] org.hibernate.SQL                        : select wspme1_0.seq_no,wspme1_0.content,wspme1_0.created_at,wspme1_0.message_id,wspme1_0.message_type,wspme1_0.payload,wspme1_0.recipient_user_id,wspme1_0.source_notification_id,wspme1_0.title,wspme1_0.topic,wspme1_0.trace_id from websocket_push_message wspme1_0 where wspme1_0.source_notification_id=? and wspme1_0.topic=?
2026-05-08T20:39:43.458+08:00 DEBUG 26852 --- [uscdip-backend] [pool-2-thread-1] org.hibernate.SQL                        : select wsce1_0.connection_id,wsce1_0.client_ip,wsce1_0.close_reason,wsce1_0.connected_at,wsce1_0.disconnected_at,wsce1_0.last_seen_at,wsce1_0.status,wsce1_0.stomp_session_id,wsce1_0.user_agent,wsce1_0.user_id,wsce1_0.username from websocket_connection wsce1_0 where wsce1_0.status=? and wsce1_0.last_seen_at<?
2026-05-08T20:40:13.285+08:00 DEBUG 26852 --- [uscdip-backend] [pool-2-thread-1] org.hibernate.SQL                        : select nde1_0.delivery_id,nde1_0.attempt_count,nde1_0.channel,nde1_0.created_at,nde1_0.last_error,nde1_0.next_retry_at,nde1_0.notification_id,nde1_0.sent_at,nde1_0.status,nde1_0.target,nde1_0.updated_at from notification_delivery nde1_0 where nde1_0.status=? and nde1_0.next_retry_at<=? order by nde1_0.next_retry_at
2026-05-08T20:40:13.365+08:00 DEBUG 26852 --- [uscdip-backend] [pool-2-thread-1] org.hibernate.SQL                        : select oee1_0.event_id,oee1_0.aggregate_id,oee1_0.aggregate_type,oee1_0.claimed_at,oee1_0.claimed_by,oee1_0.created_at,oee1_0.event_type,oee1_0.last_error,oee1_0.next_retry_time,oee1_0.payload,oee1_0.retry_count,oee1_0.sent_at,oee1_0.status,oee1_0.trace_id,oee1_0.updated_at from outbox_event oee1_0 where oee1_0.status=? and oee1_0.claimed_at<? order by oee1_0.created_at
2026-05-08T20:40:13.366+08:00 DEBUG 26852 --- [uscdip-backend] [pool-2-thread-1] org.hibernate.SQL                        : select oee1_0.event_id,oee1_0.aggregate_id,oee1_0.aggregate_type,oee1_0.claimed_at,oee1_0.claimed_by,oee1_0.created_at,oee1_0.event_type,oee1_0.last_error,oee1_0.next_retry_time,oee1_0.payload,oee1_0.retry_count,oee1_0.sent_at,oee1_0.status,oee1_0.trace_id,oee1_0.updated_at from outbox_event oee1_0 where oee1_0.status in (?,?) and oee1_0.next_retry_time<=? order by oee1_0.created_at fetch first ? rows only
2026-05-08T20:40:13.368+08:00 DEBUG 26852 --- [uscdip-backend] [pool-2-thread-1] org.hibernate.SQL                        : select twle1_0.write_log_id,twle1_0.attempt_no,twle1_0.created_at,twle1_0.duration_ms,twle1_0.failed_count,twle1_0.last_error,twle1_0.next_retry_at,twle1_0.requested_count,twle1_0.source_batch_id,twle1_0.status,twle1_0.success_count,twle1_0.trace_id,twle1_0.updated_at,twle1_0.write_type from ts_write_log twle1_0 where twle1_0.status in (?,?) and twle1_0.next_retry_at<=? order by twle1_0.created_at
2026-05-08T20:40:13.459+08:00 DEBUG 26852 --- [uscdip-backend] [pool-2-thread-1] org.hibernate.SQL                        : select nme1_0.notification_id,nme1_0.aggregate_id,nme1_0.aggregate_type,nme1_0.completed_at,nme1_0.content,nme1_0.created_at,nme1_0.event_type,nme1_0.idempotent_key,nme1_0.last_error,nme1_0.recipient_user_id,nme1_0.recipient_username,nme1_0.source_event_id,nme1_0.status,nme1_0.title,nme1_0.trace_id,nme1_0.updated_at from notification_message nme1_0 order by nme1_0.created_at desc,nme1_0.notification_id desc
2026-05-08T20:40:13.461+08:00 DEBUG 26852 --- [uscdip-backend] [pool-2-thread-1] org.hibernate.SQL                        : select osbe1_0.binding_id,osbe1_0.created_at,osbe1_0.object_id,osbe1_0.object_type,osbe1_0.owner_user_id,osbe1_0.owner_username,osbe1_0.region_id,osbe1_0.scope_level,osbe1_0.updated_at from object_scope_binding osbe1_0 where osbe1_0.object_type=? and osbe1_0.object_id=?
2026-05-08T20:40:13.461+08:00 DEBUG 26852 --- [uscdip-backend] [pool-2-thread-1] org.hibernate.SQL                        : select wspme1_0.seq_no,wspme1_0.content,wspme1_0.created_at,wspme1_0.message_id,wspme1_0.message_type,wspme1_0.payload,wspme1_0.recipient_user_id,wspme1_0.source_notification_id,wspme1_0.title,wspme1_0.topic,wspme1_0.trace_id from websocket_push_message wspme1_0 where wspme1_0.source_notification_id=? and wspme1_0.topic=?
2026-05-08T20:40:13.462+08:00 DEBUG 26852 --- [uscdip-backend] [pool-2-thread-1] org.hibernate.SQL                        : select wspme1_0.seq_no,wspme1_0.content,wspme1_0.created_at,wspme1_0.message_id,wspme1_0.message_type,wspme1_0.payload,wspme1_0.recipient_user_id,wspme1_0.source_notification_id,wspme1_0.title,wspme1_0.topic,wspme1_0.trace_id from websocket_push_message wspme1_0 where wspme1_0.source_notification_id=? and wspme1_0.topic=?
2026-05-08T20:40:13.463+08:00 DEBUG 26852 --- [uscdip-backend] [pool-2-thread-1] org.hibernate.SQL                        : select wsce1_0.connection_id,wsce1_0.client_ip,wsce1_0.close_reason,wsce1_0.connected_at,wsce1_0.disconnected_at,wsce1_0.last_seen_at,wsce1_0.status,wsce1_0.stomp_session_id,wsce1_0.user_agent,wsce1_0.user_id,wsce1_0.username from websocket_connection wsce1_0 where wsce1_0.status=? and wsce1_0.last_seen_at<?
