[INFO] Scanning for projects...
[INFO] 
[INFO] -------------------------< com.uscdip:backend >-------------------------
[INFO] Building uscdip-backend 0.0.1-SNAPSHOT
[INFO]   from pom.xml
[INFO] --------------------------------[ jar ]---------------------------------
[INFO] 
[INFO] >>> spring-boot:3.3.5:run (default-cli) > test-compile @ backend >>>
[INFO] 
[INFO] --- resources:3.3.1:resources (default-resources) @ backend ---
[INFO] Copying 3 resources from src\main\resources to target\classes
[INFO] Copying 5 resources from src\main\resources to target\classes
[INFO] 
[INFO] --- compiler:3.13.0:compile (default-compile) @ backend ---
[INFO] Nothing to compile - all classes are up to date.
[INFO] 
[INFO] --- resources:3.3.1:testResources (default-testResources) @ backend ---
[INFO] skip non existing resourceDirectory E:\Whd\USCDIP\backend\src\test\resources
[INFO] 
[INFO] --- compiler:3.13.0:testCompile (default-testCompile) @ backend ---
[INFO] Nothing to compile - all classes are up to date.
[INFO] 
[INFO] <<< spring-boot:3.3.5:run (default-cli) < test-compile @ backend <<<
[INFO] 
[INFO] 
[INFO] --- spring-boot:3.3.5:run (default-cli) @ backend ---
[INFO] Attaching agents: []

  .   ____          _            __ _ _
 /\\ / ___'_ __ _ _(_)_ __  __ _ \ \ \ \
( ( )\___ | '_ | '_| | '_ \/ _` | \ \ \ \
 \\/  ___)| |_)| | | | | || (_| |  ) ) ) )
  '  |____| .__|_| |_|_| |_\__, | / / / /
 =========|_|==============|___/=/_/_/_/

 :: Spring Boot ::                (v3.3.5)

2026-05-08T17:13:10.046+08:00  INFO 38228 --- [uscdip-backend] [           main] com.uscdip.backend.BackendApplication    : Starting BackendApplication using Java 17.0.10 with PID 38228 (E:\Whd\USCDIP\backend\target\classes started by w1328 in E:\Whd\USCDIP\backend)
2026-05-08T17:13:10.050+08:00  INFO 38228 --- [uscdip-backend] [           main] com.uscdip.backend.BackendApplication    : No active profile set, falling back to 1 default profile: "default"
2026-05-08T17:13:10.050+08:00 DEBUG 38228 --- [uscdip-backend] [           main] o.s.boot.SpringApplication               : Loading source class com.uscdip.backend.BackendApplication
2026-05-08T17:13:10.097+08:00 DEBUG 38228 --- [uscdip-backend] [           main] ConfigServletWebServerApplicationContext : Refreshing org.springframework.boot.web.servlet.context.AnnotationConfigServletWebServerApplicationContext@4b213651
2026-05-08T17:13:11.376+08:00  INFO 38228 --- [uscdip-backend] [           main] .s.d.r.c.RepositoryConfigurationDelegate : Bootstrapping Spring Data JPA repositories in DEFAULT mode.
2026-05-08T17:13:11.392+08:00 DEBUG 38228 --- [uscdip-backend] [           main] o.s.b.a.AutoConfigurationPackages        : @EnableAutoConfiguration was declared on a class in the package 'com.uscdip.backend'. Automatic @Repository and @Entity scanning is enabled.
2026-05-08T17:13:11.599+08:00  INFO 38228 --- [uscdip-backend] [           main] .s.d.r.c.RepositoryConfigurationDelegate : Finished Spring Data repository scanning in 216 ms. Found 56 JPA repository interfaces.
2026-05-08T17:13:13.055+08:00 DEBUG 38228 --- [uscdip-backend] [           main] .s.b.w.e.t.TomcatServletWebServerFactory : Code archive: E:\apache-maven-3.9.11\repository\org\springframework\boot\spring-boot\3.3.5\spring-boot-3.3.5.jar
2026-05-08T17:13:13.055+08:00 DEBUG 38228 --- [uscdip-backend] [           main] .s.b.w.e.t.TomcatServletWebServerFactory : Code archive: E:\apache-maven-3.9.11\repository\org\springframework\boot\spring-boot\3.3.5\spring-boot-3.3.5.jar
2026-05-08T17:13:13.056+08:00 DEBUG 38228 --- [uscdip-backend] [           main] .s.b.w.e.t.TomcatServletWebServerFactory : None of the document roots [src/main/webapp, public, static] point to a directory and will be ignored.
2026-05-08T17:13:13.088+08:00  INFO 38228 --- [uscdip-backend] [           main] o.s.b.w.embedded.tomcat.TomcatWebServer  : Tomcat initialized with port 8080 (http)
2026-05-08T17:13:13.107+08:00  INFO 38228 --- [uscdip-backend] [           main] o.apache.catalina.core.StandardService   : Starting service [Tomcat]
2026-05-08T17:13:13.107+08:00  INFO 38228 --- [uscdip-backend] [           main] o.apache.catalina.core.StandardEngine    : Starting Servlet engine: [Apache Tomcat/10.1.31]
2026-05-08T17:13:13.209+08:00  INFO 38228 --- [uscdip-backend] [           main] o.a.c.c.C.[Tomcat].[localhost].[/]       : Initializing Spring embedded WebApplicationContext
2026-05-08T17:13:13.209+08:00 DEBUG 38228 --- [uscdip-backend] [           main] w.s.c.ServletWebServerApplicationContext : Published root WebApplicationContext as ServletContext attribute with name [org.springframework.web.context.WebApplicationContext.ROOT]
2026-05-08T17:13:13.212+08:00  INFO 38228 --- [uscdip-backend] [           main] w.s.c.ServletWebServerApplicationContext : Root WebApplicationContext: initialization completed in 3113 ms
2026-05-08T17:13:13.271+08:00  INFO 38228 --- [uscdip-backend] [           main] com.zaxxer.hikari.HikariDataSource       : HikariPool-1 - Starting...
2026-05-08T17:13:13.498+08:00  INFO 38228 --- [uscdip-backend] [           main] com.zaxxer.hikari.pool.HikariPool        : HikariPool-1 - Added connection conn0: url=jdbc:h2:mem:uscdip user=SA
2026-05-08T17:13:13.500+08:00  INFO 38228 --- [uscdip-backend] [           main] com.zaxxer.hikari.HikariDataSource       : HikariPool-1 - Start completed.
2026-05-08T17:13:13.511+08:00  INFO 38228 --- [uscdip-backend] [           main] o.s.b.a.h2.H2ConsoleAutoConfiguration    : H2 console available at '/h2-console'. Database available at 'jdbc:h2:mem:uscdip'
2026-05-08T17:13:13.675+08:00  INFO 38228 --- [uscdip-backend] [           main] o.hibernate.jpa.internal.util.LogHelper  : HHH000204: Processing PersistenceUnitInfo [name: default]
2026-05-08T17:13:13.741+08:00  INFO 38228 --- [uscdip-backend] [           main] org.hibernate.Version                    : HHH000412: Hibernate ORM core version 6.5.3.Final
2026-05-08T17:13:13.780+08:00  INFO 38228 --- [uscdip-backend] [           main] o.h.c.internal.RegionFactoryInitiator    : HHH000026: Second-level cache disabled
2026-05-08T17:13:14.116+08:00  INFO 38228 --- [uscdip-backend] [           main] o.s.o.j.p.SpringPersistenceUnitInfo      : No LoadTimeWeaver setup: ignoring JPA class transformer
2026-05-08T17:13:16.681+08:00  INFO 38228 --- [uscdip-backend] [           main] o.h.e.t.j.p.i.JtaPlatformInitiator       : HHH000489: No JTA platform available (set 'hibernate.transaction.jta.platform' to enable JTA platform integration)
2026-05-08T17:13:16.699+08:00 DEBUG 38228 --- [uscdip-backend] [           main] org.hibernate.SQL                        : drop table if exists alert_case cascade 
2026-05-08T17:13:16.703+08:00 DEBUG 38228 --- [uscdip-backend] [           main] org.hibernate.SQL                        : drop table if exists alert_policy cascade 
2026-05-08T17:13:16.703+08:00 DEBUG 38228 --- [uscdip-backend] [           main] org.hibernate.SQL                        : drop table if exists alert_record cascade 
2026-05-08T17:13:16.704+08:00 DEBUG 38228 --- [uscdip-backend] [           main] org.hibernate.SQL                        : drop table if exists alert_rule cascade 
2026-05-08T17:13:16.704+08:00 DEBUG 38228 --- [uscdip-backend] [           main] org.hibernate.SQL                        : drop table if exists audit_log cascade 
2026-05-08T17:13:16.704+08:00 DEBUG 38228 --- [uscdip-backend] [           main] org.hibernate.SQL                        : drop table if exists auth_oidc_state cascade 
2026-05-08T17:13:16.705+08:00 DEBUG 38228 --- [uscdip-backend] [           main] org.hibernate.SQL                        : drop table if exists auth_refresh_token cascade 
2026-05-08T17:13:16.705+08:00 DEBUG 38228 --- [uscdip-backend] [           main] org.hibernate.SQL                        : drop table if exists auth_session cascade 
2026-05-08T17:13:16.705+08:00 DEBUG 38228 --- [uscdip-backend] [           main] org.hibernate.SQL                        : drop table if exists calibration_drift_record cascade 
2026-05-08T17:13:16.706+08:00 DEBUG 38228 --- [uscdip-backend] [           main] org.hibernate.SQL                        : drop table if exists calibration_profile cascade 
2026-05-08T17:13:16.707+08:00 DEBUG 38228 --- [uscdip-backend] [           main] org.hibernate.SQL                        : drop table if exists dead_letter cascade 
2026-05-08T17:13:16.707+08:00 DEBUG 38228 --- [uscdip-backend] [           main] org.hibernate.SQL                        : drop table if exists device cascade 
2026-05-08T17:13:16.708+08:00 DEBUG 38228 --- [uscdip-backend] [           main] org.hibernate.SQL                        : drop table if exists device_heartbeat cascade 
2026-05-08T17:13:16.708+08:00 DEBUG 38228 --- [uscdip-backend] [           main] org.hibernate.SQL                        : drop table if exists emergency_account cascade 
2026-05-08T17:13:16.708+08:00 DEBUG 38228 --- [uscdip-backend] [           main] org.hibernate.SQL                        : drop table if exists facility cascade 
2026-05-08T17:13:16.709+08:00 DEBUG 38228 --- [uscdip-backend] [           main] org.hibernate.SQL                        : drop table if exists feature_view_access_audit cascade 
2026-05-08T17:13:16.709+08:00 DEBUG 38228 --- [uscdip-backend] [           main] org.hibernate.SQL                        : drop table if exists feature_view_grant cascade 
2026-05-08T17:13:16.709+08:00 DEBUG 38228 --- [uscdip-backend] [           main] org.hibernate.SQL                        : drop table if exists gateway_client_rule cascade 
2026-05-08T17:13:16.710+08:00 DEBUG 38228 --- [uscdip-backend] [           main] org.hibernate.SQL                        : drop table if exists gateway_risk_audit cascade 
2026-05-08T17:13:16.710+08:00 DEBUG 38228 --- [uscdip-backend] [           main] org.hibernate.SQL                        : drop table if exists gateway_route_policy cascade 
2026-05-08T17:13:16.710+08:00 DEBUG 38228 --- [uscdip-backend] [           main] org.hibernate.SQL                        : drop table if exists idempotent_record cascade 
2026-05-08T17:13:16.711+08:00 DEBUG 38228 --- [uscdip-backend] [           main] org.hibernate.SQL                        : drop table if exists incident cascade 
2026-05-08T17:13:16.711+08:00 DEBUG 38228 --- [uscdip-backend] [           main] org.hibernate.SQL                        : drop table if exists ingest_batch cascade 
2026-05-08T17:13:16.711+08:00 DEBUG 38228 --- [uscdip-backend] [           main] org.hibernate.SQL                        : drop table if exists ingest_record cascade 
2026-05-08T17:13:16.712+08:00 DEBUG 38228 --- [uscdip-backend] [           main] org.hibernate.SQL                        : drop table if exists master_change_request cascade 
2026-05-08T17:13:16.712+08:00 DEBUG 38228 --- [uscdip-backend] [           main] org.hibernate.SQL                        : drop table if exists master_data_audit cascade 
2026-05-08T17:13:16.712+08:00 DEBUG 38228 --- [uscdip-backend] [           main] org.hibernate.SQL                        : drop table if exists model_invocation_audit cascade 
2026-05-08T17:13:16.712+08:00 DEBUG 38228 --- [uscdip-backend] [           main] org.hibernate.SQL                        : drop table if exists model_operation_audit cascade 
2026-05-08T17:13:16.713+08:00 DEBUG 38228 --- [uscdip-backend] [           main] org.hibernate.SQL                        : drop table if exists model_registry cascade 
2026-05-08T17:13:16.713+08:00 DEBUG 38228 --- [uscdip-backend] [           main] org.hibernate.SQL                        : drop table if exists model_result cascade 
2026-05-08T17:13:16.714+08:00 DEBUG 38228 --- [uscdip-backend] [           main] org.hibernate.SQL                        : drop table if exists model_version cascade 
2026-05-08T17:13:16.714+08:00 DEBUG 38228 --- [uscdip-backend] [           main] org.hibernate.SQL                        : drop table if exists node cascade 
2026-05-08T17:13:16.715+08:00 DEBUG 38228 --- [uscdip-backend] [           main] org.hibernate.SQL                        : drop table if exists notification_delivery cascade 
2026-05-08T17:13:16.715+08:00 DEBUG 38228 --- [uscdip-backend] [           main] org.hibernate.SQL                        : drop table if exists notification_message cascade 
2026-05-08T17:13:16.715+08:00 DEBUG 38228 --- [uscdip-backend] [           main] org.hibernate.SQL                        : drop table if exists object_geo_index cascade 
2026-05-08T17:13:16.715+08:00 DEBUG 38228 --- [uscdip-backend] [           main] org.hibernate.SQL                        : drop table if exists object_relation cascade 
2026-05-08T17:13:16.716+08:00 DEBUG 38228 --- [uscdip-backend] [           main] org.hibernate.SQL                        : drop table if exists object_scope_binding cascade 
2026-05-08T17:13:16.716+08:00 DEBUG 38228 --- [uscdip-backend] [           main] org.hibernate.SQL                        : drop table if exists object_version cascade 
2026-05-08T17:13:16.716+08:00 DEBUG 38228 --- [uscdip-backend] [           main] org.hibernate.SQL                        : drop table if exists outbox_event cascade 
2026-05-08T17:13:16.717+08:00 DEBUG 38228 --- [uscdip-backend] [           main] org.hibernate.SQL                        : drop table if exists rbac_permission cascade 
2026-05-08T17:13:16.717+08:00 DEBUG 38228 --- [uscdip-backend] [           main] org.hibernate.SQL                        : drop table if exists rbac_role cascade 
2026-05-08T17:13:16.718+08:00 DEBUG 38228 --- [uscdip-backend] [           main] org.hibernate.SQL                        : drop table if exists rbac_role_permission cascade 
2026-05-08T17:13:16.718+08:00 DEBUG 38228 --- [uscdip-backend] [           main] org.hibernate.SQL                        : drop table if exists rbac_user_role cascade 
2026-05-08T17:13:16.718+08:00 DEBUG 38228 --- [uscdip-backend] [           main] org.hibernate.SQL                        : drop table if exists security_audit cascade 
2026-05-08T17:13:16.718+08:00 DEBUG 38228 --- [uscdip-backend] [           main] org.hibernate.SQL                        : drop table if exists segment cascade 
2026-05-08T17:13:16.719+08:00 DEBUG 38228 --- [uscdip-backend] [           main] org.hibernate.SQL                        : drop table if exists topic_scope_rule cascade 
2026-05-08T17:13:16.719+08:00 DEBUG 38228 --- [uscdip-backend] [           main] org.hibernate.SQL                        : drop table if exists trace_link_event cascade 
2026-05-08T17:13:16.719+08:00 DEBUG 38228 --- [uscdip-backend] [           main] org.hibernate.SQL                        : drop table if exists ts_metric cascade 
2026-05-08T17:13:16.720+08:00 DEBUG 38228 --- [uscdip-backend] [           main] org.hibernate.SQL                        : drop table if exists ts_write_log cascade 
2026-05-08T17:13:16.720+08:00 DEBUG 38228 --- [uscdip-backend] [           main] org.hibernate.SQL                        : drop table if exists user_account cascade 
2026-05-08T17:13:16.720+08:00 DEBUG 38228 --- [uscdip-backend] [           main] org.hibernate.SQL                        : drop table if exists user_data_scope cascade 
2026-05-08T17:13:16.720+08:00 DEBUG 38228 --- [uscdip-backend] [           main] org.hibernate.SQL                        : drop table if exists websocket_ack cascade 
2026-05-08T17:13:16.721+08:00 DEBUG 38228 --- [uscdip-backend] [           main] org.hibernate.SQL                        : drop table if exists websocket_connection cascade 
2026-05-08T17:13:16.722+08:00 DEBUG 38228 --- [uscdip-backend] [           main] org.hibernate.SQL                        : drop table if exists websocket_push_message cascade 
2026-05-08T17:13:16.722+08:00 DEBUG 38228 --- [uscdip-backend] [           main] org.hibernate.SQL                        : drop table if exists websocket_subscription cascade 
2026-05-08T17:13:16.722+08:00 DEBUG 38228 --- [uscdip-backend] [           main] org.hibernate.SQL                        : drop table if exists work_order cascade 
2026-05-08T17:13:16.728+08:00 DEBUG 38228 --- [uscdip-backend] [           main] org.hibernate.SQL                        : create table alert_case (escalation_level integer not null, hit_count integer not null, unsuppressed_hit_count integer not null, created_at timestamp(6) not null, first_triggered_at timestamp(6) not null, last_triggered_at timestamp(6) not null, recovered_at timestamp(6), suppressed_until timestamp(6), updated_at timestamp(6) not null, case_status varchar(32) not null, decision_snapshot varchar(32) not null, severity_current varchar(32) not null, case_id varchar(64) not null, device_id varchar(64), first_alert_id varchar(64) not null, last_alert_id varchar(64) not null, node_id varchar(64), rule_code varchar(64) not null, segment_id varchar(64), trace_id varchar(128), dedupe_key varchar(255) not null, primary key (case_id))
2026-05-08T17:13:16.734+08:00 DEBUG 38228 --- [uscdip-backend] [           main] org.hibernate.SQL                        : create table alert_policy (dedupe_window_seconds integer not null, enabled boolean not null, escalate_threshold_l1 integer not null, escalate_threshold_l2 integer not null, recovery_window_seconds integer not null, suppress_window_seconds integer not null, created_at timestamp(6) not null, updated_at timestamp(6) not null, policy_id varchar(64) not null, rule_code varchar(64) not null, primary key (policy_id), constraint uk_alert_policy_rule_code unique (rule_code))
2026-05-08T17:13:16.736+08:00 DEBUG 38228 --- [uscdip-backend] [           main] org.hibernate.SQL                        : create table alert_record (alert_conf_final float(53) not null, alert_conf_raw float(53) not null, dq_alarm_conf_factor float(53), dq_score_snapshot float(53), escalation_level integer, suppressed boolean, created_at timestamp(6) not null, dq_level_snapshot varchar(8), event_time timestamp(6), processed_at timestamp(6), decision varchar(32) not null, process_status varchar(32), severity varchar(32) not null, alert_id varchar(64) not null, case_id varchar(64), device_id varchar(64) not null, metric_code varchar(64), node_id varchar(64), rule_code varchar(64) not null, segment_id varchar(64), source_batch_id varchar(64) not null, source_record_id varchar(64) not null, trace_id varchar(128), metric_value varchar(512), dedupe_key varchar(255), primary key (alert_id))
2026-05-08T17:13:16.737+08:00 DEBUG 38228 --- [uscdip-backend] [           main] org.hibernate.SQL                        : create table alert_rule (base_confidence float(53), enabled boolean not null, threshold_high float(53), threshold_low float(53), created_at timestamp(6) not null, updated_at timestamp(6) not null, logic_type varchar(32), operator_code varchar(32), rule_type varchar(32) not null, severity varchar(32) not null, metric_code varchar(64), rule_code varchar(64) not null, rule_id varchar(64) not null, expression_json varchar(2000), rule_name varchar(255) not null, primary key (rule_id), constraint uk_alert_rule_code unique (rule_code))
2026-05-08T17:13:16.738+08:00 DEBUG 38228 --- [uscdip-backend] [           main] org.hibernate.SQL                        : create table audit_log (event_time timestamp(6) not null, http_method varchar(16), auth_mode varchar(32), outcome varchar(32) not null, risk_level varchar(32), actor_user_id varchar(64), audit_id varchar(64) not null, client_ip varchar(64), emergency_account_id varchar(64), event_category varchar(64) not null, object_type varchar(64), source_module varchar(64) not null, source_table varchar(64), trace_id varchar(64), action varchar(128), actor_username varchar(128), event_type varchar(128) not null, object_id varchar(128), source_record_id varchar(128), request_path varchar(512), user_agent varchar(512), detail varchar(2000), after_snapshot clob, before_snapshot clob, primary key (audit_id))
2026-05-08T17:13:16.739+08:00 DEBUG 38228 --- [uscdip-backend] [           main] org.hibernate.SQL                        : create table auth_oidc_state (consumed_at timestamp(6), created_at timestamp(6) not null, expires_at timestamp(6) not null, status varchar(32) not null, client_ip varchar(64), state varchar(128) not null, code_verifier varchar(256) not null, redirect_uri varchar(512), user_agent varchar(512), primary key (state))
2026-05-08T17:13:16.740+08:00 DEBUG 38228 --- [uscdip-backend] [           main] org.hibernate.SQL                        : create table auth_refresh_token (created_at timestamp(6) not null, expires_at timestamp(6) not null, issued_at timestamp(6) not null, updated_at timestamp(6) not null, auth_mode varchar(32) not null, status varchar(32) not null, client_ip varchar(64), emergency_account_id varchar(64), replaced_by_token_id varchar(64), rotated_from_token_id varchar(64), session_id varchar(64) not null, token_id varchar(64) not null, user_id varchar(64) not null, token_hash varchar(128) not null unique, user_agent varchar(512), primary key (token_id))
2026-05-08T17:13:16.744+08:00 DEBUG 38228 --- [uscdip-backend] [           main] org.hibernate.SQL                        : create table auth_session (created_at timestamp(6) not null, revoked_at timestamp(6), updated_at timestamp(6) not null, auth_mode varchar(32) not null, status varchar(32) not null, client_ip varchar(64), emergency_account_id varchar(64), revoke_reason varchar(64), session_id varchar(64) not null, user_id varchar(64) not null, user_agent varchar(512), primary key (session_id))
2026-05-08T17:13:16.745+08:00 DEBUG 38228 --- [uscdip-backend] [           main] org.hibernate.SQL                        : create table calibration_drift_record (deviation_abs numeric(18,6) not null, deviation_pct numeric(18,6) not null, observed_value numeric(18,6) not null, reference_value numeric(18,6) not null, checked_at timestamp(6) not null, created_at timestamp(6) not null, drift_status varchar(32) not null, device_id varchar(64) not null, drift_record_id varchar(64) not null, incident_id varchar(64), metric_code varchar(64) not null, profile_id varchar(64) not null, work_order_id varchar(64), checked_by varchar(128) not null, primary key (drift_record_id))
2026-05-08T17:13:16.746+08:00 DEBUG 38228 --- [uscdip-backend] [           main] org.hibernate.SQL                        : create table calibration_profile (correction_offset numeric(18,6) not null, correction_slope numeric(18,6) not null, drift_threshold_abs numeric(18,6) not null, drift_threshold_pct numeric(18,6) not null, calibrated_at timestamp(6) not null, created_at timestamp(6) not null, effective_from timestamp(6) not null, effective_until timestamp(6) not null, updated_at timestamp(6) not null, status varchar(32) not null, device_id varchar(64) not null, metric_code varchar(64) not null, profile_id varchar(64) not null, profile_version varchar(64) not null, operator_name varchar(128) not null, reference_standard varchar(255), primary key (profile_id), constraint uk_cal_profile_device_metric_version unique (device_id, metric_code, profile_version))
2026-05-08T17:13:16.747+08:00 DEBUG 38228 --- [uscdip-backend] [           main] org.hibernate.SQL                        : create table dead_letter (retry_count integer not null, created_at timestamp(6) not null, resolved_at timestamp(6), status varchar(32) not null, action_type varchar(64) not null, aggregate_id varchar(64) not null, aggregate_type varchar(64) not null, dead_letter_id varchar(64) not null, source_event_id varchar(64), trace_id varchar(128), idempotent_key varchar(256) not null, failure_reason clob not null, payload clob, primary key (dead_letter_id))
2026-05-08T17:13:16.748+08:00 DEBUG 38228 --- [uscdip-backend] [           main] org.hibernate.SQL                        : create table device (last_buffer_level integer, calibration_due_at timestamp(6), created_at timestamp(6), last_heartbeat timestamp(6), last_recv_time timestamp(6), updated_at timestamp(6), version_no bigint, status varchar(32) not null, device_id varchar(64) not null, facility_id varchar(64) not null, node_id varchar(64) not null, protocol_type varchar(64), segment_id varchar(64) not null, device_name varchar(128) not null, online_status_reason varchar(128), last_abnormal_flags varchar(512), primary key (device_id))
2026-05-08T17:13:16.749+08:00 DEBUG 38228 --- [uscdip-backend] [           main] org.hibernate.SQL                        : create table device_heartbeat (buffer_level integer, created_at timestamp(6) not null, heartbeat_time timestamp(6) not null, recv_time timestamp(6) not null, online_status_snapshot varchar(32) not null, device_id varchar(64) not null, heartbeat_id varchar(64) not null, abnormal_flags varchar(512), primary key (heartbeat_id))
2026-05-08T17:13:16.750+08:00 DEBUG 38228 --- [uscdip-backend] [           main] org.hibernate.SQL                        : create table emergency_account (activated_at timestamp(6), created_at timestamp(6) not null, expires_at timestamp(6), last_login_at timestamp(6), revoked_at timestamp(6), updated_at timestamp(6) not null, status varchar(32) not null, account_id varchar(64) not null, activated_by varchar(64), linked_user_id varchar(64) not null, username varchar(64) not null unique, password_hash varchar(128) not null, revoke_reason varchar(256), primary key (account_id))
2026-05-08T17:13:16.751+08:00 DEBUG 38228 --- [uscdip-backend] [           main] org.hibernate.SQL                        : create table facility (position_meter numeric(10,2), created_at timestamp(6), updated_at timestamp(6), version_no bigint, status varchar(32) not null, facility_id varchar(64) not null, facility_type varchar(64), node_id varchar(64) not null, segment_id varchar(64) not null, facility_name varchar(128) not null, primary key (facility_id))
2026-05-08T17:13:16.752+08:00 DEBUG 38228 --- [uscdip-backend] [           main] org.hibernate.SQL                        : create table feature_view_access_audit (result_count integer, created_at timestamp(6) not null, decision varchar(32) not null, effective_view_level varchar(32) not null, requested_view_level varchar(32) not null, audit_id varchar(64) not null, grant_id varchar(64), query_type varchar(64) not null, user_id varchar(64) not null, username varchar(64), reason varchar(512), query_conditions varchar(2000), primary key (audit_id))
2026-05-08T17:13:16.753+08:00 DEBUG 38228 --- [uscdip-backend] [           main] org.hibernate.SQL                        : create table feature_view_grant (created_at timestamp(6) not null, expires_at timestamp(6) not null, revoked_at timestamp(6), status varchar(32) not null, target_type varchar(32) not null, view_level varchar(32) not null, grant_id varchar(64) not null, granted_by varchar(64) not null, target_id varchar(64), user_id varchar(64) not null, reason varchar(512) not null, primary key (grant_id))
2026-05-08T17:13:16.754+08:00 DEBUG 38228 --- [uscdip-backend] [           main] org.hibernate.SQL                        : create table gateway_client_rule (enabled boolean not null, created_at timestamp(6) not null, expires_at timestamp(6), updated_at timestamp(6) not null, rule_type varchar(32) not null, subject_type varchar(32) not null, rule_id varchar(64) not null, subject_value varchar(128) not null, reason varchar(256), primary key (rule_id))
2026-05-08T17:13:16.755+08:00 DEBUG 38228 --- [uscdip-backend] [           main] org.hibernate.SQL                        : create table gateway_risk_audit (created_at timestamp(6) not null, id bigint generated by default as identity, http_method varchar(16) not null, auth_mode varchar(32), decision varchar(32) not null, risk_level varchar(32), client_ip varchar(64), reason_code varchar(64) not null, route_code varchar(64) not null, trace_id varchar(64), user_id varchar(64), path_pattern varchar(256) not null, primary key (id))
2026-05-08T17:13:16.765+08:00 DEBUG 38228 --- [uscdip-backend] [           main] org.hibernate.SQL                        : create table gateway_route_policy (audit_enabled boolean not null, auth_required boolean not null, enabled boolean not null, rate_limit_capacity integer, rate_limit_window_seconds integer, created_at timestamp(6) not null, updated_at timestamp(6) not null, http_method varchar(16) not null, rate_limit_scope varchar(32) not null, risk_level varchar(32) not null, validation_profile varchar(32) not null, policy_id varchar(64) not null, route_code varchar(64) not null, path_pattern varchar(256) not null, primary key (policy_id))
2026-05-08T17:13:16.766+08:00 DEBUG 38228 --- [uscdip-backend] [           main] org.hibernate.SQL                        : create table idempotent_record (attempt_count integer not null, completed_at timestamp(6), first_seen_at timestamp(6) not null, last_seen_at timestamp(6) not null, version_no bigint not null, status varchar(32) not null, action_type varchar(64) not null, aggregate_id varchar(64) not null, aggregate_type varchar(64) not null, event_id varchar(64), result_ref_id varchar(128), idempotent_key varchar(256) not null, last_error clob, primary key (idempotent_key))
2026-05-08T17:13:16.767+08:00 DEBUG 38228 --- [uscdip-backend] [           main] org.hibernate.SQL                        : create table incident (alert_conf_final float(53), dq_score_snapshot float(53), confirmed_at timestamp(6), created_at timestamp(6), resolved_at timestamp(6), updated_at timestamp(6), version_no bigint, severity varchar(32), severity_source varchar(32), status varchar(32) not null, confirmed_by varchar(64), device_id varchar(64), incident_id varchar(64) not null, incident_type varchar(64) not null, node_id varchar(64) not null, segment_id varchar(64) not null, source_alert_id varchar(64), source_batch_id varchar(64), source_case_id varchar(64), source_rule_code varchar(64), close_reason varchar(128), trace_id varchar(128), title varchar(255), primary key (incident_id))
2026-05-08T17:13:16.768+08:00 DEBUG 38228 --- [uscdip-backend] [           main] org.hibernate.SQL                        : create table ingest_batch (is_backfill boolean not null, record_count integer not null, last_write_at timestamp(6), original_sample_time timestamp(6), received_at timestamp(6) not null, seq_no bigint, protocol_type varchar(32) not null, status varchar(32) not null, tsdb_write_status varchar(32) not null, batch_id varchar(64) not null, batch_no varchar(64), last_write_log_id varchar(64), source_type varchar(64) not null, source_key varchar(128) not null, trace_id varchar(128) not null, primary key (batch_id))
2026-05-08T17:13:16.770+08:00 DEBUG 38228 --- [uscdip-backend] [           main] org.hibernate.SQL                        : create table ingest_record (is_backfill boolean not null, created_at timestamp(6) not null, device_time timestamp(6) not null, event_time timestamp(6) not null, recv_time timestamp(6) not null, adapter_type varchar(32) not null, batch_id varchar(64) not null, device_id varchar(64) not null, metric_code varchar(64) not null, record_id varchar(64) not null, trace_id varchar(128) not null, metric_value varchar(512) not null, attributes_json varchar(2000), raw_payload_excerpt varchar(2000), primary key (record_id))
2026-05-08T17:13:16.770+08:00 DEBUG 38228 --- [uscdip-backend] [           main] org.hibernate.SQL                        : create table master_change_request (approved_at timestamp(6), base_version_no bigint not null, created_at timestamp(6) not null, effective_version_no bigint, updated_at timestamp(6) not null, object_type varchar(32) not null, request_status varchar(32) not null, approved_by varchar(64), object_id varchar(64) not null, request_id varchar(64) not null, requested_by varchar(64) not null, reason varchar(512), request_payload_json clob not null, primary key (request_id))
2026-05-08T17:13:16.771+08:00 DEBUG 38228 --- [uscdip-backend] [           main] org.hibernate.SQL                        : create table master_data_audit (audit_id bigint generated by default as identity, created_at timestamp(6) not null, action varchar(32) not null, object_type varchar(32) not null, outcome varchar(32) not null, change_request_id varchar(64), object_id varchar(64) not null, operator_user_id varchar(64) not null, trace_id varchar(64), after_snapshot_json clob, before_snapshot_json clob, primary key (audit_id))
2026-05-08T17:13:16.773+08:00 DEBUG 38228 --- [uscdip-backend] [           main] org.hibernate.SQL                        : create table model_invocation_audit (created_at timestamp(6) not null, latency_ms bigint, result_source varchar(32) not null, status varchar(32) not null, version_no varchar(32), invocation_audit_id varchar(64) not null, model_code varchar(64) not null, model_result_id varchar(64), node_id varchar(64), request_id varchar(64) not null, segment_id varchar(64), failure_reason varchar(512), input_summary varchar(2000), output_summary varchar(2000), primary key (invocation_audit_id))
2026-05-08T17:13:16.774+08:00 DEBUG 38228 --- [uscdip-backend] [           main] org.hibernate.SQL                        : create table model_operation_audit (created_at timestamp(6) not null, version_no varchar(32), model_code varchar(64) not null, operation_audit_id varchar(64) not null, operation_type varchar(64) not null, operator_user_id varchar(64), after_state varchar(2000), before_state varchar(2000), primary key (operation_audit_id))
2026-05-08T17:13:16.775+08:00 DEBUG 38228 --- [uscdip-backend] [           main] org.hibernate.SQL                        : create table model_registry (default_timeout_ms integer, rule_fallback_enabled boolean not null, created_at timestamp(6) not null, updated_at timestamp(6) not null, status varchar(32) not null, created_by varchar(64), model_code varchar(64) not null, model_type varchar(64) not null, model_name varchar(128) not null, description varchar(512), primary key (model_code))
2026-05-08T17:13:16.776+08:00 DEBUG 38228 --- [uscdip-backend] [           main] org.hibernate.SQL                        : create table model_result (created_at timestamp(6), updated_at timestamp(6), model_version varchar(32), status varchar(32) not null, model_code varchar(64) not null, model_result_id varchar(64) not null, node_id varchar(64), segment_id varchar(64), primary key (model_result_id))
2026-05-08T17:13:16.776+08:00 DEBUG 38228 --- [uscdip-backend] [           main] org.hibernate.SQL                        : create table model_version (gray_percent integer, rule_fallback_enabled boolean not null, timeout_ms integer, created_at timestamp(6) not null, published_at timestamp(6), rolled_back_at timestamp(6), updated_at timestamp(6) not null, status varchar(32) not null, version_no varchar(32) not null, created_by varchar(64), feature_schema_version varchar(64), model_code varchar(64) not null, version_id varchar(96) not null, artifact_uri varchar(512), primary key (version_id))
2026-05-08T17:13:16.777+08:00 DEBUG 38228 --- [uscdip-backend] [           main] org.hibernate.SQL                        : create table node (bury_depth numeric(10,2), z_bottom numeric(10,2), z_top numeric(10,2), created_at timestamp(6), updated_at timestamp(6), version_no bigint, authority_srid varchar(32), display_srid varchar(32), status varchar(32) not null, elevation_ref varchar(64), node_id varchar(64) not null, node_type varchar(64) not null, node_name varchar(128) not null, geometry_2d varchar(255), primary key (node_id))
2026-05-08T17:13:16.779+08:00 DEBUG 38228 --- [uscdip-backend] [           main] org.hibernate.SQL                        : create table notification_delivery (attempt_count integer not null, created_at timestamp(6) not null, next_retry_at timestamp(6), sent_at timestamp(6), updated_at timestamp(6) not null, channel varchar(32) not null, status varchar(32) not null, delivery_id varchar(64) not null, notification_id varchar(64) not null, last_error varchar(2000), target varchar(255) not null, primary key (delivery_id))
2026-05-08T17:13:16.780+08:00 DEBUG 38228 --- [uscdip-backend] [           main] org.hibernate.SQL                        : create table notification_message (completed_at timestamp(6), created_at timestamp(6) not null, updated_at timestamp(6) not null, status varchar(32) not null, aggregate_id varchar(64) not null, aggregate_type varchar(64) not null, event_type varchar(64) not null, notification_id varchar(64) not null, recipient_user_id varchar(64), recipient_username varchar(64), source_event_id varchar(64) not null unique, trace_id varchar(128) not null, idempotent_key varchar(256) not null, last_error varchar(2000), title varchar(255) not null, content clob not null, primary key (notification_id))
2026-05-08T17:13:16.782+08:00 DEBUG 38228 --- [uscdip-backend] [           main] org.hibernate.SQL                        : create table object_geo_index (anchor_x numeric(18,6), anchor_y numeric(18,6), bbox_max_x numeric(18,6), bbox_max_y numeric(18,6), bbox_min_x numeric(18,6), bbox_min_y numeric(18,6), created_at timestamp(6) not null, updated_at timestamp(6) not null, authority_srid varchar(32) not null, display_srid varchar(32) not null, object_type varchar(32) not null, geo_id varchar(64) not null, object_id varchar(64) not null, region_id varchar(64), geometry_2d clob not null, primary key (geo_id))
2026-05-08T17:13:16.783+08:00 DEBUG 38228 --- [uscdip-backend] [           main] org.hibernate.SQL                        : create table object_relation (active boolean not null, created_at timestamp(6) not null, updated_at timestamp(6) not null, child_object_type varchar(32) not null, parent_object_type varchar(32) not null, child_object_id varchar(64) not null, parent_object_id varchar(64) not null, relation_id varchar(64) not null, relation_type varchar(64) not null, primary key (relation_id))
2026-05-08T17:13:16.784+08:00 DEBUG 38228 --- [uscdip-backend] [           main] org.hibernate.SQL                        : create table object_scope_binding (created_at timestamp(6) not null, updated_at timestamp(6) not null, object_type varchar(32) not null, scope_level varchar(32) not null, binding_id varchar(64) not null, object_id varchar(64) not null, owner_user_id varchar(64), owner_username varchar(64), region_id varchar(64), primary key (binding_id))
2026-05-08T17:13:16.784+08:00 DEBUG 38228 --- [uscdip-backend] [           main] org.hibernate.SQL                        : create table object_version (created_at timestamp(6) not null, version_no bigint not null, object_type varchar(32) not null, change_request_id varchar(64), created_by varchar(64) not null, object_id varchar(64) not null, version_id varchar(64) not null, snapshot_json clob not null, primary key (version_id))
2026-05-08T17:13:16.785+08:00 DEBUG 38228 --- [uscdip-backend] [           main] org.hibernate.SQL                        : create table outbox_event (retry_count integer not null, claimed_at timestamp(6), created_at timestamp(6) not null, next_retry_time timestamp(6), sent_at timestamp(6), updated_at timestamp(6) not null, status varchar(32) not null, aggregate_id varchar(64) not null, aggregate_type varchar(64) not null, event_id varchar(64) not null, event_type varchar(64) not null, claimed_by varchar(128), trace_id varchar(128), last_error varchar(2000), payload clob not null, primary key (event_id))
2026-05-08T17:13:16.786+08:00 DEBUG 38228 --- [uscdip-backend] [           main] org.hibernate.SQL                        : create table rbac_permission (permission_type varchar(32) not null, permission_code varchar(128) not null, resource_code varchar(128) not null, description varchar(512), primary key (permission_code))
2026-05-08T17:13:16.787+08:00 DEBUG 38228 --- [uscdip-backend] [           main] org.hibernate.SQL                        : create table rbac_role (read_only boolean not null, role_code varchar(64) not null, role_name varchar(128) not null, description varchar(512), primary key (role_code))
2026-05-08T17:13:16.788+08:00 DEBUG 38228 --- [uscdip-backend] [           main] org.hibernate.SQL                        : create table rbac_role_permission (id bigint generated by default as identity, role_code varchar(64) not null, permission_code varchar(128) not null, primary key (id))
2026-05-08T17:13:16.788+08:00 DEBUG 38228 --- [uscdip-backend] [           main] org.hibernate.SQL                        : create table rbac_user_role (id bigint generated by default as identity, role_code varchar(64) not null, user_id varchar(64) not null, primary key (id))
2026-05-08T17:13:16.789+08:00 DEBUG 38228 --- [uscdip-backend] [           main] org.hibernate.SQL                        : create table security_audit (created_at timestamp(6) not null, id bigint generated by default as identity, auth_mode varchar(32), outcome varchar(32) not null, client_ip varchar(64), emergency_account_id varchar(64), event_type varchar(64) not null, session_id varchar(64), token_id varchar(64), trace_id varchar(64), user_id varchar(64), user_agent varchar(512), detail varchar(1024), primary key (id))
2026-05-08T17:13:16.790+08:00 DEBUG 38228 --- [uscdip-backend] [           main] org.hibernate.SQL                        : create table segment (length_meter numeric(10,2), created_at timestamp(6), updated_at timestamp(6), version_no bigint, status varchar(32) not null, end_node_id varchar(64) not null, segment_id varchar(64) not null, segment_type varchar(64), start_node_id varchar(64) not null, segment_name varchar(128) not null, primary key (segment_id))
2026-05-08T17:13:16.790+08:00 DEBUG 38228 --- [uscdip-backend] [           main] org.hibernate.SQL                        : create table topic_scope_rule (id bigint generated by default as identity, role_code varchar(64) not null, topic_pattern varchar(256) not null, description varchar(512), primary key (id))
2026-05-08T17:13:16.791+08:00 DEBUG 38228 --- [uscdip-backend] [           main] org.hibernate.SQL                        : create table trace_link_event (event_time timestamp(6) not null, latency_ms bigint, recv_time timestamp(6), stage varchar(32) not null, status varchar(32), actor_user_id varchar(64), client_ip varchar(64), event_id varchar(64) not null, event_type varchar(64) not null, object_type varchar(64), parent_span_id varchar(64), source_module varchar(64) not null, span_id varchar(64), trace_id varchar(64) not null, message_id varchar(128), object_id varchar(128), session_id varchar(128), topic varchar(256), route_path varchar(512), detail varchar(2000), primary key (event_id))
2026-05-08T17:13:16.792+08:00 DEBUG 38228 --- [uscdip-backend] [           main] org.hibernate.SQL                        : create table ts_metric (dq_alarm_conf_factor float(53), dq_completeness float(53), dq_consistency float(53), dq_score float(53), dq_stability float(53), dq_timeliness float(53), dq_validity float(53), is_backfill boolean not null, late_arrival boolean not null, created_at timestamp(6) not null, device_time timestamp(6) not null, dq_level varchar(8), dq_scored_at timestamp(6), event_time timestamp(6) not null, latency_ms bigint, original_sample_time timestamp(6), recv_time timestamp(6) not null, seq_no bigint, batch_no varchar(64), device_id varchar(64) not null, metric_code varchar(64) not null, source_batch_id varchar(64) not null, source_record_id varchar(64) not null, trace_id varchar(128) not null, dq_flags varchar(512), metric_value varchar(512) not null, primary key (source_record_id), constraint uk_ts_metric_backfill_dedupe unique (device_id, metric_code, batch_no, seq_no))
2026-05-08T17:13:16.793+08:00 DEBUG 38228 --- [uscdip-backend] [           main] org.hibernate.SQL                        : create table ts_write_log (attempt_no integer not null, failed_count integer not null, requested_count integer not null, success_count integer not null, created_at timestamp(6) not null, duration_ms bigint, next_retry_at timestamp(6), updated_at timestamp(6) not null, status varchar(32) not null, write_type varchar(32) not null, source_batch_id varchar(64) not null, write_log_id varchar(64) not null, trace_id varchar(128) not null, last_error varchar(2000), primary key (write_log_id))
2026-05-08T17:13:16.794+08:00 DEBUG 38228 --- [uscdip-backend] [           main] org.hibernate.SQL                        : create table user_account (created_at timestamp(6), disabled_at timestamp(6), token_valid_after timestamp(6), updated_at timestamp(6), status varchar(32) not null, primary_region_id varchar(64), user_id varchar(64) not null, username varchar(64) not null, display_name varchar(128), primary key (user_id))
2026-05-08T17:13:16.795+08:00 DEBUG 38228 --- [uscdip-backend] [           main] org.hibernate.SQL                        : create table user_data_scope (id bigint generated by default as identity, scope_type varchar(64) not null, user_id varchar(64) not null, scope_value varchar(128) not null, primary key (id))
2026-05-08T17:13:16.796+08:00 DEBUG 38228 --- [uscdip-backend] [           main] org.hibernate.SQL                        : create table websocket_ack (last_ack_seq bigint not null, updated_at timestamp(6) not null, user_id varchar(64) not null, topic varchar(256) not null, ack_id varchar(320) not null, primary key (ack_id), constraint uk_ws_ack_user_topic unique (user_id, topic))
2026-05-08T17:13:16.797+08:00 DEBUG 38228 --- [uscdip-backend] [           main] org.hibernate.SQL                        : create table websocket_connection (connected_at timestamp(6) not null, disconnected_at timestamp(6), last_seen_at timestamp(6) not null, status varchar(32) not null, client_ip varchar(64), connection_id varchar(64) not null, user_id varchar(64) not null, username varchar(64), stomp_session_id varchar(128), user_agent varchar(512), close_reason varchar(255), primary key (connection_id))
2026-05-08T17:13:16.798+08:00 DEBUG 38228 --- [uscdip-backend] [           main] org.hibernate.SQL                        : create table websocket_push_message (created_at timestamp(6) not null, seq_no bigint generated by default as identity, message_id varchar(64) not null unique, message_type varchar(64) not null, recipient_user_id varchar(64), source_notification_id varchar(64) not null, trace_id varchar(128) not null, topic varchar(256) not null, title varchar(255) not null, content clob not null, payload clob not null, primary key (seq_no), constraint uk_ws_push_notification_topic unique (source_notification_id, topic))
2026-05-08T17:13:16.798+08:00 DEBUG 38228 --- [uscdip-backend] [           main] org.hibernate.SQL                        : create table websocket_subscription (closed_at timestamp(6), subscribed_at timestamp(6) not null, status varchar(32) not null, connection_id varchar(64) not null, subscription_row_id varchar(64) not null, user_id varchar(64) not null, stomp_session_id varchar(128), subscription_id varchar(128), topic varchar(256) not null, primary key (subscription_row_id))
2026-05-08T17:13:16.799+08:00 DEBUG 38228 --- [uscdip-backend] [           main] org.hibernate.SQL                        : create table work_order (accepted_at timestamp(6), closed_at timestamp(6), completed_at timestamp(6), created_at timestamp(6), dispatched_at timestamp(6), sla_due_at timestamp(6), updated_at timestamp(6), version_no bigint, writeback_at timestamp(6), priority varchar(32), status varchar(32) not null, accepted_by varchar(64), assignee varchar(64), assignee_user_id varchar(64), closed_by varchar(64), completed_by varchar(64), created_by varchar(64), dispatched_by varchar(64), incident_id varchar(64) not null, node_id varchar(64) not null, segment_id varchar(64) not null, work_order_id varchar(64) not null, work_order_type varchar(64), writeback_type varchar(64), close_reason varchar(1000), completion_summary varchar(1000), description varchar(1000), writeback_reason varchar(1000), primary key (work_order_id))
2026-05-08T17:13:16.801+08:00 DEBUG 38228 --- [uscdip-backend] [           main] org.hibernate.SQL                        : create index idx_alert_case_device_updated on alert_case (device_id, updated_at)
2026-05-08T17:13:16.801+08:00 DEBUG 38228 --- [uscdip-backend] [           main] org.hibernate.SQL                        : create index idx_alert_case_rule_status on alert_case (rule_code, case_status)
2026-05-08T17:13:16.801+08:00 DEBUG 38228 --- [uscdip-backend] [           main] org.hibernate.SQL                        : create index idx_alert_case_status_triggered on alert_case (case_status, last_triggered_at)
2026-05-08T17:13:16.802+08:00 DEBUG 38228 --- [uscdip-backend] [           main] org.hibernate.SQL                        : create index idx_alert_case_dedupe on alert_case (dedupe_key)
2026-05-08T17:13:16.802+08:00 DEBUG 38228 --- [uscdip-backend] [           main] org.hibernate.SQL                        : create index idx_alert_policy_enabled on alert_policy (enabled)
2026-05-08T17:13:16.803+08:00 DEBUG 38228 --- [uscdip-backend] [           main] org.hibernate.SQL                        : create index idx_alert_policy_rule_enabled on alert_policy (rule_code, enabled)
2026-05-08T17:13:16.803+08:00 DEBUG 38228 --- [uscdip-backend] [           main] org.hibernate.SQL                        : create index idx_alert_record_device_created on alert_record (device_id, created_at)
2026-05-08T17:13:16.804+08:00 DEBUG 38228 --- [uscdip-backend] [           main] org.hibernate.SQL                        : create index idx_alert_record_batch_created on alert_record (source_batch_id, created_at)
2026-05-08T17:13:16.804+08:00 DEBUG 38228 --- [uscdip-backend] [           main] org.hibernate.SQL                        : create index idx_alert_record_rule_created on alert_record (rule_code, created_at)
2026-05-08T17:13:16.805+08:00 DEBUG 38228 --- [uscdip-backend] [           main] org.hibernate.SQL                        : create index idx_alert_record_case_created on alert_record (case_id, created_at)
2026-05-08T17:13:16.805+08:00 DEBUG 38228 --- [uscdip-backend] [           main] org.hibernate.SQL                        : create index idx_alert_rule_enabled on alert_rule (enabled)
2026-05-08T17:13:16.806+08:00 DEBUG 38228 --- [uscdip-backend] [           main] org.hibernate.SQL                        : create index idx_alert_rule_type_metric on alert_rule (rule_type, metric_code)
2026-05-08T17:13:16.806+08:00 DEBUG 38228 --- [uscdip-backend] [           main] org.hibernate.SQL                        : create index idx_cal_drift_device_metric_checked on calibration_drift_record (device_id, metric_code, checked_at)
2026-05-08T17:13:16.807+08:00 DEBUG 38228 --- [uscdip-backend] [           main] org.hibernate.SQL                        : create index idx_cal_drift_profile on calibration_drift_record (profile_id)
2026-05-08T17:13:16.807+08:00 DEBUG 38228 --- [uscdip-backend] [           main] org.hibernate.SQL                        : create index idx_cal_profile_device_metric_status on calibration_profile (device_id, metric_code, status)
2026-05-08T17:13:16.808+08:00 DEBUG 38228 --- [uscdip-backend] [           main] org.hibernate.SQL                        : create index idx_cal_profile_effective_until on calibration_profile (effective_until)
2026-05-08T17:13:16.809+08:00 DEBUG 38228 --- [uscdip-backend] [           main] org.hibernate.SQL                        : create index idx_dead_letter_source_event on dead_letter (source_event_id)
2026-05-08T17:13:16.809+08:00 DEBUG 38228 --- [uscdip-backend] [           main] org.hibernate.SQL                        : create index idx_dead_letter_idempotent on dead_letter (idempotent_key)
2026-05-08T17:13:16.810+08:00 DEBUG 38228 --- [uscdip-backend] [           main] org.hibernate.SQL                        : create index idx_dead_letter_status_created on dead_letter (status, created_at)
2026-05-08T17:13:16.810+08:00 DEBUG 38228 --- [uscdip-backend] [           main] org.hibernate.SQL                        : create index idx_idempotent_action_aggregate on idempotent_record (action_type, aggregate_type, aggregate_id)
2026-05-08T17:13:16.811+08:00 DEBUG 38228 --- [uscdip-backend] [           main] org.hibernate.SQL                        : create index idx_idempotent_event on idempotent_record (event_id)
2026-05-08T17:13:16.811+08:00 DEBUG 38228 --- [uscdip-backend] [           main] org.hibernate.SQL                        : create index idx_idempotent_status on idempotent_record (status)
2026-05-08T17:13:16.811+08:00 DEBUG 38228 --- [uscdip-backend] [           main] org.hibernate.SQL                        : create index idx_incident_device_updated on incident (device_id, updated_at)
2026-05-08T17:13:16.811+08:00 DEBUG 38228 --- [uscdip-backend] [           main] org.hibernate.SQL                        : create index idx_incident_type_status on incident (incident_type, status)
2026-05-08T17:13:16.812+08:00 DEBUG 38228 --- [uscdip-backend] [           main] org.hibernate.SQL                        : create index idx_incident_source_case on incident (source_case_id)
2026-05-08T17:13:16.812+08:00 DEBUG 38228 --- [uscdip-backend] [           main] org.hibernate.SQL                        : create index idx_delivery_notification on notification_delivery (notification_id)
2026-05-08T17:13:16.813+08:00 DEBUG 38228 --- [uscdip-backend] [           main] org.hibernate.SQL                        : create index idx_delivery_status_retry on notification_delivery (status, next_retry_at)
2026-05-08T17:13:16.813+08:00 DEBUG 38228 --- [uscdip-backend] [           main] org.hibernate.SQL                        : create index idx_delivery_channel_status on notification_delivery (channel, status)
2026-05-08T17:13:16.814+08:00 DEBUG 38228 --- [uscdip-backend] [           main] org.hibernate.SQL                        : create index idx_notification_source_event on notification_message (source_event_id)
2026-05-08T17:13:16.815+08:00 DEBUG 38228 --- [uscdip-backend] [           main] org.hibernate.SQL                        : create index idx_notification_aggregate on notification_message (aggregate_type, aggregate_id)
2026-05-08T17:13:16.815+08:00 DEBUG 38228 --- [uscdip-backend] [           main] org.hibernate.SQL                        : create index idx_notification_recipient_status on notification_message (recipient_user_id, recipient_username, status)
2026-05-08T17:13:16.815+08:00 DEBUG 38228 --- [uscdip-backend] [           main] org.hibernate.SQL                        : create index idx_notification_trace on notification_message (trace_id)
2026-05-08T17:13:16.816+08:00 DEBUG 38228 --- [uscdip-backend] [           main] org.hibernate.SQL                        : create index idx_notification_created on notification_message (created_at)
2026-05-08T17:13:16.816+08:00 DEBUG 38228 --- [uscdip-backend] [           main] org.hibernate.SQL                        : create index idx_outbox_status_retry on outbox_event (status, next_retry_time)
2026-05-08T17:13:16.817+08:00 DEBUG 38228 --- [uscdip-backend] [           main] org.hibernate.SQL                        : create index idx_outbox_aggregate on outbox_event (aggregate_type, aggregate_id)
2026-05-08T17:13:16.817+08:00 DEBUG 38228 --- [uscdip-backend] [           main] org.hibernate.SQL                        : create index idx_outbox_trace on outbox_event (trace_id)
2026-05-08T17:13:16.818+08:00 DEBUG 38228 --- [uscdip-backend] [           main] org.hibernate.SQL                        : create index idx_trace_link_trace_time on trace_link_event (trace_id, event_time)
2026-05-08T17:13:16.818+08:00 DEBUG 38228 --- [uscdip-backend] [           main] org.hibernate.SQL                        : create index idx_trace_link_stage_time on trace_link_event (stage, event_time)
2026-05-08T17:13:16.818+08:00 DEBUG 38228 --- [uscdip-backend] [           main] org.hibernate.SQL                        : create index idx_trace_link_object on trace_link_event (object_type, object_id)
2026-05-08T17:13:16.819+08:00 DEBUG 38228 --- [uscdip-backend] [           main] org.hibernate.SQL                        : create index idx_ts_metric_device_metric_event on ts_metric (device_id, metric_code, event_time)
2026-05-08T17:13:16.819+08:00 DEBUG 38228 --- [uscdip-backend] [           main] org.hibernate.SQL                        : create index idx_ts_metric_source_batch on ts_metric (source_batch_id)
2026-05-08T17:13:16.819+08:00 DEBUG 38228 --- [uscdip-backend] [           main] org.hibernate.SQL                        : create index idx_ts_write_log_batch_attempt on ts_write_log (source_batch_id, attempt_no)
2026-05-08T17:13:16.820+08:00 DEBUG 38228 --- [uscdip-backend] [           main] org.hibernate.SQL                        : create index idx_ts_write_log_status_retry on ts_write_log (status, next_retry_at)
2026-05-08T17:13:16.820+08:00 DEBUG 38228 --- [uscdip-backend] [           main] org.hibernate.SQL                        : create index idx_ws_ack_user on websocket_ack (user_id)
2026-05-08T17:13:16.821+08:00 DEBUG 38228 --- [uscdip-backend] [           main] org.hibernate.SQL                        : create index idx_ws_conn_user_status on websocket_connection (user_id, status)
2026-05-08T17:13:16.821+08:00 DEBUG 38228 --- [uscdip-backend] [           main] org.hibernate.SQL                        : create index idx_ws_conn_session on websocket_connection (stomp_session_id)
2026-05-08T17:13:16.822+08:00 DEBUG 38228 --- [uscdip-backend] [           main] org.hibernate.SQL                        : create index idx_ws_conn_last_seen on websocket_connection (last_seen_at)
2026-05-08T17:13:16.822+08:00 DEBUG 38228 --- [uscdip-backend] [           main] org.hibernate.SQL                        : create index idx_ws_push_topic_seq on websocket_push_message (topic, seq_no)
2026-05-08T17:13:16.822+08:00 DEBUG 38228 --- [uscdip-backend] [           main] org.hibernate.SQL                        : create index idx_ws_push_recipient on websocket_push_message (recipient_user_id, seq_no)
2026-05-08T17:13:16.823+08:00 DEBUG 38228 --- [uscdip-backend] [           main] org.hibernate.SQL                        : create index idx_ws_push_trace on websocket_push_message (trace_id)
2026-05-08T17:13:16.823+08:00 DEBUG 38228 --- [uscdip-backend] [           main] org.hibernate.SQL                        : create index idx_ws_sub_conn_status on websocket_subscription (connection_id, status)
2026-05-08T17:13:16.823+08:00 DEBUG 38228 --- [uscdip-backend] [           main] org.hibernate.SQL                        : create index idx_ws_sub_user_topic on websocket_subscription (user_id, topic)
2026-05-08T17:13:16.824+08:00 DEBUG 38228 --- [uscdip-backend] [           main] org.hibernate.SQL                        : create index idx_work_order_incident_status on work_order (incident_id, status)
2026-05-08T17:13:16.824+08:00 DEBUG 38228 --- [uscdip-backend] [           main] org.hibernate.SQL                        : create index idx_work_order_assignee_status on work_order (assignee, status)
2026-05-08T17:13:16.825+08:00 DEBUG 38228 --- [uscdip-backend] [           main] org.hibernate.SQL                        : create index idx_work_order_updated on work_order (updated_at)
2026-05-08T17:13:16.829+08:00  INFO 38228 --- [uscdip-backend] [           main] j.LocalContainerEntityManagerFactoryBean : Initialized JPA EntityManagerFactory for persistence unit 'default'
2026-05-08T17:13:17.754+08:00 DEBUG 38228 --- [uscdip-backend] [           main] o.s.b.w.s.ServletContextInitializerBeans : Mapping filters: springSecurityFilterChain urls=[/*] order=-100, traceIdFilter urls=[/*] order=-2147483648, characterEncodingFilter urls=[/*] order=-2147483648, formContentFilter urls=[/*] order=-9900, requestContextFilter urls=[/*] order=-105, localAccessTokenAuthenticationFilter urls=[/*] order=2147483647, gatewayControlFilter urls=[/*] order=2147483647
2026-05-08T17:13:17.755+08:00 DEBUG 38228 --- [uscdip-backend] [           main] o.s.b.w.s.ServletContextInitializerBeans : Mapping servlets: dispatcherServlet urls=[/], h2Console urls=[/h2-console/*]
2026-05-08T17:13:17.791+08:00 DEBUG 38228 --- [uscdip-backend] [           main] o.s.b.w.s.f.OrderedRequestContextFilter  : Filter 'requestContextFilter' configured for use
2026-05-08T17:13:17.794+08:00 DEBUG 38228 --- [uscdip-backend] [           main] s.b.w.s.f.OrderedCharacterEncodingFilter : Filter 'characterEncodingFilter' configured for use
2026-05-08T17:13:17.794+08:00 DEBUG 38228 --- [uscdip-backend] [           main] .DelegatingFilterProxyRegistrationBean$1 : Filter 'springSecurityFilterChain' configured for use
2026-05-08T17:13:17.795+08:00 DEBUG 38228 --- [uscdip-backend] [           main] o.s.b.w.s.f.OrderedFormContentFilter     : Filter 'formContentFilter' configured for use
2026-05-08T17:13:19.795+08:00  WARN 38228 --- [uscdip-backend] [           main] JpaBaseConfiguration$JpaWebConfiguration : spring.jpa.open-in-view is enabled by default. Therefore, database queries may be performed during view rendering. Explicitly configure spring.jpa.open-in-view to disable this warning
2026-05-08T17:13:20.032+08:00 DEBUG 38228 --- [uscdip-backend] [           main] o.s.w.s.s.s.WebSocketHandlerMapping      : Patterns [/ws/push] in 'stompWebSocketHandlerMapping'
2026-05-08T17:13:20.191+08:00 DEBUG 38228 --- [uscdip-backend] [           main] s.w.s.m.m.a.RequestMappingHandlerMapping : 113 mappings in 'requestMappingHandlerMapping'
2026-05-08T17:13:20.266+08:00 DEBUG 38228 --- [uscdip-backend] [           main] o.s.w.s.handler.SimpleUrlHandlerMapping  : Patterns [/webjars/**, /**, /swagger-ui*/*swagger-initializer.js, /swagger-ui*/**] in 'resourceHandlerMapping'
2026-05-08T17:13:20.507+08:00 DEBUG 38228 --- [uscdip-backend] [           main] .WebSocketAnnotationMethodMessageHandler : 
	c.u.b.c.AlertController:
	
2026-05-08T17:13:20.508+08:00 DEBUG 38228 --- [uscdip-backend] [           main] .WebSocketAnnotationMethodMessageHandler : 
	c.u.b.c.AuditLogController:
	
2026-05-08T17:13:20.508+08:00 DEBUG 38228 --- [uscdip-backend] [           main] .WebSocketAnnotationMethodMessageHandler : 
	c.u.b.c.AuthAdminController:
	
2026-05-08T17:13:20.508+08:00 DEBUG 38228 --- [uscdip-backend] [           main] .WebSocketAnnotationMethodMessageHandler : 
	c.u.b.c.AuthController:
	
2026-05-08T17:13:20.509+08:00 DEBUG 38228 --- [uscdip-backend] [           main] .WebSocketAnnotationMethodMessageHandler : 
	c.u.b.c.AuthorizationController:
	
2026-05-08T17:13:20.509+08:00 DEBUG 38228 --- [uscdip-backend] [           main] .WebSocketAnnotationMethodMessageHandler : 
	c.u.b.c.BoundaryController:
	
2026-05-08T17:13:20.509+08:00 DEBUG 38228 --- [uscdip-backend] [           main] .WebSocketAnnotationMethodMessageHandler : 
	c.u.b.c.CalibrationController:
	
2026-05-08T17:13:20.509+08:00 DEBUG 38228 --- [uscdip-backend] [           main] .WebSocketAnnotationMethodMessageHandler : 
	c.u.b.c.DataQualityController:
	
2026-05-08T17:13:20.509+08:00 DEBUG 38228 --- [uscdip-backend] [           main] .WebSocketAnnotationMethodMessageHandler : 
	c.u.b.c.DeviceLedgerController:
	
2026-05-08T17:13:20.509+08:00 DEBUG 38228 --- [uscdip-backend] [           main] .WebSocketAnnotationMethodMessageHandler : 
	c.u.b.c.EmergencyAuthController:
	
2026-05-08T17:13:20.511+08:00 DEBUG 38228 --- [uscdip-backend] [           main] .WebSocketAnnotationMethodMessageHandler : 
	c.u.b.c.FeatureViewController:
	
2026-05-08T17:13:20.511+08:00 DEBUG 38228 --- [uscdip-backend] [           main] .WebSocketAnnotationMethodMessageHandler : 
	c.u.b.c.GisController:
	
2026-05-08T17:13:20.511+08:00 DEBUG 38228 --- [uscdip-backend] [           main] .WebSocketAnnotationMethodMessageHandler : 
	c.u.b.c.IncidentController:
	
2026-05-08T17:13:20.512+08:00 DEBUG 38228 --- [uscdip-backend] [           main] .WebSocketAnnotationMethodMessageHandler : 
	c.u.b.c.MasterDataChangeController:
	
2026-05-08T17:13:20.512+08:00 DEBUG 38228 --- [uscdip-backend] [           main] .WebSocketAnnotationMethodMessageHandler : 
	c.u.b.c.MasterDataController:
	
2026-05-08T17:13:20.512+08:00 DEBUG 38228 --- [uscdip-backend] [           main] .WebSocketAnnotationMethodMessageHandler : 
	c.u.b.c.ModelGatewayController:
	
2026-05-08T17:13:20.512+08:00 DEBUG 38228 --- [uscdip-backend] [           main] .WebSocketAnnotationMethodMessageHandler : 
	c.u.b.c.NotificationController:
	
2026-05-08T17:13:20.513+08:00 DEBUG 38228 --- [uscdip-backend] [           main] .WebSocketAnnotationMethodMessageHandler : 
	c.u.b.c.ObjectChainController:
	
2026-05-08T17:13:20.513+08:00 DEBUG 38228 --- [uscdip-backend] [           main] .WebSocketAnnotationMethodMessageHandler : 
	c.u.b.c.RealtimeLinkController:
	
2026-05-08T17:13:20.513+08:00 DEBUG 38228 --- [uscdip-backend] [           main] .WebSocketAnnotationMethodMessageHandler : 
	c.u.b.c.TraceLinkController:
	
2026-05-08T17:13:20.514+08:00 DEBUG 38228 --- [uscdip-backend] [           main] .WebSocketAnnotationMethodMessageHandler : 
	c.u.b.c.UnifiedIngestController:
	
2026-05-08T17:13:20.517+08:00 DEBUG 38228 --- [uscdip-backend] [           main] .WebSocketAnnotationMethodMessageHandler : 
	c.u.b.c.WebSocketPushController:
	{[MESSAGE],[/push/heartbeat]}: heartbeat(WebSocketHeartbeatRequest,Principal,SimpMessageHeaderAccessor)
	{[MESSAGE],[/push/ack]}: ack(WebSocketAckRequest,Principal)
2026-05-08T17:13:20.518+08:00 DEBUG 38228 --- [uscdip-backend] [           main] .WebSocketAnnotationMethodMessageHandler : 
	c.u.b.c.WorkOrderController:
	
2026-05-08T17:13:20.519+08:00 DEBUG 38228 --- [uscdip-backend] [           main] .WebSocketAnnotationMethodMessageHandler : 
	o.s.b.a.w.s.e.BasicErrorController:
	
2026-05-08T17:13:20.519+08:00 DEBUG 38228 --- [uscdip-backend] [           main] .WebSocketAnnotationMethodMessageHandler : 
	o.s.w.a.OpenApiWebMvcResource:
	
2026-05-08T17:13:20.521+08:00 DEBUG 38228 --- [uscdip-backend] [           main] .WebSocketAnnotationMethodMessageHandler : 
	o.s.w.u.SwaggerWelcomeWebMvc:
	
2026-05-08T17:13:20.521+08:00 DEBUG 38228 --- [uscdip-backend] [           main] .WebSocketAnnotationMethodMessageHandler : 
	o.s.w.u.SwaggerConfigResource:
	
2026-05-08T17:13:20.626+08:00 DEBUG 38228 --- [uscdip-backend] [           main] s.w.s.m.m.a.RequestMappingHandlerAdapter : ControllerAdvice beans: 0 @ModelAttribute, 0 @InitBinder, 1 RequestBodyAdvice, 1 ResponseBodyAdvice
2026-05-08T17:13:20.677+08:00 DEBUG 38228 --- [uscdip-backend] [           main] .m.m.a.ExceptionHandlerExceptionResolver : ControllerAdvice beans: 2 @ExceptionHandler, 1 ResponseBodyAdvice
2026-05-08T17:13:21.114+08:00  INFO 38228 --- [uscdip-backend] [           main] o.s.b.w.embedded.tomcat.TomcatWebServer  : Tomcat started on port 8080 (http) with context path '/'
2026-05-08T17:13:21.115+08:00 DEBUG 38228 --- [uscdip-backend] [           main] org.springframework.web.SimpLogging      : clientOutboundChannel added SubProtocolWebSocketHandler[StompSubProtocolHandler[v10.stomp, v11.stomp, v12.stomp]]
2026-05-08T17:13:21.116+08:00 DEBUG 38228 --- [uscdip-backend] [           main] org.springframework.web.SimpLogging      : clientInboundChannel added WebSocketAnnotationMethodMessageHandler[prefixes=[/app/]]
2026-05-08T17:13:21.116+08:00  INFO 38228 --- [uscdip-backend] [           main] o.s.m.s.b.SimpleBrokerMessageHandler     : Starting...
2026-05-08T17:13:21.116+08:00 DEBUG 38228 --- [uscdip-backend] [           main] org.springframework.web.SimpLogging      : clientInboundChannel added SimpleBrokerMessageHandler [org.springframework.messaging.simp.broker.DefaultSubscriptionRegistry@4a4cdeb0]
2026-05-08T17:13:21.116+08:00 DEBUG 38228 --- [uscdip-backend] [           main] org.springframework.web.SimpLogging      : brokerChannel added SimpleBrokerMessageHandler [org.springframework.messaging.simp.broker.DefaultSubscriptionRegistry@4a4cdeb0]
2026-05-08T17:13:21.117+08:00  INFO 38228 --- [uscdip-backend] [           main] o.s.m.s.b.SimpleBrokerMessageHandler     : BrokerAvailabilityEvent[available=true, SimpleBrokerMessageHandler [org.springframework.messaging.simp.broker.DefaultSubscriptionRegistry@4a4cdeb0]]
2026-05-08T17:13:21.118+08:00  INFO 38228 --- [uscdip-backend] [           main] o.s.m.s.b.SimpleBrokerMessageHandler     : Started.
2026-05-08T17:13:21.119+08:00 DEBUG 38228 --- [uscdip-backend] [           main] org.springframework.web.SimpLogging      : clientInboundChannel added UserDestinationMessageHandler[DefaultUserDestinationResolver[prefix=/user/]]
2026-05-08T17:13:21.119+08:00 DEBUG 38228 --- [uscdip-backend] [           main] org.springframework.web.SimpLogging      : brokerChannel added UserDestinationMessageHandler[DefaultUserDestinationResolver[prefix=/user/]]
2026-05-08T17:13:21.131+08:00 DEBUG 38228 --- [uscdip-backend] [           main] .s.b.a.l.ConditionEvaluationReportLogger : 


============================
CONDITIONS EVALUATION REPORT
============================


Positive matches:
-----------------

   AopAutoConfiguration matched:
      - @ConditionalOnProperty (spring.aop.auto=true) matched (OnPropertyCondition)

   AopAutoConfiguration.AspectJAutoProxyingConfiguration matched:
      - @ConditionalOnClass found required class 'org.aspectj.weaver.Advice' (OnClassCondition)

   AopAutoConfiguration.AspectJAutoProxyingConfiguration.CglibAutoProxyConfiguration matched:
      - @ConditionalOnProperty (spring.aop.proxy-target-class=true) matched (OnPropertyCondition)

   ApplicationAvailabilityAutoConfiguration#applicationAvailability matched:
      - @ConditionalOnMissingBean (types: org.springframework.boot.availability.ApplicationAvailability; SearchStrategy: all) did not find any beans (OnBeanCondition)

   DataSourceAutoConfiguration matched:
      - @ConditionalOnClass found required classes 'javax.sql.DataSource', 'org.springframework.jdbc.datasource.embedded.EmbeddedDatabaseType' (OnClassCondition)
      - @ConditionalOnMissingBean (types: io.r2dbc.spi.ConnectionFactory; SearchStrategy: all) did not find any beans (OnBeanCondition)

   DataSourceAutoConfiguration.PooledDataSourceConfiguration matched:
      - AnyNestedCondition 1 matched 1 did not; NestedCondition on DataSourceAutoConfiguration.PooledDataSourceCondition.PooledDataSourceAvailable PooledDataSource found supported DataSource; NestedCondition on DataSourceAutoConfiguration.PooledDataSourceCondition.ExplicitType @ConditionalOnProperty (spring.datasource.type) did not find property 'type' (DataSourceAutoConfiguration.PooledDataSourceCondition)
      - @ConditionalOnMissingBean (types: javax.sql.DataSource,javax.sql.XADataSource; SearchStrategy: all) did not find any beans (OnBeanCondition)

   DataSourceAutoConfiguration.PooledDataSourceConfiguration#jdbcConnectionDetails matched:
      - @ConditionalOnMissingBean (types: org.springframework.boot.autoconfigure.jdbc.JdbcConnectionDetails; SearchStrategy: all) did not find any beans (OnBeanCondition)

   DataSourceConfiguration.Hikari matched:
      - @ConditionalOnClass found required class 'com.zaxxer.hikari.HikariDataSource' (OnClassCondition)
      - @ConditionalOnProperty (spring.datasource.type=com.zaxxer.hikari.HikariDataSource) matched (OnPropertyCondition)
      - @ConditionalOnMissingBean (types: javax.sql.DataSource; SearchStrategy: all) did not find any beans (OnBeanCondition)

   DataSourceInitializationConfiguration matched:
      - @ConditionalOnClass found required class 'org.springframework.jdbc.datasource.init.DatabasePopulator' (OnClassCondition)
      - @ConditionalOnSingleCandidate (types: javax.sql.DataSource; SearchStrategy: all) found a single bean 'dataSource'; @ConditionalOnMissingBean (types: org.springframework.boot.autoconfigure.sql.init.SqlDataSourceScriptDatabaseInitializer,org.springframework.boot.autoconfigure.sql.init.SqlR2dbcScriptDatabaseInitializer; SearchStrategy: all) did not find any beans (OnBeanCondition)

   DataSourceJmxConfiguration matched:
      - @ConditionalOnProperty (spring.jmx.enabled=true) matched (OnPropertyCondition)

   DataSourceJmxConfiguration.Hikari matched:
      - @ConditionalOnClass found required class 'com.zaxxer.hikari.HikariDataSource' (OnClassCondition)
      - @ConditionalOnSingleCandidate (types: javax.sql.DataSource; SearchStrategy: all) found a single bean 'dataSource' (OnBeanCondition)

   DataSourcePoolMetadataProvidersConfiguration.HikariPoolDataSourceMetadataProviderConfiguration matched:
      - @ConditionalOnClass found required class 'com.zaxxer.hikari.HikariDataSource' (OnClassCondition)

   DataSourceTransactionManagerAutoConfiguration matched:
      - @ConditionalOnClass found required classes 'javax.sql.DataSource', 'org.springframework.jdbc.core.JdbcTemplate', 'org.springframework.transaction.TransactionManager' (OnClassCondition)

   DataSourceTransactionManagerAutoConfiguration.JdbcTransactionManagerConfiguration matched:
      - @ConditionalOnSingleCandidate (types: javax.sql.DataSource; SearchStrategy: all) found a single bean 'dataSource' (OnBeanCondition)

   DispatcherServletAutoConfiguration matched:
      - @ConditionalOnClass found required class 'org.springframework.web.servlet.DispatcherServlet' (OnClassCondition)
      - found 'session' scope (OnWebApplicationCondition)

   DispatcherServletAutoConfiguration.DispatcherServletConfiguration matched:
      - @ConditionalOnClass found required class 'jakarta.servlet.ServletRegistration' (OnClassCondition)
      - Default DispatcherServlet did not find dispatcher servlet beans (DispatcherServletAutoConfiguration.DefaultDispatcherServletCondition)

   DispatcherServletAutoConfiguration.DispatcherServletRegistrationConfiguration matched:
      - @ConditionalOnClass found required class 'jakarta.servlet.ServletRegistration' (OnClassCondition)
      - DispatcherServlet Registration did not find servlet registration bean (DispatcherServletAutoConfiguration.DispatcherServletRegistrationCondition)

   DispatcherServletAutoConfiguration.DispatcherServletRegistrationConfiguration#dispatcherServletRegistration matched:
      - @ConditionalOnBean (names: dispatcherServlet types: org.springframework.web.servlet.DispatcherServlet; SearchStrategy: all) found bean 'dispatcherServlet' (OnBeanCondition)

   EmbeddedWebServerFactoryCustomizerAutoConfiguration matched:
      - @ConditionalOnWebApplication (required) found 'session' scope (OnWebApplicationCondition)
      - @ConditionalOnWarDeployment the application is not deployed as a WAR file. (OnWarDeploymentCondition)

   EmbeddedWebServerFactoryCustomizerAutoConfiguration.TomcatWebServerFactoryCustomizerConfiguration matched:
      - @ConditionalOnClass found required classes 'org.apache.catalina.startup.Tomcat', 'org.apache.coyote.UpgradeProtocol' (OnClassCondition)

   ErrorMvcAutoConfiguration matched:
      - @ConditionalOnClass found required classes 'jakarta.servlet.Servlet', 'org.springframework.web.servlet.DispatcherServlet' (OnClassCondition)
      - found 'session' scope (OnWebApplicationCondition)

   ErrorMvcAutoConfiguration#basicErrorController matched:
      - @ConditionalOnMissingBean (types: org.springframework.boot.web.servlet.error.ErrorController; SearchStrategy: current) did not find any beans (OnBeanCondition)

   ErrorMvcAutoConfiguration#errorAttributes matched:
      - @ConditionalOnMissingBean (types: org.springframework.boot.web.servlet.error.ErrorAttributes; SearchStrategy: current) did not find any beans (OnBeanCondition)

   ErrorMvcAutoConfiguration.DefaultErrorViewResolverConfiguration#conventionErrorViewResolver matched:
      - @ConditionalOnBean (types: org.springframework.web.servlet.DispatcherServlet; SearchStrategy: all) found bean 'dispatcherServlet'; @ConditionalOnMissingBean (types: org.springframework.boot.autoconfigure.web.servlet.error.ErrorViewResolver; SearchStrategy: all) did not find any beans (OnBeanCondition)

   ErrorMvcAutoConfiguration.WhitelabelErrorViewConfiguration matched:
      - @ConditionalOnProperty (server.error.whitelabel.enabled) matched (OnPropertyCondition)
      - ErrorTemplate Missing did not find error template view (ErrorMvcAutoConfiguration.ErrorTemplateMissingCondition)

   ErrorMvcAutoConfiguration.WhitelabelErrorViewConfiguration#beanNameViewResolver matched:
      - @ConditionalOnMissingBean (types: org.springframework.web.servlet.view.BeanNameViewResolver; SearchStrategy: all) did not find any beans (OnBeanCondition)

   ErrorMvcAutoConfiguration.WhitelabelErrorViewConfiguration#defaultErrorView matched:
      - @ConditionalOnMissingBean (names: error; SearchStrategy: all) did not find any beans (OnBeanCondition)

   GenericCacheConfiguration matched:
      - Cache org.springframework.boot.autoconfigure.cache.GenericCacheConfiguration automatic cache type (CacheCondition)

   H2ConsoleAutoConfiguration matched:
      - @ConditionalOnClass found required class 'org.h2.server.web.JakartaWebServlet' (OnClassCondition)
      - found 'session' scope (OnWebApplicationCondition)
      - @ConditionalOnProperty (spring.h2.console.enabled=true) matched (OnPropertyCondition)

   HibernateJpaAutoConfiguration matched:
      - @ConditionalOnClass found required classes 'org.springframework.orm.jpa.LocalContainerEntityManagerFactoryBean', 'jakarta.persistence.EntityManager', 'org.hibernate.engine.spi.SessionImplementor' (OnClassCondition)

   HibernateJpaConfiguration matched:
      - @ConditionalOnSingleCandidate (types: javax.sql.DataSource; SearchStrategy: all) found a single bean 'dataSource' (OnBeanCondition)

   HttpEncodingAutoConfiguration matched:
      - @ConditionalOnClass found required class 'org.springframework.web.filter.CharacterEncodingFilter' (OnClassCondition)
      - found 'session' scope (OnWebApplicationCondition)
      - @ConditionalOnProperty (server.servlet.encoding.enabled) matched (OnPropertyCondition)

   HttpEncodingAutoConfiguration#characterEncodingFilter matched:
      - @ConditionalOnMissingBean (types: org.springframework.web.filter.CharacterEncodingFilter; SearchStrategy: all) did not find any beans (OnBeanCondition)

   HttpMessageConvertersAutoConfiguration matched:
      - @ConditionalOnClass found required class 'org.springframework.http.converter.HttpMessageConverter' (OnClassCondition)
      - NoneNestedConditions 0 matched 1 did not; NestedCondition on HttpMessageConvertersAutoConfiguration.NotReactiveWebApplicationCondition.ReactiveWebApplication did not find reactive web application classes (HttpMessageConvertersAutoConfiguration.NotReactiveWebApplicationCondition)

   HttpMessageConvertersAutoConfiguration#messageConverters matched:
      - @ConditionalOnMissingBean (types: org.springframework.boot.autoconfigure.http.HttpMessageConverters; SearchStrategy: all) did not find any beans (OnBeanCondition)

   HttpMessageConvertersAutoConfiguration.StringHttpMessageConverterConfiguration matched:
      - @ConditionalOnClass found required class 'org.springframework.http.converter.StringHttpMessageConverter' (OnClassCondition)

   HttpMessageConvertersAutoConfiguration.StringHttpMessageConverterConfiguration#stringHttpMessageConverter matched:
      - @ConditionalOnMissingBean (types: org.springframework.http.converter.StringHttpMessageConverter; SearchStrategy: all) did not find any beans (OnBeanCondition)

   JacksonAutoConfiguration matched:
      - @ConditionalOnClass found required class 'com.fasterxml.jackson.databind.ObjectMapper' (OnClassCondition)

   JacksonAutoConfiguration.Jackson2ObjectMapperBuilderCustomizerConfiguration matched:
      - @ConditionalOnClass found required class 'org.springframework.http.converter.json.Jackson2ObjectMapperBuilder' (OnClassCondition)

   JacksonAutoConfiguration.JacksonObjectMapperBuilderConfiguration matched:
      - @ConditionalOnClass found required class 'org.springframework.http.converter.json.Jackson2ObjectMapperBuilder' (OnClassCondition)

   JacksonAutoConfiguration.JacksonObjectMapperBuilderConfiguration#jacksonObjectMapperBuilder matched:
      - @ConditionalOnMissingBean (types: org.springframework.http.converter.json.Jackson2ObjectMapperBuilder; SearchStrategy: all) did not find any beans (OnBeanCondition)

   JacksonAutoConfiguration.JacksonObjectMapperConfiguration matched:
      - @ConditionalOnClass found required class 'org.springframework.http.converter.json.Jackson2ObjectMapperBuilder' (OnClassCondition)

   JacksonAutoConfiguration.JacksonObjectMapperConfiguration#jacksonObjectMapper matched:
      - @ConditionalOnMissingBean (types: com.fasterxml.jackson.databind.ObjectMapper; SearchStrategy: all) did not find any beans (OnBeanCondition)

   JacksonAutoConfiguration.ParameterNamesModuleConfiguration matched:
      - @ConditionalOnClass found required class 'com.fasterxml.jackson.module.paramnames.ParameterNamesModule' (OnClassCondition)

   JacksonAutoConfiguration.ParameterNamesModuleConfiguration#parameterNamesModule matched:
      - @ConditionalOnMissingBean (types: com.fasterxml.jackson.module.paramnames.ParameterNamesModule; SearchStrategy: all) did not find any beans (OnBeanCondition)

   JacksonHttpMessageConvertersConfiguration.MappingJackson2HttpMessageConverterConfiguration matched:
      - @ConditionalOnClass found required class 'com.fasterxml.jackson.databind.ObjectMapper' (OnClassCondition)
      - @ConditionalOnProperty (spring.mvc.converters.preferred-json-mapper=jackson) matched (OnPropertyCondition)
      - @ConditionalOnBean (types: com.fasterxml.jackson.databind.ObjectMapper; SearchStrategy: all) found bean 'jacksonObjectMapper' (OnBeanCondition)

   JacksonHttpMessageConvertersConfiguration.MappingJackson2HttpMessageConverterConfiguration#mappingJackson2HttpMessageConverter matched:
      - @ConditionalOnMissingBean (types: org.springframework.http.converter.json.MappingJackson2HttpMessageConverter ignored: org.springframework.hateoas.server.mvc.TypeConstrainedMappingJackson2HttpMessageConverter,org.springframework.data.rest.webmvc.alps.AlpsJsonHttpMessageConverter; SearchStrategy: all) did not find any beans (OnBeanCondition)

   JdbcClientAutoConfiguration matched:
      - @ConditionalOnSingleCandidate (types: org.springframework.jdbc.core.namedparam.NamedParameterJdbcTemplate; SearchStrategy: all) found a single bean 'namedParameterJdbcTemplate'; @ConditionalOnMissingBean (types: org.springframework.jdbc.core.simple.JdbcClient; SearchStrategy: all) did not find any beans (OnBeanCondition)

   JdbcTemplateAutoConfiguration matched:
      - @ConditionalOnClass found required classes 'javax.sql.DataSource', 'org.springframework.jdbc.core.JdbcTemplate' (OnClassCondition)
      - @ConditionalOnSingleCandidate (types: javax.sql.DataSource; SearchStrategy: all) found a single bean 'dataSource' (OnBeanCondition)

   JdbcTemplateConfiguration matched:
      - @ConditionalOnMissingBean (types: org.springframework.jdbc.core.JdbcOperations; SearchStrategy: all) did not find any beans (OnBeanCondition)

   JpaBaseConfiguration#entityManagerFactory matched:
      - @ConditionalOnMissingBean (types: org.springframework.orm.jpa.LocalContainerEntityManagerFactoryBean,jakarta.persistence.EntityManagerFactory; SearchStrategy: all) did not find any beans (OnBeanCondition)

   JpaBaseConfiguration#entityManagerFactoryBuilder matched:
      - @ConditionalOnMissingBean (types: org.springframework.boot.orm.jpa.EntityManagerFactoryBuilder; SearchStrategy: all) did not find any beans (OnBeanCondition)

   JpaBaseConfiguration#jpaVendorAdapter matched:
      - @ConditionalOnMissingBean (types: org.springframework.orm.jpa.JpaVendorAdapter; SearchStrategy: all) did not find any beans (OnBeanCondition)

   JpaBaseConfiguration#transactionManager matched:
      - @ConditionalOnMissingBean (types: org.springframework.transaction.TransactionManager; SearchStrategy: all) did not find any beans (OnBeanCondition)

   JpaBaseConfiguration.JpaWebConfiguration matched:
      - @ConditionalOnClass found required class 'org.springframework.web.servlet.config.annotation.WebMvcConfigurer' (OnClassCondition)
      - found 'session' scope (OnWebApplicationCondition)
      - @ConditionalOnProperty (spring.jpa.open-in-view=true) matched (OnPropertyCondition)
      - @ConditionalOnMissingBean (types: org.springframework.orm.jpa.support.OpenEntityManagerInViewInterceptor,org.springframework.orm.jpa.support.OpenEntityManagerInViewFilter; SearchStrategy: all) did not find any beans (OnBeanCondition)

   JpaBaseConfiguration.PersistenceManagedTypesConfiguration matched:
      - @ConditionalOnMissingBean (types: org.springframework.orm.jpa.LocalContainerEntityManagerFactoryBean,jakarta.persistence.EntityManagerFactory; SearchStrategy: all) did not find any beans (OnBeanCondition)

   JpaBaseConfiguration.PersistenceManagedTypesConfiguration#persistenceManagedTypes matched:
      - @ConditionalOnMissingBean (types: org.springframework.orm.jpa.persistenceunit.PersistenceManagedTypes; SearchStrategy: all) did not find any beans (OnBeanCondition)

   JpaRepositoriesAutoConfiguration matched:
      - @ConditionalOnClass found required class 'org.springframework.data.jpa.repository.JpaRepository' (OnClassCondition)
      - @ConditionalOnProperty (spring.data.jpa.repositories.enabled=true) matched (OnPropertyCondition)
      - @ConditionalOnBean (types: javax.sql.DataSource; SearchStrategy: all) found bean 'dataSource'; @ConditionalOnMissingBean (types: org.springframework.data.jpa.repository.support.JpaRepositoryFactoryBean,org.springframework.data.jpa.repository.config.JpaRepositoryConfigExtension; SearchStrategy: all) did not find any beans (OnBeanCondition)

   JtaAutoConfiguration matched:
      - @ConditionalOnClass found required class 'jakarta.transaction.Transaction' (OnClassCondition)
      - @ConditionalOnProperty (spring.jta.enabled) matched (OnPropertyCondition)

   LifecycleAutoConfiguration#defaultLifecycleProcessor matched:
      - @ConditionalOnMissingBean (names: lifecycleProcessor; SearchStrategy: current) did not find any beans (OnBeanCondition)

   MultipartAutoConfiguration matched:
      - @ConditionalOnClass found required classes 'jakarta.servlet.Servlet', 'org.springframework.web.multipart.support.StandardServletMultipartResolver', 'jakarta.servlet.MultipartConfigElement' (OnClassCondition)
      - found 'session' scope (OnWebApplicationCondition)
      - @ConditionalOnProperty (spring.servlet.multipart.enabled) matched (OnPropertyCondition)

   MultipartAutoConfiguration#multipartConfigElement matched:
      - @ConditionalOnMissingBean (types: jakarta.servlet.MultipartConfigElement; SearchStrategy: all) did not find any beans (OnBeanCondition)

   MultipartAutoConfiguration#multipartResolver matched:
      - @ConditionalOnMissingBean (types: org.springframework.web.multipart.MultipartResolver; SearchStrategy: all) did not find any beans (OnBeanCondition)

   NamedParameterJdbcTemplateConfiguration matched:
      - @ConditionalOnSingleCandidate (types: org.springframework.jdbc.core.JdbcTemplate; SearchStrategy: all) found a single bean 'jdbcTemplate'; @ConditionalOnMissingBean (types: org.springframework.jdbc.core.namedparam.NamedParameterJdbcOperations; SearchStrategy: all) did not find any beans (OnBeanCondition)

   NoOpCacheConfiguration matched:
      - Cache org.springframework.boot.autoconfigure.cache.NoOpCacheConfiguration automatic cache type (CacheCondition)

   OAuth2ClientAutoConfiguration matched:
      - @ConditionalOnClass found required classes 'org.springframework.security.config.annotation.web.configuration.EnableWebSecurity', 'org.springframework.security.oauth2.client.registration.ClientRegistration' (OnClassCondition)
      - found 'session' scope (OnWebApplicationCondition)

   OAuth2ResourceServerAutoConfiguration matched:
      - @ConditionalOnClass found required class 'org.springframework.security.oauth2.server.resource.authentication.BearerTokenAuthenticationToken' (OnClassCondition)
      - found 'session' scope (OnWebApplicationCondition)

   OAuth2ResourceServerJwtConfiguration.JwtDecoderConfiguration matched:
      - @ConditionalOnMissingBean (types: org.springframework.security.oauth2.jwt.JwtDecoder; SearchStrategy: all) did not find any beans (OnBeanCondition)

   OAuth2ResourceServerOpaqueTokenConfiguration.OpaqueTokenIntrospectionClientConfiguration matched:
      - @ConditionalOnMissingBean (types: org.springframework.security.oauth2.server.resource.introspection.OpaqueTokenIntrospector; SearchStrategy: all) did not find any beans (OnBeanCondition)

   Oauth2ResourceServerConfiguration.JwtConfiguration matched:
      - @ConditionalOnClass found required class 'org.springframework.security.oauth2.jwt.JwtDecoder' (OnClassCondition)

   PersistenceExceptionTranslationAutoConfiguration matched:
      - @ConditionalOnClass found required class 'org.springframework.dao.annotation.PersistenceExceptionTranslationPostProcessor' (OnClassCondition)

   PersistenceExceptionTranslationAutoConfiguration#persistenceExceptionTranslationPostProcessor matched:
      - @ConditionalOnProperty (spring.dao.exceptiontranslation.enabled) matched (OnPropertyCondition)
      - @ConditionalOnMissingBean (types: org.springframework.dao.annotation.PersistenceExceptionTranslationPostProcessor; SearchStrategy: all) did not find any beans (OnBeanCondition)

   PropertyPlaceholderAutoConfiguration#propertySourcesPlaceholderConfigurer matched:
      - @ConditionalOnMissingBean (types: org.springframework.context.support.PropertySourcesPlaceholderConfigurer; SearchStrategy: current) did not find any beans (OnBeanCondition)

   RestClientAutoConfiguration matched:
      - @ConditionalOnClass found required class 'org.springframework.web.client.RestClient' (OnClassCondition)
      - NoneNestedConditions 0 matched 1 did not; NestedCondition on NotReactiveWebApplicationCondition.ReactiveWebApplication did not find reactive web application classes (NotReactiveWebApplicationCondition)

   RestClientAutoConfiguration#httpMessageConvertersRestClientCustomizer matched:
      - @ConditionalOnMissingBean (types: org.springframework.boot.autoconfigure.web.client.HttpMessageConvertersRestClientCustomizer; SearchStrategy: all) did not find any beans (OnBeanCondition)

   RestClientAutoConfiguration#restClientBuilder matched:
      - @ConditionalOnMissingBean (types: org.springframework.web.client.RestClient$Builder; SearchStrategy: all) did not find any beans (OnBeanCondition)

   RestClientAutoConfiguration#restClientBuilderConfigurer matched:
      - @ConditionalOnMissingBean (types: org.springframework.boot.autoconfigure.web.client.RestClientBuilderConfigurer; SearchStrategy: all) did not find any beans (OnBeanCondition)

   RestClientAutoConfiguration#restClientSsl matched:
      - @ConditionalOnBean (types: org.springframework.boot.ssl.SslBundles; SearchStrategy: all) found bean 'sslBundleRegistry'; @ConditionalOnMissingBean (types: org.springframework.boot.autoconfigure.web.client.RestClientSsl; SearchStrategy: all) did not find any beans (OnBeanCondition)

   RestTemplateAutoConfiguration matched:
      - @ConditionalOnClass found required class 'org.springframework.web.client.RestTemplate' (OnClassCondition)
      - NoneNestedConditions 0 matched 1 did not; NestedCondition on NotReactiveWebApplicationCondition.ReactiveWebApplication did not find reactive web application classes (NotReactiveWebApplicationCondition)

   RestTemplateAutoConfiguration#restTemplateBuilder matched:
      - @ConditionalOnMissingBean (types: org.springframework.boot.web.client.RestTemplateBuilder; SearchStrategy: all) did not find any beans (OnBeanCondition)

   SecurityAutoConfiguration matched:
      - @ConditionalOnClass found required class 'org.springframework.security.authentication.DefaultAuthenticationEventPublisher' (OnClassCondition)

   SecurityAutoConfiguration#authenticationEventPublisher matched:
      - @ConditionalOnMissingBean (types: org.springframework.security.authentication.AuthenticationEventPublisher; SearchStrategy: all) did not find any beans (OnBeanCondition)

   SecurityConfig.OidcDisabledSecurityConfiguration matched:
      - @ConditionalOnProperty (backend.oidc.enabled=false) matched (OnPropertyCondition)

   SecurityFilterAutoConfiguration matched:
      - @ConditionalOnClass found required classes 'org.springframework.security.web.context.AbstractSecurityWebApplicationInitializer', 'org.springframework.security.config.http.SessionCreationPolicy' (OnClassCondition)
      - found 'session' scope (OnWebApplicationCondition)

   SecurityFilterAutoConfiguration#securityFilterChainRegistration matched:
      - @ConditionalOnBean (names: springSecurityFilterChain; SearchStrategy: all) found bean 'springSecurityFilterChain' (OnBeanCondition)

   ServletWebServerFactoryAutoConfiguration matched:
      - @ConditionalOnClass found required class 'jakarta.servlet.ServletRequest' (OnClassCondition)
      - found 'session' scope (OnWebApplicationCondition)

   ServletWebServerFactoryAutoConfiguration#tomcatServletWebServerFactoryCustomizer matched:
      - @ConditionalOnClass found required class 'org.apache.catalina.startup.Tomcat' (OnClassCondition)

   ServletWebServerFactoryConfiguration.EmbeddedTomcat matched:
      - @ConditionalOnClass found required classes 'jakarta.servlet.Servlet', 'org.apache.catalina.startup.Tomcat', 'org.apache.coyote.UpgradeProtocol' (OnClassCondition)
      - @ConditionalOnMissingBean (types: org.springframework.boot.web.servlet.server.ServletWebServerFactory; SearchStrategy: current) did not find any beans (OnBeanCondition)

   SimpleCacheConfiguration matched:
      - Cache org.springframework.boot.autoconfigure.cache.SimpleCacheConfiguration automatic cache type (CacheCondition)

   SpringBootWebSecurityConfiguration matched:
      - found 'session' scope (OnWebApplicationCondition)

   SpringDataWebAutoConfiguration matched:
      - @ConditionalOnClass found required classes 'org.springframework.data.web.PageableHandlerMethodArgumentResolver', 'org.springframework.web.servlet.config.annotation.WebMvcConfigurer' (OnClassCondition)
      - found 'session' scope (OnWebApplicationCondition)
      - @ConditionalOnMissingBean (types: org.springframework.data.web.PageableHandlerMethodArgumentResolver; SearchStrategy: all) did not find any beans (OnBeanCondition)

   SpringDataWebAutoConfiguration#pageableCustomizer matched:
      - @ConditionalOnMissingBean (types: org.springframework.data.web.config.PageableHandlerMethodArgumentResolverCustomizer; SearchStrategy: all) did not find any beans (OnBeanCondition)

   SpringDataWebAutoConfiguration#sortCustomizer matched:
      - @ConditionalOnMissingBean (types: org.springframework.data.web.config.SortHandlerMethodArgumentResolverCustomizer; SearchStrategy: all) did not find any beans (OnBeanCondition)

   SpringDocConfigProperties matched:
      - @ConditionalOnProperty (springdoc.api-docs.enabled) matched (OnPropertyCondition)
      - @ConditionalOnBean (types: org.springdoc.core.configuration.SpringDocConfiguration; SearchStrategy: all) found bean 'org.springdoc.core.configuration.SpringDocConfiguration' (OnBeanCondition)

   SpringDocConfiguration matched:
      - @ConditionalOnWebApplication (required) found 'session' scope (OnWebApplicationCondition)
      - @ConditionalOnProperty (springdoc.api-docs.enabled) matched (OnPropertyCondition)

   SpringDocConfiguration#fileSupportConverter matched:
      - @ConditionalOnMissingBean (types: org.springdoc.core.converters.FileSupportConverter; SearchStrategy: all) did not find any beans (OnBeanCondition)

   SpringDocConfiguration#openAPIBuilder matched:
      - @ConditionalOnMissingBean (types: org.springdoc.core.service.OpenAPIService; SearchStrategy: all) did not find any beans (OnBeanCondition)

   SpringDocConfiguration#operationBuilder matched:
      - @ConditionalOnMissingBean (types: org.springdoc.core.service.OperationService; SearchStrategy: all) did not find any beans (OnBeanCondition)

   SpringDocConfiguration#parameterBuilder matched:
      - @ConditionalOnMissingBean (types: org.springdoc.core.service.GenericParameterService; SearchStrategy: all) did not find any beans (OnBeanCondition)

   SpringDocConfiguration#polymorphicModelConverter matched:
      - @ConditionalOnProperty (springdoc.model-converters.polymorphic-converter.enabled) matched (OnPropertyCondition)
      - @ConditionalOnMissingBean (types: org.springdoc.core.converters.PolymorphicModelConverter; SearchStrategy: all) did not find any beans (OnBeanCondition)

   SpringDocConfiguration#requestBodyBuilder matched:
      - @ConditionalOnMissingBean (types: org.springdoc.core.service.RequestBodyService; SearchStrategy: all) did not find any beans (OnBeanCondition)

   SpringDocConfiguration#responseSupportConverter matched:
      - @ConditionalOnMissingBean (types: org.springdoc.core.converters.ResponseSupportConverter; SearchStrategy: all) did not find any beans (OnBeanCondition)

   SpringDocConfiguration#schemaPropertyDeprecatingConverter matched:
      - @ConditionalOnProperty (springdoc.model-converters.deprecating-converter.enabled) matched (OnPropertyCondition)
      - @ConditionalOnMissingBean (types: org.springdoc.core.converters.SchemaPropertyDeprecatingConverter; SearchStrategy: all) did not find any beans (OnBeanCondition)

   SpringDocConfiguration#securityParser matched:
      - @ConditionalOnMissingBean (types: org.springdoc.core.service.SecurityService; SearchStrategy: all) did not find any beans (OnBeanCondition)

   SpringDocConfiguration#springDocCustomizers matched:
      - @ConditionalOnMissingBean (types: org.springdoc.core.customizers.SpringDocCustomizers; SearchStrategy: all) did not find any beans (OnBeanCondition)

   SpringDocConfiguration#springDocProviders matched:
      - @ConditionalOnMissingBean (types: org.springdoc.core.providers.SpringDocProviders; SearchStrategy: all) did not find any beans (OnBeanCondition)

   SpringDocConfiguration#springdocObjectMapperProvider matched:
      - @ConditionalOnMissingBean (types: org.springdoc.core.providers.ObjectMapperProvider; SearchStrategy: all) did not find any beans (OnBeanCondition)

   SpringDocConfiguration.QuerydslProvider matched:
      - @ConditionalOnClass found required class 'org.springframework.data.querydsl.binding.QuerydslBindingsFactory' (OnClassCondition)

   SpringDocConfiguration.QuerydslProvider#queryDslQuerydslPredicateOperationCustomizer matched:
      - @ConditionalOnMissingBean (types: org.springdoc.core.customizers.QuerydslPredicateOperationCustomizer; SearchStrategy: all) did not find any beans (OnBeanCondition)

   SpringDocConfiguration.SpringDocSpringDataWebPropertiesProvider matched:
      - @ConditionalOnClass found required class 'org.springframework.boot.autoconfigure.data.web.SpringDataWebProperties' (OnClassCondition)

   SpringDocConfiguration.SpringDocSpringDataWebPropertiesProvider#springDataWebPropertiesProvider matched:
      - @ConditionalOnMissingBean (types: org.springdoc.core.providers.SpringDataWebPropertiesProvider; SearchStrategy: all) did not find any beans (OnBeanCondition)

   SpringDocConfiguration.WebConversionServiceConfiguration matched:
      - @ConditionalOnClass found required class 'org.springframework.boot.autoconfigure.web.format.WebConversionService' (OnClassCondition)

   SpringDocPageableConfiguration matched:
      - @ConditionalOnClass found required class 'org.springframework.data.domain.Pageable' (OnClassCondition)
      - @ConditionalOnWebApplication (required) found 'session' scope (OnWebApplicationCondition)
      - @ConditionalOnProperty (springdoc.api-docs.enabled) matched (OnPropertyCondition)
      - @ConditionalOnBean (types: org.springdoc.core.configuration.SpringDocConfiguration; SearchStrategy: all) found bean 'org.springdoc.core.configuration.SpringDocConfiguration' (OnBeanCondition)

   SpringDocPageableConfiguration#delegatingMethodParameterCustomizer matched:
      - @ConditionalOnMissingBean (types: org.springdoc.core.customizers.DelegatingMethodParameterCustomizer; SearchStrategy: all) did not find any beans (OnBeanCondition)

   SpringDocPageableConfiguration#pageOpenAPIConverter matched:
      - @ConditionalOnClass found required classes 'org.springframework.data.web.PagedModel', 'org.springframework.data.web.config.SpringDataWebSettings' (OnClassCondition)
      - @ConditionalOnMissingBean (types: org.springdoc.core.converters.PageOpenAPIConverter; SearchStrategy: all) did not find any beans (OnBeanCondition)

   SpringDocPageableConfiguration#pageableOpenAPIConverter matched:
      - @ConditionalOnProperty (springdoc.model-converters.pageable-converter.enabled) matched (OnPropertyCondition)
      - @ConditionalOnMissingBean (types: org.springdoc.core.converters.PageableOpenAPIConverter; SearchStrategy: all) did not find any beans (OnBeanCondition)

   SpringDocSecurityConfiguration matched:
      - @ConditionalOnClass found required class 'org.springframework.security.web.SecurityFilterChain' (OnClassCondition)
      - @ConditionalOnWebApplication (required) found 'session' scope (OnWebApplicationCondition)
      - @ConditionalOnExpression (#{${springdoc.api-docs.enabled:true} and ${springdoc.enable-spring-security:true}}) resulted in true (OnExpressionCondition)
      - @ConditionalOnBean (types: org.springdoc.core.configuration.SpringDocConfiguration; SearchStrategy: all) found bean 'org.springdoc.core.configuration.SpringDocConfiguration' (OnBeanCondition)

   SpringDocSecurityConfiguration.SpringDocSecurityOAuth2ClientConfiguration matched:
      - @ConditionalOnClass found required class 'org.springframework.security.oauth2.client.annotation.RegisteredOAuth2AuthorizedClient' (OnClassCondition)

   SpringDocSecurityConfiguration.SpringSecurityLoginEndpointConfiguration matched:
      - @ConditionalOnClass found required class 'jakarta.servlet.Filter' (OnClassCondition)

   SpringDocSortConfiguration matched:
      - @ConditionalOnClass found required class 'org.springframework.data.domain.Sort' (OnClassCondition)
      - @ConditionalOnWebApplication (required) found 'session' scope (OnWebApplicationCondition)
      - @ConditionalOnProperty (springdoc.api-docs.enabled) matched (OnPropertyCondition)
      - @ConditionalOnBean (types: org.springdoc.core.configuration.SpringDocConfiguration; SearchStrategy: all) found bean 'org.springdoc.core.configuration.SpringDocConfiguration' (OnBeanCondition)

   SpringDocSortConfiguration#sortOpenAPIConverter matched:
      - @ConditionalOnProperty (springdoc.sort-converter.enabled) matched (OnPropertyCondition)
      - @ConditionalOnMissingBean (types: org.springdoc.core.converters.SortOpenAPIConverter; SearchStrategy: all) did not find any beans (OnBeanCondition)

   SpringDocUIConfiguration matched:
      - @ConditionalOnWebApplication (required) found 'session' scope (OnWebApplicationCondition)
      - @ConditionalOnBean (types: org.springdoc.core.configuration.SpringDocConfiguration; SearchStrategy: all) found bean 'org.springdoc.core.configuration.SpringDocConfiguration' (OnBeanCondition)

   SpringDocWebMvcConfiguration matched:
      - found 'session' scope (OnWebApplicationCondition)
      - @ConditionalOnProperty (springdoc.api-docs.enabled) matched (OnPropertyCondition)
      - @ConditionalOnBean (types: org.springdoc.core.configuration.SpringDocConfiguration; SearchStrategy: all) found bean 'org.springdoc.core.configuration.SpringDocConfiguration' (OnBeanCondition)

   SpringDocWebMvcConfiguration#openApiResource matched:
      - @ConditionalOnExpression (#{(${springdoc.use-management-port:false} == false ) and ${springdoc.enable-default-api-docs:true}}) resulted in true (OnExpressionCondition)
      - @ConditionalOnMissingBean (types: org.springdoc.webmvc.api.OpenApiWebMvcResource; SearchStrategy: all) did not find any beans (OnBeanCondition)

   SpringDocWebMvcConfiguration#requestBuilder matched:
      - @ConditionalOnMissingBean (types: org.springdoc.webmvc.core.service.RequestService; SearchStrategy: all) did not find any beans (OnBeanCondition)

   SpringDocWebMvcConfiguration#responseBuilder matched:
      - @ConditionalOnMissingBean (types: org.springdoc.core.service.GenericResponseService; SearchStrategy: all) did not find any beans (OnBeanCondition)

   SpringDocWebMvcConfiguration#springWebProvider matched:
      - @ConditionalOnMissingBean (types: org.springdoc.core.providers.SpringWebProvider; SearchStrategy: all) did not find any beans (OnBeanCondition)

   SpringDocWebMvcConfiguration.SpringDocWebMvcRouterConfiguration matched:
      - @ConditionalOnClass found required class 'org.springframework.web.servlet.function.RouterFunction' (OnClassCondition)

   SpringDocWebMvcConfiguration.SpringDocWebMvcRouterConfiguration#routerFunctionProvider matched:
      - @ConditionalOnMissingBean (types: org.springdoc.webmvc.core.providers.RouterFunctionWebMvcProvider; SearchStrategy: all) did not find any beans (OnBeanCondition)

   SqlInitializationAutoConfiguration matched:
      - @ConditionalOnProperty (spring.sql.init.enabled) matched (OnPropertyCondition)
      - NoneNestedConditions 0 matched 1 did not; NestedCondition on SqlInitializationAutoConfiguration.SqlInitializationModeCondition.ModeIsNever @ConditionalOnProperty (spring.sql.init.mode=never) found different value in property 'mode' (SqlInitializationAutoConfiguration.SqlInitializationModeCondition)

   SslAutoConfiguration#sslBundleRegistry matched:
      - @ConditionalOnMissingBean (types: org.springframework.boot.ssl.SslBundleRegistry,org.springframework.boot.ssl.SslBundles; SearchStrategy: all) did not find any beans (OnBeanCondition)

   SwaggerConfig matched:
      - found 'session' scope (OnWebApplicationCondition)
      - @ConditionalOnProperty (springdoc.swagger-ui.enabled) matched (OnPropertyCondition)
      - @ConditionalOnBean (types: org.springdoc.core.configuration.SpringDocConfiguration; SearchStrategy: all) found bean 'org.springdoc.core.configuration.SpringDocConfiguration' (OnBeanCondition)

   SwaggerConfig#indexPageTransformer matched:
      - @ConditionalOnMissingBean (types: org.springdoc.webmvc.ui.SwaggerIndexTransformer; SearchStrategy: all) did not find any beans (OnBeanCondition)

   SwaggerConfig#swaggerConfigResource matched:
      - @ConditionalOnProperty (springdoc.use-management-port=false) matched (OnPropertyCondition)
      - @ConditionalOnMissingBean (types: org.springdoc.webmvc.ui.SwaggerConfigResource; SearchStrategy: all) did not find any beans (OnBeanCondition)

   SwaggerConfig#swaggerResourceResolver matched:
      - @ConditionalOnMissingBean (types: org.springdoc.webmvc.ui.SwaggerResourceResolver; SearchStrategy: all) did not find any beans (OnBeanCondition)

   SwaggerConfig#swaggerWebMvcConfigurer matched:
      - @ConditionalOnMissingBean (types: org.springdoc.webmvc.ui.SwaggerWebMvcConfigurer; SearchStrategy: all) did not find any beans (OnBeanCondition)

   SwaggerConfig#swaggerWelcome matched:
      - @ConditionalOnProperty (springdoc.use-management-port=false) matched (OnPropertyCondition)
      - @ConditionalOnMissingBean (types: org.springdoc.webmvc.ui.SwaggerWelcomeWebMvc; SearchStrategy: all) did not find any beans (OnBeanCondition)

   SwaggerUiConfigParameters matched:
      - @ConditionalOnProperty (springdoc.swagger-ui.enabled) matched (OnPropertyCondition)
      - @ConditionalOnBean (types: org.springdoc.core.configuration.SpringDocConfiguration; SearchStrategy: all) found bean 'org.springdoc.core.configuration.SpringDocConfiguration' (OnBeanCondition)

   SwaggerUiConfigProperties matched:
      - @ConditionalOnProperty (springdoc.swagger-ui.enabled) matched (OnPropertyCondition)
      - @ConditionalOnBean (types: org.springdoc.core.configuration.SpringDocConfiguration; SearchStrategy: all) found bean 'org.springdoc.core.configuration.SpringDocConfiguration' (OnBeanCondition)

   SwaggerUiOAuthProperties matched:
      - @ConditionalOnProperty (springdoc.swagger-ui.enabled) matched (OnPropertyCondition)
      - @ConditionalOnBean (types: org.springdoc.core.configuration.SpringDocConfiguration; SearchStrategy: all) found bean 'org.springdoc.core.configuration.SpringDocConfiguration' (OnBeanCondition)

   TaskExecutionAutoConfiguration matched:
      - @ConditionalOnClass found required class 'org.springframework.scheduling.concurrent.ThreadPoolTaskExecutor' (OnClassCondition)

   TaskExecutorConfigurations.SimpleAsyncTaskExecutorBuilderConfiguration#simpleAsyncTaskExecutorBuilder matched:
      - @ConditionalOnMissingBean (types: org.springframework.boot.task.SimpleAsyncTaskExecutorBuilder; SearchStrategy: all) did not find any beans (OnBeanCondition)
      - @ConditionalOnThreading found PLATFORM (OnThreadingCondition)

   TaskExecutorConfigurations.TaskExecutorBuilderConfiguration#taskExecutorBuilder matched:
      - @ConditionalOnMissingBean (types: org.springframework.boot.task.TaskExecutorBuilder; SearchStrategy: all) did not find any beans (OnBeanCondition)

   TaskExecutorConfigurations.ThreadPoolTaskExecutorBuilderConfiguration#threadPoolTaskExecutorBuilder matched:
      - @ConditionalOnMissingBean (types: org.springframework.boot.task.TaskExecutorBuilder,org.springframework.boot.task.ThreadPoolTaskExecutorBuilder; SearchStrategy: all) did not find any beans (OnBeanCondition)

   TaskSchedulingAutoConfiguration matched:
      - @ConditionalOnClass found required class 'org.springframework.scheduling.concurrent.ThreadPoolTaskScheduler' (OnClassCondition)

   TaskSchedulingAutoConfiguration#scheduledBeanLazyInitializationExcludeFilter matched:
      - @ConditionalOnBean (names: org.springframework.context.annotation.internalScheduledAnnotationProcessor; SearchStrategy: all) found bean 'org.springframework.context.annotation.internalScheduledAnnotationProcessor' (OnBeanCondition)

   TaskSchedulingConfigurations.SimpleAsyncTaskSchedulerBuilderConfiguration#simpleAsyncTaskSchedulerBuilder matched:
      - @ConditionalOnMissingBean (types: org.springframework.boot.task.SimpleAsyncTaskSchedulerBuilder; SearchStrategy: all) did not find any beans (OnBeanCondition)
      - @ConditionalOnThreading found PLATFORM (OnThreadingCondition)

   TaskSchedulingConfigurations.TaskSchedulerBuilderConfiguration#taskSchedulerBuilder matched:
      - @ConditionalOnMissingBean (types: org.springframework.boot.task.TaskSchedulerBuilder; SearchStrategy: all) did not find any beans (OnBeanCondition)

   TaskSchedulingConfigurations.ThreadPoolTaskSchedulerBuilderConfiguration#threadPoolTaskSchedulerBuilder matched:
      - @ConditionalOnMissingBean (types: org.springframework.boot.task.TaskSchedulerBuilder,org.springframework.boot.task.ThreadPoolTaskSchedulerBuilder; SearchStrategy: all) did not find any beans (OnBeanCondition)

   TransactionAutoConfiguration matched:
      - @ConditionalOnClass found required class 'org.springframework.transaction.PlatformTransactionManager' (OnClassCondition)

   TransactionAutoConfiguration.EnableTransactionManagementConfiguration matched:
      - @ConditionalOnBean (types: org.springframework.transaction.TransactionManager; SearchStrategy: all) found bean 'transactionManager'; @ConditionalOnMissingBean (types: org.springframework.transaction.annotation.AbstractTransactionManagementConfiguration; SearchStrategy: all) did not find any beans (OnBeanCondition)

   TransactionAutoConfiguration.EnableTransactionManagementConfiguration.CglibAutoProxyConfiguration matched:
      - @ConditionalOnProperty (spring.aop.proxy-target-class=true) matched (OnPropertyCondition)

   TransactionAutoConfiguration.TransactionTemplateConfiguration matched:
      - @ConditionalOnSingleCandidate (types: org.springframework.transaction.PlatformTransactionManager; SearchStrategy: all) found a single bean 'transactionManager' (OnBeanCondition)

   TransactionAutoConfiguration.TransactionTemplateConfiguration#transactionTemplate matched:
      - @ConditionalOnMissingBean (types: org.springframework.transaction.support.TransactionOperations; SearchStrategy: all) did not find any beans (OnBeanCondition)

   TransactionManagerCustomizationAutoConfiguration matched:
      - @ConditionalOnClass found required class 'org.springframework.transaction.PlatformTransactionManager' (OnClassCondition)

   TransactionManagerCustomizationAutoConfiguration#platformTransactionManagerCustomizers matched:
      - @ConditionalOnMissingBean (types: org.springframework.boot.autoconfigure.transaction.TransactionManagerCustomizers; SearchStrategy: all) did not find any beans (OnBeanCondition)

   ValidationAutoConfiguration matched:
      - @ConditionalOnClass found required class 'jakarta.validation.executable.ExecutableValidator' (OnClassCondition)
      - @ConditionalOnResource found location classpath:META-INF/services/jakarta.validation.spi.ValidationProvider (OnResourceCondition)

   ValidationAutoConfiguration#defaultValidator matched:
      - @ConditionalOnMissingBean (types: jakarta.validation.Validator; SearchStrategy: all) did not find any beans (OnBeanCondition)

   ValidationAutoConfiguration#methodValidationPostProcessor matched:
      - @ConditionalOnMissingBean (types: org.springframework.validation.beanvalidation.MethodValidationPostProcessor; SearchStrategy: current) did not find any beans (OnBeanCondition)

   WebMvcAutoConfiguration matched:
      - @ConditionalOnClass found required classes 'jakarta.servlet.Servlet', 'org.springframework.web.servlet.DispatcherServlet', 'org.springframework.web.servlet.config.annotation.WebMvcConfigurer' (OnClassCondition)
      - found 'session' scope (OnWebApplicationCondition)
      - @ConditionalOnMissingBean (types: org.springframework.web.servlet.config.annotation.WebMvcConfigurationSupport; SearchStrategy: all) did not find any beans (OnBeanCondition)

   WebMvcAutoConfiguration#formContentFilter matched:
      - @ConditionalOnProperty (spring.mvc.formcontent.filter.enabled) matched (OnPropertyCondition)
      - @ConditionalOnMissingBean (types: org.springframework.web.filter.FormContentFilter; SearchStrategy: all) did not find any beans (OnBeanCondition)

   WebMvcAutoConfiguration.EnableWebMvcConfiguration#flashMapManager matched:
      - @ConditionalOnMissingBean (names: flashMapManager; SearchStrategy: all) did not find any beans (OnBeanCondition)

   WebMvcAutoConfiguration.EnableWebMvcConfiguration#localeResolver matched:
      - @ConditionalOnMissingBean (names: localeResolver; SearchStrategy: all) did not find any beans (OnBeanCondition)

   WebMvcAutoConfiguration.EnableWebMvcConfiguration#themeResolver matched:
      - @ConditionalOnMissingBean (names: themeResolver; SearchStrategy: all) did not find any beans (OnBeanCondition)

   WebMvcAutoConfiguration.WebMvcAutoConfigurationAdapter#defaultViewResolver matched:
      - @ConditionalOnMissingBean (types: org.springframework.web.servlet.view.InternalResourceViewResolver; SearchStrategy: all) did not find any beans (OnBeanCondition)

   WebMvcAutoConfiguration.WebMvcAutoConfigurationAdapter#requestContextFilter matched:
      - @ConditionalOnMissingBean (types: org.springframework.web.context.request.RequestContextListener,org.springframework.web.filter.RequestContextFilter; SearchStrategy: all) did not find any beans (OnBeanCondition)

   WebMvcAutoConfiguration.WebMvcAutoConfigurationAdapter#viewResolver matched:
      - @ConditionalOnBean (types: org.springframework.web.servlet.ViewResolver; SearchStrategy: all) found beans 'defaultViewResolver', 'beanNameViewResolver', 'mvcViewResolver'; @ConditionalOnMissingBean (names: viewResolver types: org.springframework.web.servlet.view.ContentNegotiatingViewResolver; SearchStrategy: all) did not find any beans (OnBeanCondition)

   WebSocketMessagingAutoConfiguration matched:
      - @ConditionalOnClass found required class 'org.springframework.web.socket.config.annotation.WebSocketMessageBrokerConfigurer' (OnClassCondition)
      - found 'session' scope (OnWebApplicationCondition)

   WebSocketMessagingAutoConfiguration.WebSocketMessageConverterConfiguration matched:
      - @ConditionalOnClass found required classes 'com.fasterxml.jackson.databind.ObjectMapper', 'org.springframework.messaging.simp.config.AbstractMessageBrokerConfiguration' (OnClassCondition)
      - @ConditionalOnBean (types: org.springframework.web.socket.config.annotation.DelegatingWebSocketMessageBrokerConfiguration,com.fasterxml.jackson.databind.ObjectMapper; SearchStrategy: all) found beans 'jacksonObjectMapper', 'org.springframework.web.socket.config.annotation.DelegatingWebSocketMessageBrokerConfiguration' (OnBeanCondition)

   WebSocketServletAutoConfiguration matched:
      - @ConditionalOnClass found required classes 'jakarta.servlet.Servlet', 'jakarta.websocket.server.ServerContainer' (OnClassCondition)
      - found 'session' scope (OnWebApplicationCondition)

   WebSocketServletAutoConfiguration.TomcatWebSocketConfiguration matched:
      - @ConditionalOnClass found required classes 'org.apache.catalina.startup.Tomcat', 'org.apache.tomcat.websocket.server.WsSci' (OnClassCondition)

   WebSocketServletAutoConfiguration.TomcatWebSocketConfiguration#websocketServletWebServerCustomizer matched:
      - @ConditionalOnMissingBean (names: websocketServletWebServerCustomizer; SearchStrategy: all) did not find any beans (OnBeanCondition)


Negative matches:
-----------------

   ActiveMQAutoConfiguration:
      Did not match:
         - @ConditionalOnClass did not find required class 'jakarta.jms.ConnectionFactory' (OnClassCondition)

   AopAutoConfiguration.AspectJAutoProxyingConfiguration.JdkDynamicAutoProxyConfiguration:
      Did not match:
         - @ConditionalOnProperty (spring.aop.proxy-target-class=false) did not find property 'proxy-target-class' (OnPropertyCondition)

   AopAutoConfiguration.ClassProxyingConfiguration:
      Did not match:
         - @ConditionalOnMissingClass found unwanted class 'org.aspectj.weaver.Advice' (OnClassCondition)

   ArtemisAutoConfiguration:
      Did not match:
         - @ConditionalOnClass did not find required class 'jakarta.jms.ConnectionFactory' (OnClassCondition)

   BatchAutoConfiguration:
      Did not match:
         - @ConditionalOnClass did not find required class 'org.springframework.batch.core.launch.JobLauncher' (OnClassCondition)

   Cache2kCacheConfiguration:
      Did not match:
         - @ConditionalOnClass did not find required class 'org.cache2k.Cache2kBuilder' (OnClassCondition)

   CacheAutoConfiguration:
      Did not match:
         - @ConditionalOnBean (types: org.springframework.cache.interceptor.CacheAspectSupport; SearchStrategy: all) did not find any beans of type org.springframework.cache.interceptor.CacheAspectSupport (OnBeanCondition)
      Matched:
         - @ConditionalOnClass found required class 'org.springframework.cache.CacheManager' (OnClassCondition)

   CacheAutoConfiguration.CacheManagerEntityManagerFactoryDependsOnPostProcessor:
      Did not match:
         - Ancestor org.springframework.boot.autoconfigure.cache.CacheAutoConfiguration did not match (ConditionEvaluationReport.AncestorsMatchedCondition)
      Matched:
         - @ConditionalOnClass found required class 'org.springframework.orm.jpa.LocalContainerEntityManagerFactoryBean' (OnClassCondition)

   CaffeineCacheConfiguration:
      Did not match:
         - @ConditionalOnClass did not find required class 'com.github.benmanes.caffeine.cache.Caffeine' (OnClassCondition)

   CassandraAutoConfiguration:
      Did not match:
         - @ConditionalOnClass did not find required class 'com.datastax.oss.driver.api.core.CqlSession' (OnClassCondition)

   CassandraDataAutoConfiguration:
      Did not match:
         - @ConditionalOnClass did not find required class 'com.datastax.oss.driver.api.core.CqlSession' (OnClassCondition)

   CassandraReactiveDataAutoConfiguration:
      Did not match:
         - @ConditionalOnClass did not find required class 'com.datastax.oss.driver.api.core.CqlSession' (OnClassCondition)

   CassandraReactiveRepositoriesAutoConfiguration:
      Did not match:
         - @ConditionalOnClass did not find required class 'org.springframework.data.cassandra.ReactiveSession' (OnClassCondition)

   CassandraRepositoriesAutoConfiguration:
      Did not match:
         - @ConditionalOnClass did not find required class 'com.datastax.oss.driver.api.core.CqlSession' (OnClassCondition)

   ClientHttpConnectorAutoConfiguration:
      Did not match:
         - @ConditionalOnClass did not find required class 'org.springframework.web.reactive.function.client.WebClient' (OnClassCondition)

   CodecsAutoConfiguration:
      Did not match:
         - @ConditionalOnClass did not find required class 'org.springframework.web.reactive.function.client.WebClient' (OnClassCondition)

   CouchbaseAutoConfiguration:
      Did not match:
         - @ConditionalOnClass did not find required class 'com.couchbase.client.java.Cluster' (OnClassCondition)

   CouchbaseCacheConfiguration:
      Did not match:
         - @ConditionalOnClass did not find required class 'com.couchbase.client.java.Cluster' (OnClassCondition)

   CouchbaseDataAutoConfiguration:
      Did not match:
         - @ConditionalOnClass did not find required class 'com.couchbase.client.java.Bucket' (OnClassCondition)

   CouchbaseReactiveDataAutoConfiguration:
      Did not match:
         - @ConditionalOnClass did not find required class 'com.couchbase.client.java.Cluster' (OnClassCondition)

   CouchbaseReactiveRepositoriesAutoConfiguration:
      Did not match:
         - @ConditionalOnClass did not find required class 'com.couchbase.client.java.Cluster' (OnClassCondition)

   CouchbaseRepositoriesAutoConfiguration:
      Did not match:
         - @ConditionalOnClass did not find required class 'com.couchbase.client.java.Bucket' (OnClassCondition)

   DataSourceAutoConfiguration.EmbeddedDatabaseConfiguration:
      Did not match:
         - EmbeddedDataSource spring.datasource.url is set (DataSourceAutoConfiguration.EmbeddedDatabaseCondition)

   DataSourceCheckpointRestoreConfiguration:
      Did not match:
         - @ConditionalOnClass did not find required class 'org.crac.Resource' (OnClassCondition)

   DataSourceConfiguration.Dbcp2:
      Did not match:
         - @ConditionalOnClass did not find required class 'org.apache.commons.dbcp2.BasicDataSource' (OnClassCondition)

   DataSourceConfiguration.Generic:
      Did not match:
         - @ConditionalOnProperty (spring.datasource.type) did not find property 'spring.datasource.type' (OnPropertyCondition)

   DataSourceConfiguration.OracleUcp:
      Did not match:
         - @ConditionalOnClass did not find required classes 'oracle.ucp.jdbc.PoolDataSourceImpl', 'oracle.jdbc.OracleConnection' (OnClassCondition)

   DataSourceConfiguration.Tomcat:
      Did not match:
         - @ConditionalOnClass did not find required class 'org.apache.tomcat.jdbc.pool.DataSource' (OnClassCondition)

   DataSourceJmxConfiguration.TomcatDataSourceJmxConfiguration:
      Did not match:
         - @ConditionalOnClass did not find required class 'org.apache.tomcat.jdbc.pool.DataSourceProxy' (OnClassCondition)

   DataSourcePoolMetadataProvidersConfiguration.CommonsDbcp2PoolDataSourceMetadataProviderConfiguration:
      Did not match:
         - @ConditionalOnClass did not find required class 'org.apache.commons.dbcp2.BasicDataSource' (OnClassCondition)

   DataSourcePoolMetadataProvidersConfiguration.OracleUcpPoolDataSourceMetadataProviderConfiguration:
      Did not match:
         - @ConditionalOnClass did not find required classes 'oracle.ucp.jdbc.PoolDataSource', 'oracle.jdbc.OracleConnection' (OnClassCondition)

   DataSourcePoolMetadataProvidersConfiguration.TomcatDataSourcePoolMetadataProviderConfiguration:
      Did not match:
         - @ConditionalOnClass did not find required class 'org.apache.tomcat.jdbc.pool.DataSource' (OnClassCondition)

   DataSourceTransactionManagerAutoConfiguration.JdbcTransactionManagerConfiguration#transactionManager:
      Did not match:
         - @ConditionalOnMissingBean (types: org.springframework.transaction.TransactionManager; SearchStrategy: all) found beans of type 'org.springframework.transaction.TransactionManager' transactionManager (OnBeanCondition)

   DispatcherServletAutoConfiguration.DispatcherServletConfiguration#multipartResolver:
      Did not match:
         - @ConditionalOnBean (types: org.springframework.web.multipart.MultipartResolver; SearchStrategy: all) did not find any beans of type org.springframework.web.multipart.MultipartResolver (OnBeanCondition)

   ElasticsearchClientAutoConfiguration:
      Did not match:
         - @ConditionalOnClass did not find required class 'co.elastic.clients.elasticsearch.ElasticsearchClient' (OnClassCondition)

   ElasticsearchDataAutoConfiguration:
      Did not match:
         - @ConditionalOnClass did not find required class 'org.springframework.data.elasticsearch.client.elc.ElasticsearchTemplate' (OnClassCondition)

   ElasticsearchRepositoriesAutoConfiguration:
      Did not match:
         - @ConditionalOnClass did not find required class 'org.springframework.data.elasticsearch.repository.ElasticsearchRepository' (OnClassCondition)

   ElasticsearchRestClientAutoConfiguration:
      Did not match:
         - @ConditionalOnClass did not find required class 'org.elasticsearch.client.RestClientBuilder' (OnClassCondition)

   EmbeddedLdapAutoConfiguration:
      Did not match:
         - @ConditionalOnClass did not find required class 'com.unboundid.ldap.listener.InMemoryDirectoryServer' (OnClassCondition)

   EmbeddedWebServerFactoryCustomizerAutoConfiguration.JettyWebServerFactoryCustomizerConfiguration:
      Did not match:
         - @ConditionalOnClass did not find required classes 'org.eclipse.jetty.server.Server', 'org.eclipse.jetty.util.Loader', 'org.eclipse.jetty.ee10.webapp.WebAppContext' (OnClassCondition)

   EmbeddedWebServerFactoryCustomizerAutoConfiguration.NettyWebServerFactoryCustomizerConfiguration:
      Did not match:
         - @ConditionalOnClass did not find required class 'reactor.netty.http.server.HttpServer' (OnClassCondition)

   EmbeddedWebServerFactoryCustomizerAutoConfiguration.TomcatWebServerFactoryCustomizerConfiguration#tomcatVirtualThreadsProtocolHandlerCustomizer:
      Did not match:
         - @ConditionalOnThreading did not find VIRTUAL (OnThreadingCondition)

   EmbeddedWebServerFactoryCustomizerAutoConfiguration.UndertowWebServerFactoryCustomizerConfiguration:
      Did not match:
         - @ConditionalOnClass did not find required classes 'io.undertow.Undertow', 'org.xnio.SslClientAuthMode' (OnClassCondition)

   ErrorWebFluxAutoConfiguration:
      Did not match:
         - @ConditionalOnClass did not find required class 'org.springframework.web.reactive.config.WebFluxConfigurer' (OnClassCondition)

   FlywayAutoConfiguration:
      Did not match:
         - @ConditionalOnClass did not find required class 'org.flywaydb.core.Flyway' (OnClassCondition)

   FreeMarkerAutoConfiguration:
      Did not match:
         - @ConditionalOnClass did not find required class 'freemarker.template.Configuration' (OnClassCondition)

   GraphQlAutoConfiguration:
      Did not match:
         - @ConditionalOnClass did not find required class 'graphql.GraphQL' (OnClassCondition)

   GraphQlQueryByExampleAutoConfiguration:
      Did not match:
         - @ConditionalOnClass did not find required class 'graphql.GraphQL' (OnClassCondition)

   GraphQlQuerydslAutoConfiguration:
      Did not match:
         - @ConditionalOnClass did not find required class 'com.querydsl.core.Query' (OnClassCondition)

   GraphQlRSocketAutoConfiguration:
      Did not match:
         - @ConditionalOnClass did not find required class 'graphql.GraphQL' (OnClassCondition)

   GraphQlReactiveQueryByExampleAutoConfiguration:
      Did not match:
         - @ConditionalOnClass did not find required class 'graphql.GraphQL' (OnClassCondition)

   GraphQlReactiveQuerydslAutoConfiguration:
      Did not match:
         - @ConditionalOnClass did not find required class 'com.querydsl.core.Query' (OnClassCondition)

   GraphQlWebFluxAutoConfiguration:
      Did not match:
         - @ConditionalOnClass did not find required class 'graphql.GraphQL' (OnClassCondition)

   GraphQlWebFluxSecurityAutoConfiguration:
      Did not match:
         - @ConditionalOnClass did not find required class 'graphql.GraphQL' (OnClassCondition)

   GraphQlWebMvcAutoConfiguration:
      Did not match:
         - @ConditionalOnClass did not find required class 'graphql.GraphQL' (OnClassCondition)

   GraphQlWebMvcSecurityAutoConfiguration:
      Did not match:
         - @ConditionalOnClass did not find required class 'graphql.GraphQL' (OnClassCondition)

   GroovyTemplateAutoConfiguration:
      Did not match:
         - @ConditionalOnClass did not find required class 'groovy.text.markup.MarkupTemplateEngine' (OnClassCondition)

   GsonAutoConfiguration:
      Did not match:
         - @ConditionalOnClass did not find required class 'com.google.gson.Gson' (OnClassCondition)

   GsonHttpMessageConvertersConfiguration:
      Did not match:
         - @ConditionalOnClass did not find required class 'com.google.gson.Gson' (OnClassCondition)

   HazelcastAutoConfiguration:
      Did not match:
         - @ConditionalOnClass did not find required class 'com.hazelcast.core.HazelcastInstance' (OnClassCondition)

   HazelcastCacheConfiguration:
      Did not match:
         - @ConditionalOnClass did not find required class 'com.hazelcast.core.HazelcastInstance' (OnClassCondition)

   HazelcastJpaDependencyAutoConfiguration:
      Did not match:
         - @ConditionalOnClass did not find required class 'com.hazelcast.core.HazelcastInstance' (OnClassCondition)

   HttpHandlerAutoConfiguration:
      Did not match:
         - @ConditionalOnClass did not find required class 'org.springframework.web.reactive.DispatcherHandler' (OnClassCondition)

   HypermediaAutoConfiguration:
      Did not match:
         - @ConditionalOnClass did not find required class 'org.springframework.hateoas.EntityModel' (OnClassCondition)

   InfinispanCacheConfiguration:
      Did not match:
         - @ConditionalOnClass did not find required class 'org.infinispan.spring.embedded.provider.SpringEmbeddedCacheManager' (OnClassCondition)

   InfluxDbAutoConfiguration:
      Did not match:
         - @ConditionalOnClass did not find required class 'org.influxdb.InfluxDB' (OnClassCondition)

   IntegrationAutoConfiguration:
      Did not match:
         - @ConditionalOnClass did not find required class 'org.springframework.integration.config.EnableIntegration' (OnClassCondition)

   JCacheCacheConfiguration:
      Did not match:
         - @ConditionalOnClass did not find required class 'javax.cache.Caching' (OnClassCondition)

   JacksonHttpMessageConvertersConfiguration.MappingJackson2XmlHttpMessageConverterConfiguration:
      Did not match:
         - @ConditionalOnClass did not find required class 'com.fasterxml.jackson.dataformat.xml.XmlMapper' (OnClassCondition)

   JdbcRepositoriesAutoConfiguration:
      Did not match:
         - @ConditionalOnClass did not find required class 'org.springframework.data.jdbc.repository.config.AbstractJdbcConfiguration' (OnClassCondition)

   JerseyAutoConfiguration:
      Did not match:
         - @ConditionalOnClass did not find required class 'org.glassfish.jersey.server.spring.SpringComponentProvider' (OnClassCondition)

   JmsAutoConfiguration:
      Did not match:
         - @ConditionalOnClass did not find required class 'jakarta.jms.Message' (OnClassCondition)

   JmxAutoConfiguration:
      Did not match:
         - @ConditionalOnProperty (spring.jmx.enabled=true) did not find property 'enabled' (OnPropertyCondition)
      Matched:
         - @ConditionalOnClass found required class 'org.springframework.jmx.export.MBeanExporter' (OnClassCondition)

   JndiConnectionFactoryAutoConfiguration:
      Did not match:
         - @ConditionalOnClass did not find required class 'org.springframework.jms.core.JmsTemplate' (OnClassCondition)

   JndiDataSourceAutoConfiguration:
      Did not match:
         - @ConditionalOnProperty (spring.datasource.jndi-name) did not find property 'jndi-name' (OnPropertyCondition)
      Matched:
         - @ConditionalOnClass found required classes 'javax.sql.DataSource', 'org.springframework.jdbc.datasource.embedded.EmbeddedDatabaseType' (OnClassCondition)

   JndiJtaConfiguration:
      Did not match:
         - @ConditionalOnJndi JNDI environment is not available (OnJndiCondition)
      Matched:
         - @ConditionalOnClass found required class 'org.springframework.transaction.jta.JtaTransactionManager' (OnClassCondition)

   JooqAutoConfiguration:
      Did not match:
         - @ConditionalOnClass did not find required class 'org.jooq.DSLContext' (OnClassCondition)

   JpaRepositoriesAutoConfiguration#entityManagerFactoryBootstrapExecutorCustomizer:
      Did not match:
         - AnyNestedCondition 0 matched 2 did not; NestedCondition on JpaRepositoriesAutoConfiguration.BootstrapExecutorCondition.LazyBootstrapMode @ConditionalOnProperty (spring.data.jpa.repositories.bootstrap-mode=lazy) did not find property 'bootstrap-mode'; NestedCondition on JpaRepositoriesAutoConfiguration.BootstrapExecutorCondition.DeferredBootstrapMode @ConditionalOnProperty (spring.data.jpa.repositories.bootstrap-mode=deferred) did not find property 'bootstrap-mode' (JpaRepositoriesAutoConfiguration.BootstrapExecutorCondition)

   JsonbAutoConfiguration:
      Did not match:
         - @ConditionalOnClass did not find required class 'jakarta.json.bind.Jsonb' (OnClassCondition)

   JsonbHttpMessageConvertersConfiguration:
      Did not match:
         - @ConditionalOnClass did not find required class 'jakarta.json.bind.Jsonb' (OnClassCondition)

   KafkaAutoConfiguration:
      Did not match:
         - @ConditionalOnClass did not find required class 'org.springframework.kafka.core.KafkaTemplate' (OnClassCondition)

   LdapAutoConfiguration:
      Did not match:
         - @ConditionalOnClass did not find required class 'org.springframework.ldap.core.ContextSource' (OnClassCondition)

   LdapRepositoriesAutoConfiguration:
      Did not match:
         - @ConditionalOnClass did not find required class 'org.springframework.data.ldap.repository.LdapRepository' (OnClassCondition)

   LiquibaseAutoConfiguration:
      Did not match:
         - @ConditionalOnClass did not find required class 'liquibase.change.DatabaseChange' (OnClassCondition)

   MailSenderAutoConfiguration:
      Did not match:
         - @ConditionalOnClass did not find required class 'jakarta.mail.internet.MimeMessage' (OnClassCondition)

   MailSenderValidatorAutoConfiguration:
      Did not match:
         - @ConditionalOnSingleCandidate did not find required type 'org.springframework.mail.javamail.JavaMailSenderImpl' (OnBeanCondition)

   MessageSourceAutoConfiguration:
      Did not match:
         - ResourceBundle did not find bundle with basename messages (MessageSourceAutoConfiguration.ResourceBundleCondition)

   MongoAutoConfiguration:
      Did not match:
         - @ConditionalOnClass did not find required class 'com.mongodb.client.MongoClient' (OnClassCondition)

   MongoDataAutoConfiguration:
      Did not match:
         - @ConditionalOnClass did not find required class 'com.mongodb.client.MongoClient' (OnClassCondition)

   MongoReactiveAutoConfiguration:
      Did not match:
         - @ConditionalOnClass did not find required class 'com.mongodb.reactivestreams.client.MongoClient' (OnClassCondition)

   MongoReactiveDataAutoConfiguration:
      Did not match:
         - @ConditionalOnClass did not find required class 'com.mongodb.reactivestreams.client.MongoClient' (OnClassCondition)

   MongoReactiveRepositoriesAutoConfiguration:
      Did not match:
         - @ConditionalOnClass did not find required class 'com.mongodb.reactivestreams.client.MongoClient' (OnClassCondition)

   MongoRepositoriesAutoConfiguration:
      Did not match:
         - @ConditionalOnClass did not find required class 'com.mongodb.client.MongoClient' (OnClassCondition)

   MultipleOpenApiSupportConfiguration:
      Did not match:
         - AnyNestedCondition 0 matched 2 did not; NestedCondition on MultipleOpenApiSupportCondition.OnActuatorDifferentPort @ConditionalOnProperty (springdoc.show-actuator) did not find property 'springdoc.show-actuator'; NestedCondition on MultipleOpenApiSupportCondition.OnMultipleOpenApiSupportCondition AnyNestedCondition 0 matched 3 did not; NestedCondition on MultipleOpenApiGroupsCondition.OnListGroupedOpenApiBean @ConditionalOnBean (types: org.springdoc.core.models.GroupedOpenApi; SearchStrategy: all) did not find any beans of type org.springdoc.core.models.GroupedOpenApi; NestedCondition on MultipleOpenApiGroupsCondition.OnGroupConfigProperty @ConditionalOnProperty (springdoc.group-configs[0].group) did not find property 'springdoc.group-configs[0].group'; NestedCondition on MultipleOpenApiGroupsCondition.OnGroupedOpenApiBean @ConditionalOnBean (types: org.springdoc.core.models.GroupedOpenApi; SearchStrategy: all) did not find any beans of type org.springdoc.core.models.GroupedOpenApi (MultipleOpenApiSupportCondition)
      Matched:
         - found 'session' scope (OnWebApplicationCondition)
         - @ConditionalOnProperty (springdoc.api-docs.enabled) matched (OnPropertyCondition)

   MultipleOpenApiSupportConfiguration.SpringDocWebMvcActuatorDifferentConfiguration:
      Did not match:
         - @ConditionalOnClass did not find required class 'org.springframework.boot.actuate.endpoint.web.servlet.WebMvcEndpointHandlerMapping' (OnClassCondition)
         - Ancestor org.springdoc.webmvc.core.configuration.MultipleOpenApiSupportConfiguration did not match (ConditionEvaluationReport.AncestorsMatchedCondition)

   MustacheAutoConfiguration:
      Did not match:
         - @ConditionalOnClass did not find required class 'com.samskivert.mustache.Mustache' (OnClassCondition)

   Neo4jAutoConfiguration:
      Did not match:
         - @ConditionalOnClass did not find required class 'org.neo4j.driver.Driver' (OnClassCondition)

   Neo4jDataAutoConfiguration:
      Did not match:
         - @ConditionalOnClass did not find required class 'org.neo4j.driver.Driver' (OnClassCondition)

   Neo4jReactiveDataAutoConfiguration:
      Did not match:
         - @ConditionalOnClass did not find required class 'org.neo4j.driver.Driver' (OnClassCondition)

   Neo4jReactiveRepositoriesAutoConfiguration:
      Did not match:
         - @ConditionalOnClass did not find required class 'org.neo4j.driver.Driver' (OnClassCondition)

   Neo4jRepositoriesAutoConfiguration:
      Did not match:
         - @ConditionalOnClass did not find required class 'org.neo4j.driver.Driver' (OnClassCondition)

   NettyAutoConfiguration:
      Did not match:
         - @ConditionalOnClass did not find required class 'io.netty.util.NettyRuntime' (OnClassCondition)

   OAuth2AuthorizationServerAutoConfiguration:
      Did not match:
         - @ConditionalOnClass did not find required class 'org.springframework.security.oauth2.server.authorization.OAuth2Authorization' (OnClassCondition)

   OAuth2AuthorizationServerJwtAutoConfiguration:
      Did not match:
         - @ConditionalOnClass did not find required class 'org.springframework.security.oauth2.server.authorization.OAuth2Authorization' (OnClassCondition)

   OAuth2ClientRegistrationRepositoryConfiguration:
      Did not match:
         - OAuth2 Clients Configured Condition registered clients is not available (ClientsConfiguredCondition)

   OAuth2ResourceServerJwtConfiguration.JwtConverterConfiguration:
      Did not match:
         - AnyNestedCondition 0 matched 3 did not; NestedCondition on OAuth2ResourceServerJwtConfiguration.JwtConverterPropertiesCondition.OnAuthoritiesClaimName @ConditionalOnProperty (spring.security.oauth2.resourceserver.jwt.authorities-claim-name) did not find property 'authorities-claim-name'; NestedCondition on OAuth2ResourceServerJwtConfiguration.JwtConverterPropertiesCondition.OnPrincipalClaimName @ConditionalOnProperty (spring.security.oauth2.resourceserver.jwt.principal-claim-name) did not find property 'principal-claim-name'; NestedCondition on OAuth2ResourceServerJwtConfiguration.JwtConverterPropertiesCondition.OnAuthorityPrefix @ConditionalOnProperty (spring.security.oauth2.resourceserver.jwt.authority-prefix) did not find property 'authority-prefix' (OAuth2ResourceServerJwtConfiguration.JwtConverterPropertiesCondition)

   OAuth2ResourceServerJwtConfiguration.JwtDecoderConfiguration#jwtDecoderByIssuerUri:
      Did not match:
         - OpenID Connect Issuer URI Condition did not find issuer-uri property (IssuerUriCondition)

   OAuth2ResourceServerJwtConfiguration.JwtDecoderConfiguration#jwtDecoderByJwkKeySetUri:
      Did not match:
         - @ConditionalOnProperty (spring.security.oauth2.resourceserver.jwt.jwk-set-uri) did not find property 'spring.security.oauth2.resourceserver.jwt.jwk-set-uri' (OnPropertyCondition)

   OAuth2ResourceServerJwtConfiguration.JwtDecoderConfiguration#jwtDecoderByPublicKeyValue:
      Did not match:
         - Public Key Value Condition did not find public-key-location property (KeyValueCondition)

   OAuth2ResourceServerJwtConfiguration.OAuth2SecurityFilterChainConfiguration:
      Did not match:
         - AllNestedConditions 1 matched 1 did not; NestedCondition on DefaultWebSecurityCondition.Beans @ConditionalOnMissingBean (types: org.springframework.security.web.SecurityFilterChain; SearchStrategy: all) found beans of type 'org.springframework.security.web.SecurityFilterChain' localSecurityFilterChain; NestedCondition on DefaultWebSecurityCondition.Classes @ConditionalOnClass found required classes 'org.springframework.security.web.SecurityFilterChain', 'org.springframework.security.config.annotation.web.builders.HttpSecurity' (DefaultWebSecurityCondition)

   OAuth2ResourceServerOpaqueTokenConfiguration.OAuth2SecurityFilterChainConfiguration:
      Did not match:
         - AllNestedConditions 1 matched 1 did not; NestedCondition on DefaultWebSecurityCondition.Beans @ConditionalOnMissingBean (types: org.springframework.security.web.SecurityFilterChain; SearchStrategy: all) found beans of type 'org.springframework.security.web.SecurityFilterChain' localSecurityFilterChain; NestedCondition on DefaultWebSecurityCondition.Classes @ConditionalOnClass found required classes 'org.springframework.security.web.SecurityFilterChain', 'org.springframework.security.config.annotation.web.builders.HttpSecurity' (DefaultWebSecurityCondition)

   OAuth2ResourceServerOpaqueTokenConfiguration.OpaqueTokenIntrospectionClientConfiguration#opaqueTokenIntrospector:
      Did not match:
         - @ConditionalOnProperty (spring.security.oauth2.resourceserver.opaquetoken.introspection-uri) did not find property 'spring.security.oauth2.resourceserver.opaquetoken.introspection-uri' (OnPropertyCondition)

   OAuth2WebSecurityConfiguration:
      Did not match:
         - @ConditionalOnBean (types: org.springframework.security.oauth2.client.registration.ClientRegistrationRepository; SearchStrategy: all) did not find any beans of type org.springframework.security.oauth2.client.registration.ClientRegistrationRepository (OnBeanCondition)

   ProjectInfoAutoConfiguration#buildProperties:
      Did not match:
         - @ConditionalOnResource did not find resource '${spring.info.build.location:classpath:META-INF/build-info.properties}' (OnResourceCondition)

   ProjectInfoAutoConfiguration#gitProperties:
      Did not match:
         - GitResource did not find git info at classpath:git.properties (ProjectInfoAutoConfiguration.GitResourceAvailableCondition)

   PulsarAutoConfiguration:
      Did not match:
         - @ConditionalOnClass did not find required class 'org.apache.pulsar.client.api.PulsarClient' (OnClassCondition)

   PulsarReactiveAutoConfiguration:
      Did not match:
         - @ConditionalOnClass did not find required class 'org.apache.pulsar.client.api.PulsarClient' (OnClassCondition)

   QuartzAutoConfiguration:
      Did not match:
         - @ConditionalOnClass did not find required class 'org.quartz.Scheduler' (OnClassCondition)

   R2dbcAutoConfiguration:
      Did not match:
         - @ConditionalOnClass did not find required class 'io.r2dbc.spi.ConnectionFactory' (OnClassCondition)

   R2dbcDataAutoConfiguration:
      Did not match:
         - @ConditionalOnClass did not find required class 'org.springframework.data.r2dbc.core.R2dbcEntityTemplate' (OnClassCondition)

   R2dbcInitializationConfiguration:
      Did not match:
         - @ConditionalOnClass did not find required classes 'io.r2dbc.spi.ConnectionFactory', 'org.springframework.r2dbc.connection.init.DatabasePopulator' (OnClassCondition)

   R2dbcRepositoriesAutoConfiguration:
      Did not match:
         - @ConditionalOnClass did not find required class 'io.r2dbc.spi.ConnectionFactory' (OnClassCondition)

   R2dbcTransactionManagerAutoConfiguration:
      Did not match:
         - @ConditionalOnClass did not find required class 'org.springframework.r2dbc.connection.R2dbcTransactionManager' (OnClassCondition)

   RSocketGraphQlClientAutoConfiguration:
      Did not match:
         - @ConditionalOnClass did not find required class 'graphql.GraphQL' (OnClassCondition)

   RSocketMessagingAutoConfiguration:
      Did not match:
         - @ConditionalOnClass did not find required class 'io.rsocket.RSocket' (OnClassCondition)

   RSocketRequesterAutoConfiguration:
      Did not match:
         - @ConditionalOnClass did not find required class 'io.rsocket.RSocket' (OnClassCondition)

   RSocketSecurityAutoConfiguration:
      Did not match:
         - @ConditionalOnClass did not find required class 'org.springframework.security.rsocket.core.SecuritySocketAcceptorInterceptor' (OnClassCondition)

   RSocketServerAutoConfiguration:
      Did not match:
         - @ConditionalOnClass did not find required class 'io.rsocket.core.RSocketServer' (OnClassCondition)

   RSocketStrategiesAutoConfiguration:
      Did not match:
         - @ConditionalOnClass did not find required class 'io.netty.buffer.PooledByteBufAllocator' (OnClassCondition)

   RabbitAutoConfiguration:
      Did not match:
         - @ConditionalOnClass did not find required class 'com.rabbitmq.client.Channel' (OnClassCondition)

   ReactiveElasticsearchClientAutoConfiguration:
      Did not match:
         - @ConditionalOnClass did not find required class 'co.elastic.clients.transport.ElasticsearchTransport' (OnClassCondition)

   ReactiveElasticsearchRepositoriesAutoConfiguration:
      Did not match:
         - @ConditionalOnClass did not find required class 'reactor.core.publisher.Mono' (OnClassCondition)

   ReactiveMultipartAutoConfiguration:
      Did not match:
         - @ConditionalOnClass did not find required class 'org.springframework.web.reactive.config.WebFluxConfigurer' (OnClassCondition)

   ReactiveOAuth2ClientAutoConfiguration:
      Did not match:
         - @ConditionalOnClass did not find required class 'reactor.core.publisher.Flux' (OnClassCondition)

   ReactiveOAuth2ResourceServerAutoConfiguration:
      Did not match:
         - @ConditionalOnWebApplication did not find reactive web application classes (OnWebApplicationCondition)

   ReactiveSecurityAutoConfiguration:
      Did not match:
         - @ConditionalOnClass did not find required class 'reactor.core.publisher.Flux' (OnClassCondition)

   ReactiveUserDetailsServiceAutoConfiguration:
      Did not match:
         - AnyNestedCondition 0 matched 3 did not; NestedCondition on ReactiveUserDetailsServiceAutoConfiguration.MissingAlternativeOrUserPropertiesConfigured.PasswordConfigured @ConditionalOnProperty (spring.security.user.password) did not find property 'password'; NestedCondition on ReactiveUserDetailsServiceAutoConfiguration.MissingAlternativeOrUserPropertiesConfigured.NameConfigured @ConditionalOnProperty (spring.security.user.name) did not find property 'name'; NestedCondition on ReactiveUserDetailsServiceAutoConfiguration.MissingAlternativeOrUserPropertiesConfigured.MissingAlternative @ConditionalOnMissingClass found unwanted classes 'org.springframework.security.oauth2.client.registration.ClientRegistrationRepository', 'org.springframework.security.oauth2.server.resource.introspection.ReactiveOpaqueTokenIntrospector' (ReactiveUserDetailsServiceAutoConfiguration.MissingAlternativeOrUserPropertiesConfigured)
      Matched:
         - @ConditionalOnClass found required class 'org.springframework.security.authentication.ReactiveAuthenticationManager' (OnClassCondition)

   ReactiveWebServerFactoryAutoConfiguration:
      Did not match:
         - @ConditionalOnWebApplication did not find reactive web application classes (OnWebApplicationCondition)

   ReactorAutoConfiguration:
      Did not match:
         - @ConditionalOnClass did not find required class 'reactor.core.publisher.Hooks' (OnClassCondition)

   RedisAutoConfiguration:
      Did not match:
         - @ConditionalOnClass did not find required class 'org.springframework.data.redis.core.RedisOperations' (OnClassCondition)

   RedisCacheConfiguration:
      Did not match:
         - @ConditionalOnClass did not find required class 'org.springframework.data.redis.connection.RedisConnectionFactory' (OnClassCondition)

   RedisReactiveAutoConfiguration:
      Did not match:
         - @ConditionalOnClass did not find required class 'reactor.core.publisher.Flux' (OnClassCondition)

   RedisRepositoriesAutoConfiguration:
      Did not match:
         - @ConditionalOnClass did not find required class 'org.springframework.data.redis.repository.configuration.EnableRedisRepositories' (OnClassCondition)

   RepositoryRestMvcAutoConfiguration:
      Did not match:
         - @ConditionalOnClass did not find required class 'org.springframework.data.rest.webmvc.config.RepositoryRestMvcConfiguration' (OnClassCondition)

   Saml2RelyingPartyAutoConfiguration:
      Did not match:
         - @ConditionalOnClass did not find required class 'org.springframework.security.saml2.provider.service.registration.RelyingPartyRegistrationRepository' (OnClassCondition)

   SecurityConfig.OidcEnabledSecurityConfiguration:
      Did not match:
         - @ConditionalOnProperty (backend.oidc.enabled=true) found different value in property 'enabled' (OnPropertyCondition)

   SecurityDataConfiguration:
      Did not match:
         - @ConditionalOnClass did not find required class 'org.springframework.security.data.repository.query.SecurityEvaluationContextExtension' (OnClassCondition)

   SendGridAutoConfiguration:
      Did not match:
         - @ConditionalOnClass did not find required class 'com.sendgrid.SendGrid' (OnClassCondition)

   ServletWebServerFactoryAutoConfiguration.ForwardedHeaderFilterConfiguration:
      Did not match:
         - @ConditionalOnProperty (server.forward-headers-strategy=framework) did not find property 'server.forward-headers-strategy' (OnPropertyCondition)

   ServletWebServerFactoryConfiguration.EmbeddedJetty:
      Did not match:
         - @ConditionalOnClass did not find required classes 'org.eclipse.jetty.server.Server', 'org.eclipse.jetty.util.Loader', 'org.eclipse.jetty.ee10.webapp.WebAppContext' (OnClassCondition)

   ServletWebServerFactoryConfiguration.EmbeddedUndertow:
      Did not match:
         - @ConditionalOnClass did not find required classes 'io.undertow.Undertow', 'org.xnio.SslClientAuthMode' (OnClassCondition)

   SessionAutoConfiguration:
      Did not match:
         - @ConditionalOnClass did not find required class 'org.springframework.session.Session' (OnClassCondition)

   SpringApplicationAdminJmxAutoConfiguration:
      Did not match:
         - @ConditionalOnProperty (spring.application.admin.enabled=true) did not find property 'enabled' (OnPropertyCondition)

   SpringBootWebSecurityConfiguration.SecurityFilterChainConfiguration:
      Did not match:
         - AllNestedConditions 1 matched 1 did not; NestedCondition on DefaultWebSecurityCondition.Beans @ConditionalOnMissingBean (types: org.springframework.security.web.SecurityFilterChain; SearchStrategy: all) found beans of type 'org.springframework.security.web.SecurityFilterChain' localSecurityFilterChain; NestedCondition on DefaultWebSecurityCondition.Classes @ConditionalOnClass found required classes 'org.springframework.security.web.SecurityFilterChain', 'org.springframework.security.config.annotation.web.builders.HttpSecurity' (DefaultWebSecurityCondition)

   SpringBootWebSecurityConfiguration.WebSecurityEnablerConfiguration:
      Did not match:
         - @ConditionalOnMissingBean (names: springSecurityFilterChain; SearchStrategy: all) found beans named springSecurityFilterChain (OnBeanCondition)
      Matched:
         - @ConditionalOnClass found required class 'org.springframework.security.config.annotation.web.configuration.EnableWebSecurity' (OnClassCondition)

   SpringDocConfiguration#propertiesResolverForSchema:
      Did not match:
         - @ConditionalOnProperty (springdoc.api-docs.resolve-schema-properties) did not find property 'springdoc.api-docs.resolve-schema-properties' (OnPropertyCondition)

   SpringDocConfiguration#propertyCustomizingConverter:
      Did not match:
         - @ConditionalOnBean (types: org.springdoc.core.customizers.PropertyCustomizer; SearchStrategy: all) did not find any beans of type org.springdoc.core.customizers.PropertyCustomizer (OnBeanCondition)

   SpringDocConfiguration#springdocBeanFactoryPostProcessor:
      Did not match:
         - AnyNestedCondition 0 matched 2 did not; NestedCondition on CacheOrGroupedOpenApiCondition.OnCacheDisabled found non-matching nested conditions @ConditionalOnProperty (springdoc.cache.disabled) did not find property 'springdoc.cache.disabled'; NestedCondition on CacheOrGroupedOpenApiCondition.OnMultipleOpenApiSupportCondition AnyNestedCondition 0 matched 2 did not; NestedCondition on MultipleOpenApiSupportCondition.OnActuatorDifferentPort @ConditionalOnProperty (springdoc.show-actuator) did not find property 'springdoc.show-actuator'; NestedCondition on MultipleOpenApiSupportCondition.OnMultipleOpenApiSupportCondition AnyNestedCondition 0 matched 3 did not; NestedCondition on MultipleOpenApiGroupsCondition.OnListGroupedOpenApiBean @ConditionalOnBean (types: org.springdoc.core.models.GroupedOpenApi; SearchStrategy: all) did not find any beans of type org.springdoc.core.models.GroupedOpenApi; NestedCondition on MultipleOpenApiGroupsCondition.OnGroupConfigProperty @ConditionalOnProperty (springdoc.group-configs[0].group) did not find property 'springdoc.group-configs[0].group'; NestedCondition on MultipleOpenApiGroupsCondition.OnGroupedOpenApiBean @ConditionalOnBean (types: org.springdoc.core.models.GroupedOpenApi; SearchStrategy: all) did not find any beans of type org.springdoc.core.models.GroupedOpenApi (CacheOrGroupedOpenApiCondition)
      Matched:
         - @ConditionalOnClass found required class 'org.springframework.boot.context.properties.bind.BindResult' (OnClassCondition)

   SpringDocConfiguration#springdocBeanFactoryPostProcessor2:
      Did not match:
         - @ConditionalOnMissingClass found unwanted class 'org.springframework.boot.context.properties.bind.BindResult' (OnClassCondition)

   SpringDocConfiguration.SpringDocActuatorConfiguration:
      Did not match:
         - @ConditionalOnClass did not find required class 'org.springframework.boot.actuate.autoconfigure.endpoint.web.WebEndpointProperties' (OnClassCondition)

   SpringDocConfiguration.SpringDocRepositoryRestConfiguration:
      Did not match:
         - @ConditionalOnClass did not find required class 'org.springframework.data.rest.core.config.RepositoryRestConfiguration' (OnClassCondition)

   SpringDocConfiguration.SpringDocWebFluxSupportConfiguration:
      Did not match:
         - @ConditionalOnClass did not find required class 'reactor.core.publisher.Flux' (OnClassCondition)

   SpringDocDataRestConfiguration:
      Did not match:
         - @ConditionalOnClass did not find required class 'org.springframework.data.rest.core.config.RepositoryRestConfiguration' (OnClassCondition)

   SpringDocFunctionCatalogConfiguration:
      Did not match:
         - @ConditionalOnClass did not find required class 'org.springframework.cloud.function.web.function.FunctionEndpointInitializer' (OnClassCondition)

   SpringDocGroovyConfiguration:
      Did not match:
         - @ConditionalOnClass did not find required class 'groovy.lang.MetaClass' (OnClassCondition)

   SpringDocHateoasConfiguration:
      Did not match:
         - @ConditionalOnClass did not find required class 'org.springframework.hateoas.server.LinkRelationProvider' (OnClassCondition)

   SpringDocJacksonKotlinModuleConfiguration:
      Did not match:
         - @ConditionalOnClass did not find required class 'com.fasterxml.jackson.module.kotlin.KotlinModule' (OnClassCondition)

   SpringDocJavadocConfiguration:
      Did not match:
         - @ConditionalOnClass did not find required class 'com.github.therapi.runtimejavadoc.CommentFormatter' (OnClassCondition)

   SpringDocKotlinConfiguration:
      Did not match:
         - @ConditionalOnClass did not find required class 'kotlin.coroutines.Continuation' (OnClassCondition)

   SpringDocKotlinxConfiguration:
      Did not match:
         - @ConditionalOnClass did not find required class 'kotlinx.coroutines.flow.Flow' (OnClassCondition)

   SpringDocSecurityConfiguration.SpringDocSecurityOAuth2Configuration:
      Did not match:
         - @ConditionalOnClass did not find required class 'org.springframework.security.oauth2.server.authorization.OAuth2AuthorizationService' (OnClassCondition)

   SpringDocSecurityConfiguration.SpringSecurityLoginEndpointConfiguration#springSecurityLoginEndpointCustomiser:
      Did not match:
         - @ConditionalOnProperty (springdoc.show-login-endpoint) did not find property 'springdoc.show-login-endpoint' (OnPropertyCondition)

   SpringDocSortConfiguration#delegatingMethodParameterCustomizer:
      Did not match:
         - @ConditionalOnMissingBean (types: org.springdoc.core.customizers.DelegatingMethodParameterCustomizer; SearchStrategy: all) found beans of type 'org.springdoc.core.customizers.DelegatingMethodParameterCustomizer' delegatingMethodParameterCustomizer (OnBeanCondition)

   SpringDocWebMvcConfiguration.SpringDocWebMvcActuatorConfiguration:
      Did not match:
         - @ConditionalOnClass did not find required class 'org.springframework.boot.actuate.endpoint.web.servlet.WebMvcEndpointHandlerMapping' (OnClassCondition)

   SwaggerConfig#springWebProvider:
      Did not match:
         - @ConditionalOnMissingBean (types: org.springdoc.core.providers.SpringWebProvider; SearchStrategy: all) found beans of type 'org.springdoc.core.providers.SpringWebProvider' springWebProvider (OnBeanCondition)

   SwaggerConfig#swaggerUiConfigParameters:
      Did not match:
         - @ConditionalOnMissingBean (types: org.springdoc.core.properties.SwaggerUiConfigParameters; SearchStrategy: all) found beans of type 'org.springdoc.core.properties.SwaggerUiConfigParameters' org.springdoc.core.properties.SwaggerUiConfigParameters (OnBeanCondition)

   SwaggerConfig#swaggerUiHome:
      Did not match:
         - @ConditionalOnProperty (springdoc.swagger-ui.use-root-path=true) did not find property 'springdoc.swagger-ui.use-root-path' (OnPropertyCondition)

   SwaggerConfig.SwaggerActuatorWelcomeConfiguration:
      Did not match:
         - @ConditionalOnClass did not find required class 'org.springframework.boot.actuate.endpoint.web.servlet.WebMvcEndpointHandlerMapping' (OnClassCondition)

   TaskExecutorConfigurations.SimpleAsyncTaskExecutorBuilderConfiguration#simpleAsyncTaskExecutorBuilderVirtualThreads:
      Did not match:
         - @ConditionalOnMissingBean (types: org.springframework.boot.task.SimpleAsyncTaskExecutorBuilder; SearchStrategy: all) found beans of type 'org.springframework.boot.task.SimpleAsyncTaskExecutorBuilder' simpleAsyncTaskExecutorBuilder (OnBeanCondition)

   TaskExecutorConfigurations.TaskExecutorConfiguration:
      Did not match:
         - @ConditionalOnMissingBean (types: java.util.concurrent.Executor; SearchStrategy: all) found beans of type 'java.util.concurrent.Executor' clientInboundChannelExecutor, clientOutboundChannelExecutor, brokerChannelExecutor (OnBeanCondition)

   TaskSchedulingConfigurations.SimpleAsyncTaskSchedulerBuilderConfiguration#simpleAsyncTaskSchedulerBuilderVirtualThreads:
      Did not match:
         - @ConditionalOnMissingBean (types: org.springframework.boot.task.SimpleAsyncTaskSchedulerBuilder; SearchStrategy: all) found beans of type 'org.springframework.boot.task.SimpleAsyncTaskSchedulerBuilder' simpleAsyncTaskSchedulerBuilder (OnBeanCondition)

   TaskSchedulingConfigurations.TaskSchedulerConfiguration:
      Did not match:
         - @ConditionalOnMissingBean (types: org.springframework.scheduling.TaskScheduler,java.util.concurrent.ScheduledExecutorService; SearchStrategy: all) found beans of type 'org.springframework.scheduling.TaskScheduler' messageBrokerTaskScheduler, webSocketMessageBrokerTaskScheduler (OnBeanCondition)

   ThymeleafAutoConfiguration:
      Did not match:
         - @ConditionalOnClass did not find required class 'org.thymeleaf.spring6.SpringTemplateEngine' (OnClassCondition)

   TransactionAutoConfiguration#transactionalOperator:
      Did not match:
         - @ConditionalOnSingleCandidate (types: org.springframework.transaction.ReactiveTransactionManager; SearchStrategy: all) did not find any beans (OnBeanCondition)

   TransactionAutoConfiguration.AspectJTransactionManagementConfiguration:
      Did not match:
         - @ConditionalOnBean (types: org.springframework.transaction.aspectj.AbstractTransactionAspect; SearchStrategy: all) did not find any beans of type org.springframework.transaction.aspectj.AbstractTransactionAspect (OnBeanCondition)

   TransactionAutoConfiguration.EnableTransactionManagementConfiguration.JdkDynamicAutoProxyConfiguration:
      Did not match:
         - @ConditionalOnProperty (spring.aop.proxy-target-class=false) did not find property 'proxy-target-class' (OnPropertyCondition)

   UserDetailsServiceAutoConfiguration:
      Did not match:
         - AnyNestedCondition 0 matched 3 did not; NestedCondition on UserDetailsServiceAutoConfiguration.MissingAlternativeOrUserPropertiesConfigured.PasswordConfigured @ConditionalOnProperty (spring.security.user.password) did not find property 'password'; NestedCondition on UserDetailsServiceAutoConfiguration.MissingAlternativeOrUserPropertiesConfigured.NameConfigured @ConditionalOnProperty (spring.security.user.name) did not find property 'name'; NestedCondition on UserDetailsServiceAutoConfiguration.MissingAlternativeOrUserPropertiesConfigured.MissingAlternative @ConditionalOnMissingClass found unwanted classes 'org.springframework.security.oauth2.client.registration.ClientRegistrationRepository', 'org.springframework.security.oauth2.server.resource.introspection.OpaqueTokenIntrospector' (UserDetailsServiceAutoConfiguration.MissingAlternativeOrUserPropertiesConfigured)
      Matched:
         - @ConditionalOnClass found required class 'org.springframework.security.authentication.AuthenticationManager' (OnClassCondition)

   WebClientAutoConfiguration:
      Did not match:
         - @ConditionalOnClass did not find required class 'org.springframework.web.reactive.function.client.WebClient' (OnClassCondition)

   WebFluxAutoConfiguration:
      Did not match:
         - @ConditionalOnClass did not find required class 'org.springframework.web.reactive.config.WebFluxConfigurer' (OnClassCondition)

   WebMvcAutoConfiguration#hiddenHttpMethodFilter:
      Did not match:
         - @ConditionalOnProperty (spring.mvc.hiddenmethod.filter.enabled) did not find property 'enabled' (OnPropertyCondition)

   WebMvcAutoConfiguration.ProblemDetailsErrorHandlingConfiguration:
      Did not match:
         - @ConditionalOnProperty (spring.mvc.problemdetails.enabled=true) did not find property 'enabled' (OnPropertyCondition)

   WebMvcAutoConfiguration.ResourceChainCustomizerConfiguration:
      Did not match:
         - @ConditionalOnEnabledResourceChain did not find class org.webjars.WebJarAssetLocator (OnEnabledResourceChainCondition)

   WebMvcAutoConfiguration.WebMvcAutoConfigurationAdapter#beanNameViewResolver:
      Did not match:
         - @ConditionalOnMissingBean (types: org.springframework.web.servlet.view.BeanNameViewResolver; SearchStrategy: all) found beans of type 'org.springframework.web.servlet.view.BeanNameViewResolver' beanNameViewResolver (OnBeanCondition)

   WebServiceTemplateAutoConfiguration:
      Did not match:
         - @ConditionalOnClass did not find required class 'org.springframework.oxm.Marshaller' (OnClassCondition)

   WebServicesAutoConfiguration:
      Did not match:
         - @ConditionalOnClass did not find required class 'org.springframework.ws.transport.http.MessageDispatcherServlet' (OnClassCondition)

   WebSessionIdResolverAutoConfiguration:
      Did not match:
         - @ConditionalOnClass did not find required class 'reactor.core.publisher.Mono' (OnClassCondition)

   WebSocketReactiveAutoConfiguration:
      Did not match:
         - @ConditionalOnWebApplication did not find reactive web application classes (OnWebApplicationCondition)

   WebSocketServletAutoConfiguration.JettyWebSocketConfiguration:
      Did not match:
         - @ConditionalOnClass did not find required class 'org.eclipse.jetty.ee10.websocket.jakarta.server.config.JakartaWebSocketServletContainerInitializer' (OnClassCondition)

   WebSocketServletAutoConfiguration.UndertowWebSocketConfiguration:
      Did not match:
         - @ConditionalOnClass did not find required class 'io.undertow.websockets.jsr.Bootstrap' (OnClassCondition)

   XADataSourceAutoConfiguration:
      Did not match:
         - @ConditionalOnBean (types: org.springframework.boot.jdbc.XADataSourceWrapper; SearchStrategy: all) did not find any beans of type org.springframework.boot.jdbc.XADataSourceWrapper (OnBeanCondition)
      Matched:
         - @ConditionalOnClass found required classes 'javax.sql.DataSource', 'jakarta.transaction.TransactionManager', 'org.springframework.jdbc.datasource.embedded.EmbeddedDatabaseType' (OnClassCondition)


Exclusions:
-----------

    None


Unconditional classes:
----------------------

    org.springframework.boot.autoconfigure.context.ConfigurationPropertiesAutoConfiguration

    org.springframework.boot.autoconfigure.ssl.SslAutoConfiguration

    org.springframework.boot.autoconfigure.context.PropertyPlaceholderAutoConfiguration

    org.springframework.boot.autoconfigure.context.LifecycleAutoConfiguration

    org.springdoc.core.configuration.SpringDocSpecPropertiesConfiguration

    org.springframework.boot.autoconfigure.availability.ApplicationAvailabilityAutoConfiguration

    org.springframework.boot.autoconfigure.info.ProjectInfoAutoConfiguration



2026-05-08T17:13:21.135+08:00  INFO 38228 --- [uscdip-backend] [           main] o.s.s.config.TaskSchedulerRouter         : More than one TaskScheduler bean exists within the context, and none is named 'taskScheduler'. Mark one of them as primary or name it 'taskScheduler' (possibly as an alias); or implement the SchedulingConfigurer interface and call ScheduledTaskRegistrar#setScheduler explicitly within the configureTasks() callback: [messageBrokerTaskScheduler, webSocketMessageBrokerTaskScheduler]
2026-05-08T17:13:21.141+08:00  INFO 38228 --- [uscdip-backend] [           main] com.uscdip.backend.BackendApplication    : Started BackendApplication in 11.765 seconds (process running for 12.348)
2026-05-08T17:13:21.143+08:00 DEBUG 38228 --- [uscdip-backend] [           main] o.s.b.a.ApplicationAvailabilityBean      : Application availability state LivenessState changed to CORRECT
2026-05-08T17:13:21.412+08:00 DEBUG 38228 --- [uscdip-backend] [pool-2-thread-1] org.hibernate.SQL                        : select ace1_0.case_id,ace1_0.case_status,ace1_0.created_at,ace1_0.decision_snapshot,ace1_0.dedupe_key,ace1_0.device_id,ace1_0.escalation_level,ace1_0.first_alert_id,ace1_0.first_triggered_at,ace1_0.hit_count,ace1_0.last_alert_id,ace1_0.last_triggered_at,ace1_0.node_id,ace1_0.recovered_at,ace1_0.rule_code,ace1_0.segment_id,ace1_0.severity_current,ace1_0.suppressed_until,ace1_0.trace_id,ace1_0.unsuppressed_hit_count,ace1_0.updated_at from alert_case ace1_0 where ace1_0.case_status in (?,?,?,?,?) and ace1_0.last_triggered_at<?
2026-05-08T17:13:21.456+08:00 DEBUG 38228 --- [uscdip-backend] [pool-2-thread-1] org.hibernate.SQL                        : select nde1_0.delivery_id,nde1_0.attempt_count,nde1_0.channel,nde1_0.created_at,nde1_0.last_error,nde1_0.next_retry_at,nde1_0.notification_id,nde1_0.sent_at,nde1_0.status,nde1_0.target,nde1_0.updated_at from notification_delivery nde1_0 where nde1_0.status=? and nde1_0.next_retry_at<=? order by nde1_0.next_retry_at
2026-05-08T17:13:21.461+08:00 DEBUG 38228 --- [uscdip-backend] [pool-2-thread-1] org.hibernate.SQL                        : select oee1_0.event_id,oee1_0.aggregate_id,oee1_0.aggregate_type,oee1_0.claimed_at,oee1_0.claimed_by,oee1_0.created_at,oee1_0.event_type,oee1_0.last_error,oee1_0.next_retry_time,oee1_0.payload,oee1_0.retry_count,oee1_0.sent_at,oee1_0.status,oee1_0.trace_id,oee1_0.updated_at from outbox_event oee1_0 where oee1_0.status=? and oee1_0.claimed_at<? order by oee1_0.created_at
2026-05-08T17:13:21.466+08:00 DEBUG 38228 --- [uscdip-backend] [pool-2-thread-1] org.hibernate.SQL                        : select oee1_0.event_id,oee1_0.aggregate_id,oee1_0.aggregate_type,oee1_0.claimed_at,oee1_0.claimed_by,oee1_0.created_at,oee1_0.event_type,oee1_0.last_error,oee1_0.next_retry_time,oee1_0.payload,oee1_0.retry_count,oee1_0.sent_at,oee1_0.status,oee1_0.trace_id,oee1_0.updated_at from outbox_event oee1_0 where oee1_0.status in (?,?) and oee1_0.next_retry_time<=? order by oee1_0.created_at fetch first ? rows only
2026-05-08T17:13:21.486+08:00  INFO 38228 --- [uscdip-backend] [pool-2-thread-1] c.u.b.service.LoggingOutboxDispatcher    : outbox dispatch eventId=OBE-WO-B22-DISPATCHED-001 eventType=WORK_ORDER_SEED_REFERENCE aggregateType=WORK_ORDER aggregateId=WO-B22-DISPATCHED-001 traceId=TRACE-WO-SEED-001
2026-05-08T17:13:21.489+08:00 DEBUG 38228 --- [uscdip-backend] [           main] org.hibernate.SQL                        : select count(*) from object_geo_index ogie1_0
2026-05-08T17:13:21.493+08:00 DEBUG 38228 --- [uscdip-backend] [           main] o.s.b.a.ApplicationAvailabilityBean      : Application availability state ReadinessState changed to ACCEPTING_TRAFFIC
2026-05-08T17:13:21.498+08:00 DEBUG 38228 --- [uscdip-backend] [pool-2-thread-1] org.hibernate.SQL                        : select tlee1_0.event_id,tlee1_0.actor_user_id,tlee1_0.client_ip,tlee1_0.detail,tlee1_0.event_time,tlee1_0.event_type,tlee1_0.latency_ms,tlee1_0.message_id,tlee1_0.object_id,tlee1_0.object_type,tlee1_0.parent_span_id,tlee1_0.recv_time,tlee1_0.route_path,tlee1_0.session_id,tlee1_0.source_module,tlee1_0.span_id,tlee1_0.stage,tlee1_0.status,tlee1_0.topic,tlee1_0.trace_id from trace_link_event tlee1_0 where tlee1_0.event_id=?
2026-05-08T17:13:21.520+08:00 DEBUG 38228 --- [uscdip-backend] [pool-2-thread-1] org.hibernate.SQL                        : insert into trace_link_event (actor_user_id,client_ip,detail,event_time,event_type,latency_ms,message_id,object_id,object_type,parent_span_id,recv_time,route_path,session_id,source_module,span_id,stage,status,topic,trace_id,event_id) values (?,?,?,?,?,?,?,?,?,?,?,?,?,?,?,?,?,?,?,?)
2026-05-08T17:13:21.528+08:00 DEBUG 38228 --- [uscdip-backend] [pool-2-thread-1] org.hibernate.SQL                        : update outbox_event set aggregate_id=?,aggregate_type=?,claimed_at=?,claimed_by=?,created_at=?,event_type=?,last_error=?,next_retry_time=?,payload=?,retry_count=?,sent_at=?,status=?,trace_id=?,updated_at=? where event_id=?
2026-05-08T17:13:21.533+08:00 DEBUG 38228 --- [uscdip-backend] [pool-2-thread-1] org.hibernate.SQL                        : select twle1_0.write_log_id,twle1_0.attempt_no,twle1_0.created_at,twle1_0.duration_ms,twle1_0.failed_count,twle1_0.last_error,twle1_0.next_retry_at,twle1_0.requested_count,twle1_0.source_batch_id,twle1_0.status,twle1_0.success_count,twle1_0.trace_id,twle1_0.updated_at,twle1_0.write_type from ts_write_log twle1_0 where twle1_0.status in (?,?) and twle1_0.next_retry_at<=? order by twle1_0.created_at
2026-05-08T17:13:21.537+08:00 DEBUG 38228 --- [uscdip-backend] [pool-2-thread-1] org.hibernate.SQL                        : select wsce1_0.connection_id,wsce1_0.client_ip,wsce1_0.close_reason,wsce1_0.connected_at,wsce1_0.disconnected_at,wsce1_0.last_seen_at,wsce1_0.status,wsce1_0.stomp_session_id,wsce1_0.user_agent,wsce1_0.user_id,wsce1_0.username from websocket_connection wsce1_0 where wsce1_0.status=? and wsce1_0.last_seen_at<?
2026-05-08T17:13:21.539+08:00 DEBUG 38228 --- [uscdip-backend] [pool-2-thread-1] org.hibernate.SQL                        : select nme1_0.notification_id,nme1_0.aggregate_id,nme1_0.aggregate_type,nme1_0.completed_at,nme1_0.content,nme1_0.created_at,nme1_0.event_type,nme1_0.idempotent_key,nme1_0.last_error,nme1_0.recipient_user_id,nme1_0.recipient_username,nme1_0.source_event_id,nme1_0.status,nme1_0.title,nme1_0.trace_id,nme1_0.updated_at from notification_message nme1_0 order by nme1_0.created_at desc,nme1_0.notification_id desc
2026-05-08T17:13:21.542+08:00 DEBUG 38228 --- [uscdip-backend] [pool-2-thread-1] org.hibernate.SQL                        : select osbe1_0.binding_id,osbe1_0.created_at,osbe1_0.object_id,osbe1_0.object_type,osbe1_0.owner_user_id,osbe1_0.owner_username,osbe1_0.region_id,osbe1_0.scope_level,osbe1_0.updated_at from object_scope_binding osbe1_0 where osbe1_0.object_type=? and osbe1_0.object_id=?
2026-05-08T17:13:21.545+08:00 DEBUG 38228 --- [uscdip-backend] [pool-2-thread-1] org.hibernate.SQL                        : select wspme1_0.seq_no,wspme1_0.content,wspme1_0.created_at,wspme1_0.message_id,wspme1_0.message_type,wspme1_0.payload,wspme1_0.recipient_user_id,wspme1_0.source_notification_id,wspme1_0.title,wspme1_0.topic,wspme1_0.trace_id from websocket_push_message wspme1_0 where wspme1_0.source_notification_id=? and wspme1_0.topic=?
2026-05-08T17:13:21.548+08:00 DEBUG 38228 --- [uscdip-backend] [pool-2-thread-1] org.hibernate.SQL                        : insert into websocket_push_message (content,created_at,message_id,message_type,payload,recipient_user_id,source_notification_id,title,topic,trace_id,seq_no) values (?,?,?,?,?,?,?,?,?,?,default)
2026-05-08T17:13:21.577+08:00 DEBUG 38228 --- [uscdip-backend] [pool-2-thread-1] org.hibernate.SQL                        : select tlee1_0.event_id,tlee1_0.actor_user_id,tlee1_0.client_ip,tlee1_0.detail,tlee1_0.event_time,tlee1_0.event_type,tlee1_0.latency_ms,tlee1_0.message_id,tlee1_0.object_id,tlee1_0.object_type,tlee1_0.parent_span_id,tlee1_0.recv_time,tlee1_0.route_path,tlee1_0.session_id,tlee1_0.source_module,tlee1_0.span_id,tlee1_0.stage,tlee1_0.status,tlee1_0.topic,tlee1_0.trace_id from trace_link_event tlee1_0 where tlee1_0.event_id=?
2026-05-08T17:13:21.578+08:00 DEBUG 38228 --- [uscdip-backend] [pool-2-thread-1] org.hibernate.SQL                        : insert into trace_link_event (actor_user_id,client_ip,detail,event_time,event_type,latency_ms,message_id,object_id,object_type,parent_span_id,recv_time,route_path,session_id,source_module,span_id,stage,status,topic,trace_id,event_id) values (?,?,?,?,?,?,?,?,?,?,?,?,?,?,?,?,?,?,?,?)
2026-05-08T17:13:21.586+08:00 DEBUG 38228 --- [uscdip-backend] [pool-2-thread-1] org.springframework.web.SimpLogging      : Processing MESSAGE destination=/user/U-INSPECT-001/queue/workorder.notifications session=null payload={"seqNo":1,"messageId":"WSP-9af33c1a-c98f-442a-ba8a-72f0f0488dba","topic":"user....(truncated)
2026-05-08T17:13:21.590+08:00 DEBUG 38228 --- [uscdip-backend] [pool-2-thread-1] org.hibernate.SQL                        : update websocket_push_message set content=?,created_at=?,message_id=?,message_type=?,payload=?,recipient_user_id=?,source_notification_id=?,title=?,topic=?,trace_id=? where seq_no=?
2026-05-08T17:13:21.591+08:00 DEBUG 38228 --- [uscdip-backend] [pool-2-thread-1] org.hibernate.SQL                        : select wspme1_0.seq_no,wspme1_0.content,wspme1_0.created_at,wspme1_0.message_id,wspme1_0.message_type,wspme1_0.payload,wspme1_0.recipient_user_id,wspme1_0.source_notification_id,wspme1_0.title,wspme1_0.topic,wspme1_0.trace_id from websocket_push_message wspme1_0 where wspme1_0.source_notification_id=? and wspme1_0.topic=?
2026-05-08T17:13:21.592+08:00 DEBUG 38228 --- [uscdip-backend] [pool-2-thread-1] org.hibernate.SQL                        : insert into websocket_push_message (content,created_at,message_id,message_type,payload,recipient_user_id,source_notification_id,title,topic,trace_id,seq_no) values (?,?,?,?,?,?,?,?,?,?,default)
2026-05-08T17:13:21.593+08:00 DEBUG 38228 --- [uscdip-backend] [pool-2-thread-1] org.hibernate.SQL                        : select tlee1_0.event_id,tlee1_0.actor_user_id,tlee1_0.client_ip,tlee1_0.detail,tlee1_0.event_time,tlee1_0.event_type,tlee1_0.latency_ms,tlee1_0.message_id,tlee1_0.object_id,tlee1_0.object_type,tlee1_0.parent_span_id,tlee1_0.recv_time,tlee1_0.route_path,tlee1_0.session_id,tlee1_0.source_module,tlee1_0.span_id,tlee1_0.stage,tlee1_0.status,tlee1_0.topic,tlee1_0.trace_id from trace_link_event tlee1_0 where tlee1_0.event_id=?
2026-05-08T17:13:21.595+08:00 DEBUG 38228 --- [uscdip-backend] [pool-2-thread-1] org.hibernate.SQL                        : insert into trace_link_event (actor_user_id,client_ip,detail,event_time,event_type,latency_ms,message_id,object_id,object_type,parent_span_id,recv_time,route_path,session_id,source_module,span_id,stage,status,topic,trace_id,event_id) values (?,?,?,?,?,?,?,?,?,?,?,?,?,?,?,?,?,?,?,?)
2026-05-08T17:13:21.596+08:00 DEBUG 38228 --- [uscdip-backend] [pool-2-thread-1] org.springframework.web.SimpLogging      : Processing MESSAGE destination=/topic/region.REGION-HZ.workorder.notifications session=null payload={"seqNo":2,"messageId":"WSP-227af86c-8123-4c3c-b90e-4ad043df1905","topic":"regio...(truncated)
2026-05-08T17:13:21.597+08:00 DEBUG 38228 --- [uscdip-backend] [pool-2-thread-1] org.hibernate.SQL                        : update websocket_push_message set content=?,created_at=?,message_id=?,message_type=?,payload=?,recipient_user_id=?,source_notification_id=?,title=?,topic=?,trace_id=? where seq_no=?
2026-05-08T17:13:23.540+08:00  INFO 38228 --- [uscdip-backend] [nio-8080-exec-4] o.a.c.c.C.[Tomcat].[localhost].[/]       : Initializing Spring DispatcherServlet 'dispatcherServlet'
2026-05-08T17:13:23.541+08:00  INFO 38228 --- [uscdip-backend] [nio-8080-exec-4] o.s.web.servlet.DispatcherServlet        : Initializing Servlet 'dispatcherServlet'
2026-05-08T17:13:23.541+08:00 DEBUG 38228 --- [uscdip-backend] [nio-8080-exec-4] o.s.web.servlet.DispatcherServlet        : Detected StandardServletMultipartResolver
2026-05-08T17:13:23.542+08:00 DEBUG 38228 --- [uscdip-backend] [nio-8080-exec-4] o.s.web.servlet.DispatcherServlet        : Detected AcceptHeaderLocaleResolver
2026-05-08T17:13:23.542+08:00 DEBUG 38228 --- [uscdip-backend] [nio-8080-exec-4] o.s.web.servlet.DispatcherServlet        : Detected FixedThemeResolver
2026-05-08T17:13:23.544+08:00 DEBUG 38228 --- [uscdip-backend] [nio-8080-exec-4] o.s.web.servlet.DispatcherServlet        : Detected org.springframework.web.servlet.view.DefaultRequestToViewNameTranslator@6ddba5
2026-05-08T17:13:23.544+08:00 DEBUG 38228 --- [uscdip-backend] [nio-8080-exec-4] o.s.web.servlet.DispatcherServlet        : Detected org.springframework.web.servlet.support.SessionFlashMapManager@604aa23e
2026-05-08T17:13:23.545+08:00 DEBUG 38228 --- [uscdip-backend] [nio-8080-exec-4] o.s.web.servlet.DispatcherServlet        : enableLoggingRequestDetails='false': request parameters and headers will be masked to prevent unsafe logging of potentially sensitive data
2026-05-08T17:13:23.545+08:00  INFO 38228 --- [uscdip-backend] [nio-8080-exec-4] o.s.web.servlet.DispatcherServlet        : Completed initialization in 4 ms
2026-05-08T17:13:23.551+08:00 DEBUG 38228 --- [uscdip-backend] [nio-8080-exec-4] org.hibernate.SQL                        : select tlee1_0.event_id,tlee1_0.actor_user_id,tlee1_0.client_ip,tlee1_0.detail,tlee1_0.event_time,tlee1_0.event_type,tlee1_0.latency_ms,tlee1_0.message_id,tlee1_0.object_id,tlee1_0.object_type,tlee1_0.parent_span_id,tlee1_0.recv_time,tlee1_0.route_path,tlee1_0.session_id,tlee1_0.source_module,tlee1_0.span_id,tlee1_0.stage,tlee1_0.status,tlee1_0.topic,tlee1_0.trace_id from trace_link_event tlee1_0 where tlee1_0.event_id=?
2026-05-08T17:13:23.552+08:00 DEBUG 38228 --- [uscdip-backend] [nio-8080-exec-4] org.hibernate.SQL                        : insert into trace_link_event (actor_user_id,client_ip,detail,event_time,event_type,latency_ms,message_id,object_id,object_type,parent_span_id,recv_time,route_path,session_id,source_module,span_id,stage,status,topic,trace_id,event_id) values (?,?,?,?,?,?,?,?,?,?,?,?,?,?,?,?,?,?,?,?)
2026-05-08T17:13:23.571+08:00 DEBUG 38228 --- [uscdip-backend] [nio-8080-exec-4] org.hibernate.SQL                        : select grpe1_0.policy_id,grpe1_0.audit_enabled,grpe1_0.auth_required,grpe1_0.created_at,grpe1_0.enabled,grpe1_0.http_method,grpe1_0.path_pattern,grpe1_0.rate_limit_capacity,grpe1_0.rate_limit_scope,grpe1_0.rate_limit_window_seconds,grpe1_0.risk_level,grpe1_0.route_code,grpe1_0.updated_at,grpe1_0.validation_profile from gateway_route_policy grpe1_0 where grpe1_0.enabled
2026-05-08T17:13:23.583+08:00 DEBUG 38228 --- [uscdip-backend] [nio-8080-exec-4] org.hibernate.SQL                        : select gcre1_0.rule_id,gcre1_0.created_at,gcre1_0.enabled,gcre1_0.expires_at,gcre1_0.reason,gcre1_0.rule_type,gcre1_0.subject_type,gcre1_0.subject_value,gcre1_0.updated_at from gateway_client_rule gcre1_0 where gcre1_0.enabled
2026-05-08T17:13:23.591+08:00 DEBUG 38228 --- [uscdip-backend] [nio-8080-exec-4] o.s.web.servlet.DispatcherServlet        : GET "/api/auth/login", parameters={}
2026-05-08T17:13:23.593+08:00 DEBUG 38228 --- [uscdip-backend] [nio-8080-exec-4] s.w.s.m.m.a.RequestMappingHandlerMapping : Mapped to com.uscdip.backend.controller.AuthController#getLogin(String, HttpServletRequest)
2026-05-08T17:13:23.624+08:00 DEBUG 38228 --- [uscdip-backend] [nio-8080-exec-4] m.m.a.RequestResponseBodyMethodProcessor : Using 'application/json', given [*/*] and supported [application/json, application/*+json]
2026-05-08T17:13:23.629+08:00 DEBUG 38228 --- [uscdip-backend] [nio-8080-exec-4] m.m.a.RequestResponseBodyMethodProcessor : Writing [ApiResponse[success=true, data=AuthLoginDescriptor[enabled=false, registrationId=keycloak, authoriza (truncated)...]
2026-05-08T17:13:23.641+08:00 DEBUG 38228 --- [uscdip-backend] [nio-8080-exec-4] o.s.web.servlet.DispatcherServlet        : Completed 200 OK
2026-05-08T17:13:23.643+08:00 DEBUG 38228 --- [uscdip-backend] [nio-8080-exec-4] org.hibernate.SQL                        : select tlee1_0.event_id,tlee1_0.actor_user_id,tlee1_0.client_ip,tlee1_0.detail,tlee1_0.event_time,tlee1_0.event_type,tlee1_0.latency_ms,tlee1_0.message_id,tlee1_0.object_id,tlee1_0.object_type,tlee1_0.parent_span_id,tlee1_0.recv_time,tlee1_0.route_path,tlee1_0.session_id,tlee1_0.source_module,tlee1_0.span_id,tlee1_0.stage,tlee1_0.status,tlee1_0.topic,tlee1_0.trace_id from trace_link_event tlee1_0 where tlee1_0.event_id=?
2026-05-08T17:13:23.644+08:00 DEBUG 38228 --- [uscdip-backend] [nio-8080-exec-4] org.hibernate.SQL                        : insert into trace_link_event (actor_user_id,client_ip,detail,event_time,event_type,latency_ms,message_id,object_id,object_type,parent_span_id,recv_time,route_path,session_id,source_module,span_id,stage,status,topic,trace_id,event_id) values (?,?,?,?,?,?,?,?,?,?,?,?,?,?,?,?,?,?,?,?)
2026-05-08T17:13:51.462+08:00 DEBUG 38228 --- [uscdip-backend] [pool-2-thread-1] org.hibernate.SQL                        : select nde1_0.delivery_id,nde1_0.attempt_count,nde1_0.channel,nde1_0.created_at,nde1_0.last_error,nde1_0.next_retry_at,nde1_0.notification_id,nde1_0.sent_at,nde1_0.status,nde1_0.target,nde1_0.updated_at from notification_delivery nde1_0 where nde1_0.status=? and nde1_0.next_retry_at<=? order by nde1_0.next_retry_at
2026-05-08T17:13:51.534+08:00 DEBUG 38228 --- [uscdip-backend] [pool-2-thread-1] org.hibernate.SQL                        : select oee1_0.event_id,oee1_0.aggregate_id,oee1_0.aggregate_type,oee1_0.claimed_at,oee1_0.claimed_by,oee1_0.created_at,oee1_0.event_type,oee1_0.last_error,oee1_0.next_retry_time,oee1_0.payload,oee1_0.retry_count,oee1_0.sent_at,oee1_0.status,oee1_0.trace_id,oee1_0.updated_at from outbox_event oee1_0 where oee1_0.status=? and oee1_0.claimed_at<? order by oee1_0.created_at
2026-05-08T17:13:51.536+08:00 DEBUG 38228 --- [uscdip-backend] [pool-2-thread-1] org.hibernate.SQL                        : select oee1_0.event_id,oee1_0.aggregate_id,oee1_0.aggregate_type,oee1_0.claimed_at,oee1_0.claimed_by,oee1_0.created_at,oee1_0.event_type,oee1_0.last_error,oee1_0.next_retry_time,oee1_0.payload,oee1_0.retry_count,oee1_0.sent_at,oee1_0.status,oee1_0.trace_id,oee1_0.updated_at from outbox_event oee1_0 where oee1_0.status in (?,?) and oee1_0.next_retry_time<=? order by oee1_0.created_at fetch first ? rows only
2026-05-08T17:13:51.538+08:00 DEBUG 38228 --- [uscdip-backend] [pool-2-thread-1] org.hibernate.SQL                        : select twle1_0.write_log_id,twle1_0.attempt_no,twle1_0.created_at,twle1_0.duration_ms,twle1_0.failed_count,twle1_0.last_error,twle1_0.next_retry_at,twle1_0.requested_count,twle1_0.source_batch_id,twle1_0.status,twle1_0.success_count,twle1_0.trace_id,twle1_0.updated_at,twle1_0.write_type from ts_write_log twle1_0 where twle1_0.status in (?,?) and twle1_0.next_retry_at<=? order by twle1_0.created_at
2026-05-08T17:13:51.539+08:00 DEBUG 38228 --- [uscdip-backend] [pool-2-thread-1] org.hibernate.SQL                        : select wsce1_0.connection_id,wsce1_0.client_ip,wsce1_0.close_reason,wsce1_0.connected_at,wsce1_0.disconnected_at,wsce1_0.last_seen_at,wsce1_0.status,wsce1_0.stomp_session_id,wsce1_0.user_agent,wsce1_0.user_id,wsce1_0.username from websocket_connection wsce1_0 where wsce1_0.status=? and wsce1_0.last_seen_at<?
2026-05-08T17:13:51.600+08:00 DEBUG 38228 --- [uscdip-backend] [pool-2-thread-1] org.hibernate.SQL                        : select nme1_0.notification_id,nme1_0.aggregate_id,nme1_0.aggregate_type,nme1_0.completed_at,nme1_0.content,nme1_0.created_at,nme1_0.event_type,nme1_0.idempotent_key,nme1_0.last_error,nme1_0.recipient_user_id,nme1_0.recipient_username,nme1_0.source_event_id,nme1_0.status,nme1_0.title,nme1_0.trace_id,nme1_0.updated_at from notification_message nme1_0 order by nme1_0.created_at desc,nme1_0.notification_id desc
2026-05-08T17:13:51.602+08:00 DEBUG 38228 --- [uscdip-backend] [pool-2-thread-1] org.hibernate.SQL                        : select osbe1_0.binding_id,osbe1_0.created_at,osbe1_0.object_id,osbe1_0.object_type,osbe1_0.owner_user_id,osbe1_0.owner_username,osbe1_0.region_id,osbe1_0.scope_level,osbe1_0.updated_at from object_scope_binding osbe1_0 where osbe1_0.object_type=? and osbe1_0.object_id=?
2026-05-08T17:13:51.604+08:00 DEBUG 38228 --- [uscdip-backend] [pool-2-thread-1] org.hibernate.SQL                        : select wspme1_0.seq_no,wspme1_0.content,wspme1_0.created_at,wspme1_0.message_id,wspme1_0.message_type,wspme1_0.payload,wspme1_0.recipient_user_id,wspme1_0.source_notification_id,wspme1_0.title,wspme1_0.topic,wspme1_0.trace_id from websocket_push_message wspme1_0 where wspme1_0.source_notification_id=? and wspme1_0.topic=?
2026-05-08T17:13:51.606+08:00 DEBUG 38228 --- [uscdip-backend] [pool-2-thread-1] org.hibernate.SQL                        : select wspme1_0.seq_no,wspme1_0.content,wspme1_0.created_at,wspme1_0.message_id,wspme1_0.message_type,wspme1_0.payload,wspme1_0.recipient_user_id,wspme1_0.source_notification_id,wspme1_0.title,wspme1_0.topic,wspme1_0.trace_id from websocket_push_message wspme1_0 where wspme1_0.source_notification_id=? and wspme1_0.topic=?
2026-05-08T17:14:21.126+08:00  INFO 38228 --- [uscdip-backend] [MessageBroker-1] o.s.w.s.c.WebSocketMessageBrokerStats    : WebSocketSession[0 current WS(0)-HttpStream(0)-HttpPoll(0), 0 total, 0 closed abnormally (0 connect failure, 0 send limit, 0 transport error)], stompSubProtocol[processed CONNECT(0)-CONNECTED(0)-DISCONNECT(0)], stompBrokerRelay[null], inboundChannel[pool size = 0, active threads = 0, queued tasks = 0, completed tasks = 0], outboundChannel[pool size = 0, active threads = 0, queued tasks = 0, completed tasks = 0], sockJsScheduler[pool size = 1, active threads = 1, queued tasks = 0, completed tasks = 0]
2026-05-08T17:14:21.449+08:00 DEBUG 38228 --- [uscdip-backend] [pool-2-thread-1] org.hibernate.SQL                        : select ace1_0.case_id,ace1_0.case_status,ace1_0.created_at,ace1_0.decision_snapshot,ace1_0.dedupe_key,ace1_0.device_id,ace1_0.escalation_level,ace1_0.first_alert_id,ace1_0.first_triggered_at,ace1_0.hit_count,ace1_0.last_alert_id,ace1_0.last_triggered_at,ace1_0.node_id,ace1_0.recovered_at,ace1_0.rule_code,ace1_0.segment_id,ace1_0.severity_current,ace1_0.suppressed_until,ace1_0.trace_id,ace1_0.unsuppressed_hit_count,ace1_0.updated_at from alert_case ace1_0 where ace1_0.case_status in (?,?,?,?,?) and ace1_0.last_triggered_at<?
2026-05-08T17:14:21.469+08:00 DEBUG 38228 --- [uscdip-backend] [pool-2-thread-1] org.hibernate.SQL                        : select nde1_0.delivery_id,nde1_0.attempt_count,nde1_0.channel,nde1_0.created_at,nde1_0.last_error,nde1_0.next_retry_at,nde1_0.notification_id,nde1_0.sent_at,nde1_0.status,nde1_0.target,nde1_0.updated_at from notification_delivery nde1_0 where nde1_0.status=? and nde1_0.next_retry_at<=? order by nde1_0.next_retry_at
2026-05-08T17:14:21.538+08:00 DEBUG 38228 --- [uscdip-backend] [pool-2-thread-1] org.hibernate.SQL                        : select oee1_0.event_id,oee1_0.aggregate_id,oee1_0.aggregate_type,oee1_0.claimed_at,oee1_0.claimed_by,oee1_0.created_at,oee1_0.event_type,oee1_0.last_error,oee1_0.next_retry_time,oee1_0.payload,oee1_0.retry_count,oee1_0.sent_at,oee1_0.status,oee1_0.trace_id,oee1_0.updated_at from outbox_event oee1_0 where oee1_0.status=? and oee1_0.claimed_at<? order by oee1_0.created_at
2026-05-08T17:14:21.540+08:00 DEBUG 38228 --- [uscdip-backend] [pool-2-thread-1] org.hibernate.SQL                        : select oee1_0.event_id,oee1_0.aggregate_id,oee1_0.aggregate_type,oee1_0.claimed_at,oee1_0.claimed_by,oee1_0.created_at,oee1_0.event_type,oee1_0.last_error,oee1_0.next_retry_time,oee1_0.payload,oee1_0.retry_count,oee1_0.sent_at,oee1_0.status,oee1_0.trace_id,oee1_0.updated_at from outbox_event oee1_0 where oee1_0.status in (?,?) and oee1_0.next_retry_time<=? order by oee1_0.created_at fetch first ? rows only
2026-05-08T17:14:21.542+08:00 DEBUG 38228 --- [uscdip-backend] [pool-2-thread-1] org.hibernate.SQL                        : select twle1_0.write_log_id,twle1_0.attempt_no,twle1_0.created_at,twle1_0.duration_ms,twle1_0.failed_count,twle1_0.last_error,twle1_0.next_retry_at,twle1_0.requested_count,twle1_0.source_batch_id,twle1_0.status,twle1_0.success_count,twle1_0.trace_id,twle1_0.updated_at,twle1_0.write_type from ts_write_log twle1_0 where twle1_0.status in (?,?) and twle1_0.next_retry_at<=? order by twle1_0.created_at
2026-05-08T17:14:21.544+08:00 DEBUG 38228 --- [uscdip-backend] [pool-2-thread-1] org.hibernate.SQL                        : select wsce1_0.connection_id,wsce1_0.client_ip,wsce1_0.close_reason,wsce1_0.connected_at,wsce1_0.disconnected_at,wsce1_0.last_seen_at,wsce1_0.status,wsce1_0.stomp_session_id,wsce1_0.user_agent,wsce1_0.user_id,wsce1_0.username from websocket_connection wsce1_0 where wsce1_0.status=? and wsce1_0.last_seen_at<?
2026-05-08T17:14:21.609+08:00 DEBUG 38228 --- [uscdip-backend] [pool-2-thread-1] org.hibernate.SQL                        : select nme1_0.notification_id,nme1_0.aggregate_id,nme1_0.aggregate_type,nme1_0.completed_at,nme1_0.content,nme1_0.created_at,nme1_0.event_type,nme1_0.idempotent_key,nme1_0.last_error,nme1_0.recipient_user_id,nme1_0.recipient_username,nme1_0.source_event_id,nme1_0.status,nme1_0.title,nme1_0.trace_id,nme1_0.updated_at from notification_message nme1_0 order by nme1_0.created_at desc,nme1_0.notification_id desc
2026-05-08T17:14:21.611+08:00 DEBUG 38228 --- [uscdip-backend] [pool-2-thread-1] org.hibernate.SQL                        : select osbe1_0.binding_id,osbe1_0.created_at,osbe1_0.object_id,osbe1_0.object_type,osbe1_0.owner_user_id,osbe1_0.owner_username,osbe1_0.region_id,osbe1_0.scope_level,osbe1_0.updated_at from object_scope_binding osbe1_0 where osbe1_0.object_type=? and osbe1_0.object_id=?
2026-05-08T17:14:21.613+08:00 DEBUG 38228 --- [uscdip-backend] [pool-2-thread-1] org.hibernate.SQL                        : select wspme1_0.seq_no,wspme1_0.content,wspme1_0.created_at,wspme1_0.message_id,wspme1_0.message_type,wspme1_0.payload,wspme1_0.recipient_user_id,wspme1_0.source_notification_id,wspme1_0.title,wspme1_0.topic,wspme1_0.trace_id from websocket_push_message wspme1_0 where wspme1_0.source_notification_id=? and wspme1_0.topic=?
2026-05-08T17:14:21.615+08:00 DEBUG 38228 --- [uscdip-backend] [pool-2-thread-1] org.hibernate.SQL                        : select wspme1_0.seq_no,wspme1_0.content,wspme1_0.created_at,wspme1_0.message_id,wspme1_0.message_type,wspme1_0.payload,wspme1_0.recipient_user_id,wspme1_0.source_notification_id,wspme1_0.title,wspme1_0.topic,wspme1_0.trace_id from websocket_push_message wspme1_0 where wspme1_0.source_notification_id=? and wspme1_0.topic=?
2026-05-08T17:14:51.471+08:00 DEBUG 38228 --- [uscdip-backend] [pool-2-thread-1] org.hibernate.SQL                        : select nde1_0.delivery_id,nde1_0.attempt_count,nde1_0.channel,nde1_0.created_at,nde1_0.last_error,nde1_0.next_retry_at,nde1_0.notification_id,nde1_0.sent_at,nde1_0.status,nde1_0.target,nde1_0.updated_at from notification_delivery nde1_0 where nde1_0.status=? and nde1_0.next_retry_at<=? order by nde1_0.next_retry_at
2026-05-08T17:14:51.547+08:00 DEBUG 38228 --- [uscdip-backend] [pool-2-thread-1] org.hibernate.SQL                        : select oee1_0.event_id,oee1_0.aggregate_id,oee1_0.aggregate_type,oee1_0.claimed_at,oee1_0.claimed_by,oee1_0.created_at,oee1_0.event_type,oee1_0.last_error,oee1_0.next_retry_time,oee1_0.payload,oee1_0.retry_count,oee1_0.sent_at,oee1_0.status,oee1_0.trace_id,oee1_0.updated_at from outbox_event oee1_0 where oee1_0.status=? and oee1_0.claimed_at<? order by oee1_0.created_at
2026-05-08T17:14:51.549+08:00 DEBUG 38228 --- [uscdip-backend] [pool-2-thread-1] org.hibernate.SQL                        : select oee1_0.event_id,oee1_0.aggregate_id,oee1_0.aggregate_type,oee1_0.claimed_at,oee1_0.claimed_by,oee1_0.created_at,oee1_0.event_type,oee1_0.last_error,oee1_0.next_retry_time,oee1_0.payload,oee1_0.retry_count,oee1_0.sent_at,oee1_0.status,oee1_0.trace_id,oee1_0.updated_at from outbox_event oee1_0 where oee1_0.status in (?,?) and oee1_0.next_retry_time<=? order by oee1_0.created_at fetch first ? rows only
2026-05-08T17:14:51.550+08:00 DEBUG 38228 --- [uscdip-backend] [pool-2-thread-1] org.hibernate.SQL                        : select twle1_0.write_log_id,twle1_0.attempt_no,twle1_0.created_at,twle1_0.duration_ms,twle1_0.failed_count,twle1_0.last_error,twle1_0.next_retry_at,twle1_0.requested_count,twle1_0.source_batch_id,twle1_0.status,twle1_0.success_count,twle1_0.trace_id,twle1_0.updated_at,twle1_0.write_type from ts_write_log twle1_0 where twle1_0.status in (?,?) and twle1_0.next_retry_at<=? order by twle1_0.created_at
2026-05-08T17:14:51.551+08:00 DEBUG 38228 --- [uscdip-backend] [pool-2-thread-1] org.hibernate.SQL                        : select wsce1_0.connection_id,wsce1_0.client_ip,wsce1_0.close_reason,wsce1_0.connected_at,wsce1_0.disconnected_at,wsce1_0.last_seen_at,wsce1_0.status,wsce1_0.stomp_session_id,wsce1_0.user_agent,wsce1_0.user_id,wsce1_0.username from websocket_connection wsce1_0 where wsce1_0.status=? and wsce1_0.last_seen_at<?
2026-05-08T17:14:51.617+08:00 DEBUG 38228 --- [uscdip-backend] [pool-2-thread-1] org.hibernate.SQL                        : select nme1_0.notification_id,nme1_0.aggregate_id,nme1_0.aggregate_type,nme1_0.completed_at,nme1_0.content,nme1_0.created_at,nme1_0.event_type,nme1_0.idempotent_key,nme1_0.last_error,nme1_0.recipient_user_id,nme1_0.recipient_username,nme1_0.source_event_id,nme1_0.status,nme1_0.title,nme1_0.trace_id,nme1_0.updated_at from notification_message nme1_0 order by nme1_0.created_at desc,nme1_0.notification_id desc
2026-05-08T17:14:51.619+08:00 DEBUG 38228 --- [uscdip-backend] [pool-2-thread-1] org.hibernate.SQL                        : select osbe1_0.binding_id,osbe1_0.created_at,osbe1_0.object_id,osbe1_0.object_type,osbe1_0.owner_user_id,osbe1_0.owner_username,osbe1_0.region_id,osbe1_0.scope_level,osbe1_0.updated_at from object_scope_binding osbe1_0 where osbe1_0.object_type=? and osbe1_0.object_id=?
2026-05-08T17:14:51.620+08:00 DEBUG 38228 --- [uscdip-backend] [pool-2-thread-1] org.hibernate.SQL                        : select wspme1_0.seq_no,wspme1_0.content,wspme1_0.created_at,wspme1_0.message_id,wspme1_0.message_type,wspme1_0.payload,wspme1_0.recipient_user_id,wspme1_0.source_notification_id,wspme1_0.title,wspme1_0.topic,wspme1_0.trace_id from websocket_push_message wspme1_0 where wspme1_0.source_notification_id=? and wspme1_0.topic=?
2026-05-08T17:14:51.622+08:00 DEBUG 38228 --- [uscdip-backend] [pool-2-thread-1] org.hibernate.SQL                        : select wspme1_0.seq_no,wspme1_0.content,wspme1_0.created_at,wspme1_0.message_id,wspme1_0.message_type,wspme1_0.payload,wspme1_0.recipient_user_id,wspme1_0.source_notification_id,wspme1_0.title,wspme1_0.topic,wspme1_0.trace_id from websocket_push_message wspme1_0 where wspme1_0.source_notification_id=? and wspme1_0.topic=?
2026-05-08T17:15:21.452+08:00 DEBUG 38228 --- [uscdip-backend] [pool-2-thread-1] org.hibernate.SQL                        : select ace1_0.case_id,ace1_0.case_status,ace1_0.created_at,ace1_0.decision_snapshot,ace1_0.dedupe_key,ace1_0.device_id,ace1_0.escalation_level,ace1_0.first_alert_id,ace1_0.first_triggered_at,ace1_0.hit_count,ace1_0.last_alert_id,ace1_0.last_triggered_at,ace1_0.node_id,ace1_0.recovered_at,ace1_0.rule_code,ace1_0.segment_id,ace1_0.severity_current,ace1_0.suppressed_until,ace1_0.trace_id,ace1_0.unsuppressed_hit_count,ace1_0.updated_at from alert_case ace1_0 where ace1_0.case_status in (?,?,?,?,?) and ace1_0.last_triggered_at<?
2026-05-08T17:15:21.475+08:00 DEBUG 38228 --- [uscdip-backend] [pool-2-thread-1] org.hibernate.SQL                        : select nde1_0.delivery_id,nde1_0.attempt_count,nde1_0.channel,nde1_0.created_at,nde1_0.last_error,nde1_0.next_retry_at,nde1_0.notification_id,nde1_0.sent_at,nde1_0.status,nde1_0.target,nde1_0.updated_at from notification_delivery nde1_0 where nde1_0.status=? and nde1_0.next_retry_at<=? order by nde1_0.next_retry_at
2026-05-08T17:15:21.552+08:00 DEBUG 38228 --- [uscdip-backend] [pool-2-thread-1] org.hibernate.SQL                        : select oee1_0.event_id,oee1_0.aggregate_id,oee1_0.aggregate_type,oee1_0.claimed_at,oee1_0.claimed_by,oee1_0.created_at,oee1_0.event_type,oee1_0.last_error,oee1_0.next_retry_time,oee1_0.payload,oee1_0.retry_count,oee1_0.sent_at,oee1_0.status,oee1_0.trace_id,oee1_0.updated_at from outbox_event oee1_0 where oee1_0.status=? and oee1_0.claimed_at<? order by oee1_0.created_at
2026-05-08T17:15:21.554+08:00 DEBUG 38228 --- [uscdip-backend] [pool-2-thread-1] org.hibernate.SQL                        : select oee1_0.event_id,oee1_0.aggregate_id,oee1_0.aggregate_type,oee1_0.claimed_at,oee1_0.claimed_by,oee1_0.created_at,oee1_0.event_type,oee1_0.last_error,oee1_0.next_retry_time,oee1_0.payload,oee1_0.retry_count,oee1_0.sent_at,oee1_0.status,oee1_0.trace_id,oee1_0.updated_at from outbox_event oee1_0 where oee1_0.status in (?,?) and oee1_0.next_retry_time<=? order by oee1_0.created_at fetch first ? rows only
2026-05-08T17:15:21.557+08:00 DEBUG 38228 --- [uscdip-backend] [pool-2-thread-1] org.hibernate.SQL                        : select twle1_0.write_log_id,twle1_0.attempt_no,twle1_0.created_at,twle1_0.duration_ms,twle1_0.failed_count,twle1_0.last_error,twle1_0.next_retry_at,twle1_0.requested_count,twle1_0.source_batch_id,twle1_0.status,twle1_0.success_count,twle1_0.trace_id,twle1_0.updated_at,twle1_0.write_type from ts_write_log twle1_0 where twle1_0.status in (?,?) and twle1_0.next_retry_at<=? order by twle1_0.created_at
2026-05-08T17:15:21.558+08:00 DEBUG 38228 --- [uscdip-backend] [pool-2-thread-1] org.hibernate.SQL                        : select wsce1_0.connection_id,wsce1_0.client_ip,wsce1_0.close_reason,wsce1_0.connected_at,wsce1_0.disconnected_at,wsce1_0.last_seen_at,wsce1_0.status,wsce1_0.stomp_session_id,wsce1_0.user_agent,wsce1_0.user_id,wsce1_0.username from websocket_connection wsce1_0 where wsce1_0.status=? and wsce1_0.last_seen_at<?
2026-05-08T17:15:21.626+08:00 DEBUG 38228 --- [uscdip-backend] [pool-2-thread-1] org.hibernate.SQL                        : select nme1_0.notification_id,nme1_0.aggregate_id,nme1_0.aggregate_type,nme1_0.completed_at,nme1_0.content,nme1_0.created_at,nme1_0.event_type,nme1_0.idempotent_key,nme1_0.last_error,nme1_0.recipient_user_id,nme1_0.recipient_username,nme1_0.source_event_id,nme1_0.status,nme1_0.title,nme1_0.trace_id,nme1_0.updated_at from notification_message nme1_0 order by nme1_0.created_at desc,nme1_0.notification_id desc
2026-05-08T17:15:21.628+08:00 DEBUG 38228 --- [uscdip-backend] [pool-2-thread-1] org.hibernate.SQL                        : select osbe1_0.binding_id,osbe1_0.created_at,osbe1_0.object_id,osbe1_0.object_type,osbe1_0.owner_user_id,osbe1_0.owner_username,osbe1_0.region_id,osbe1_0.scope_level,osbe1_0.updated_at from object_scope_binding osbe1_0 where osbe1_0.object_type=? and osbe1_0.object_id=?
2026-05-08T17:15:21.630+08:00 DEBUG 38228 --- [uscdip-backend] [pool-2-thread-1] org.hibernate.SQL                        : select wspme1_0.seq_no,wspme1_0.content,wspme1_0.created_at,wspme1_0.message_id,wspme1_0.message_type,wspme1_0.payload,wspme1_0.recipient_user_id,wspme1_0.source_notification_id,wspme1_0.title,wspme1_0.topic,wspme1_0.trace_id from websocket_push_message wspme1_0 where wspme1_0.source_notification_id=? and wspme1_0.topic=?
2026-05-08T17:15:21.631+08:00 DEBUG 38228 --- [uscdip-backend] [pool-2-thread-1] org.hibernate.SQL                        : select wspme1_0.seq_no,wspme1_0.content,wspme1_0.created_at,wspme1_0.message_id,wspme1_0.message_type,wspme1_0.payload,wspme1_0.recipient_user_id,wspme1_0.source_notification_id,wspme1_0.title,wspme1_0.topic,wspme1_0.trace_id from websocket_push_message wspme1_0 where wspme1_0.source_notification_id=? and wspme1_0.topic=?
2026-05-08T17:15:51.478+08:00 DEBUG 38228 --- [uscdip-backend] [pool-2-thread-1] org.hibernate.SQL                        : select nde1_0.delivery_id,nde1_0.attempt_count,nde1_0.channel,nde1_0.created_at,nde1_0.last_error,nde1_0.next_retry_at,nde1_0.notification_id,nde1_0.sent_at,nde1_0.status,nde1_0.target,nde1_0.updated_at from notification_delivery nde1_0 where nde1_0.status=? and nde1_0.next_retry_at<=? order by nde1_0.next_retry_at
2026-05-08T17:15:51.558+08:00 DEBUG 38228 --- [uscdip-backend] [pool-2-thread-1] org.hibernate.SQL                        : select oee1_0.event_id,oee1_0.aggregate_id,oee1_0.aggregate_type,oee1_0.claimed_at,oee1_0.claimed_by,oee1_0.created_at,oee1_0.event_type,oee1_0.last_error,oee1_0.next_retry_time,oee1_0.payload,oee1_0.retry_count,oee1_0.sent_at,oee1_0.status,oee1_0.trace_id,oee1_0.updated_at from outbox_event oee1_0 where oee1_0.status=? and oee1_0.claimed_at<? order by oee1_0.created_at
2026-05-08T17:15:51.559+08:00 DEBUG 38228 --- [uscdip-backend] [pool-2-thread-1] org.hibernate.SQL                        : select oee1_0.event_id,oee1_0.aggregate_id,oee1_0.aggregate_type,oee1_0.claimed_at,oee1_0.claimed_by,oee1_0.created_at,oee1_0.event_type,oee1_0.last_error,oee1_0.next_retry_time,oee1_0.payload,oee1_0.retry_count,oee1_0.sent_at,oee1_0.status,oee1_0.trace_id,oee1_0.updated_at from outbox_event oee1_0 where oee1_0.status in (?,?) and oee1_0.next_retry_time<=? order by oee1_0.created_at fetch first ? rows only
2026-05-08T17:15:51.561+08:00 DEBUG 38228 --- [uscdip-backend] [pool-2-thread-1] org.hibernate.SQL                        : select twle1_0.write_log_id,twle1_0.attempt_no,twle1_0.created_at,twle1_0.duration_ms,twle1_0.failed_count,twle1_0.last_error,twle1_0.next_retry_at,twle1_0.requested_count,twle1_0.source_batch_id,twle1_0.status,twle1_0.success_count,twle1_0.trace_id,twle1_0.updated_at,twle1_0.write_type from ts_write_log twle1_0 where twle1_0.status in (?,?) and twle1_0.next_retry_at<=? order by twle1_0.created_at
2026-05-08T17:15:51.563+08:00 DEBUG 38228 --- [uscdip-backend] [pool-2-thread-1] org.hibernate.SQL                        : select wsce1_0.connection_id,wsce1_0.client_ip,wsce1_0.close_reason,wsce1_0.connected_at,wsce1_0.disconnected_at,wsce1_0.last_seen_at,wsce1_0.status,wsce1_0.stomp_session_id,wsce1_0.user_agent,wsce1_0.user_id,wsce1_0.username from websocket_connection wsce1_0 where wsce1_0.status=? and wsce1_0.last_seen_at<?
2026-05-08T17:15:51.634+08:00 DEBUG 38228 --- [uscdip-backend] [pool-2-thread-1] org.hibernate.SQL                        : select nme1_0.notification_id,nme1_0.aggregate_id,nme1_0.aggregate_type,nme1_0.completed_at,nme1_0.content,nme1_0.created_at,nme1_0.event_type,nme1_0.idempotent_key,nme1_0.last_error,nme1_0.recipient_user_id,nme1_0.recipient_username,nme1_0.source_event_id,nme1_0.status,nme1_0.title,nme1_0.trace_id,nme1_0.updated_at from notification_message nme1_0 order by nme1_0.created_at desc,nme1_0.notification_id desc
2026-05-08T17:15:51.637+08:00 DEBUG 38228 --- [uscdip-backend] [pool-2-thread-1] org.hibernate.SQL                        : select osbe1_0.binding_id,osbe1_0.created_at,osbe1_0.object_id,osbe1_0.object_type,osbe1_0.owner_user_id,osbe1_0.owner_username,osbe1_0.region_id,osbe1_0.scope_level,osbe1_0.updated_at from object_scope_binding osbe1_0 where osbe1_0.object_type=? and osbe1_0.object_id=?
2026-05-08T17:15:51.638+08:00 DEBUG 38228 --- [uscdip-backend] [pool-2-thread-1] org.hibernate.SQL                        : select wspme1_0.seq_no,wspme1_0.content,wspme1_0.created_at,wspme1_0.message_id,wspme1_0.message_type,wspme1_0.payload,wspme1_0.recipient_user_id,wspme1_0.source_notification_id,wspme1_0.title,wspme1_0.topic,wspme1_0.trace_id from websocket_push_message wspme1_0 where wspme1_0.source_notification_id=? and wspme1_0.topic=?
2026-05-08T17:15:51.639+08:00 DEBUG 38228 --- [uscdip-backend] [pool-2-thread-1] org.hibernate.SQL                        : select wspme1_0.seq_no,wspme1_0.content,wspme1_0.created_at,wspme1_0.message_id,wspme1_0.message_type,wspme1_0.payload,wspme1_0.recipient_user_id,wspme1_0.source_notification_id,wspme1_0.title,wspme1_0.topic,wspme1_0.trace_id from websocket_push_message wspme1_0 where wspme1_0.source_notification_id=? and wspme1_0.topic=?
2026-05-08T17:16:14.017+08:00 DEBUG 38228 --- [uscdip-backend] [nio-8080-exec-3] org.hibernate.SQL                        : select tlee1_0.event_id,tlee1_0.actor_user_id,tlee1_0.client_ip,tlee1_0.detail,tlee1_0.event_time,tlee1_0.event_type,tlee1_0.latency_ms,tlee1_0.message_id,tlee1_0.object_id,tlee1_0.object_type,tlee1_0.parent_span_id,tlee1_0.recv_time,tlee1_0.route_path,tlee1_0.session_id,tlee1_0.source_module,tlee1_0.span_id,tlee1_0.stage,tlee1_0.status,tlee1_0.topic,tlee1_0.trace_id from trace_link_event tlee1_0 where tlee1_0.event_id=?
2026-05-08T17:16:14.017+08:00 DEBUG 38228 --- [uscdip-backend] [nio-8080-exec-2] org.hibernate.SQL                        : select tlee1_0.event_id,tlee1_0.actor_user_id,tlee1_0.client_ip,tlee1_0.detail,tlee1_0.event_time,tlee1_0.event_type,tlee1_0.latency_ms,tlee1_0.message_id,tlee1_0.object_id,tlee1_0.object_type,tlee1_0.parent_span_id,tlee1_0.recv_time,tlee1_0.route_path,tlee1_0.session_id,tlee1_0.source_module,tlee1_0.span_id,tlee1_0.stage,tlee1_0.status,tlee1_0.topic,tlee1_0.trace_id from trace_link_event tlee1_0 where tlee1_0.event_id=?
2026-05-08T17:16:14.017+08:00 DEBUG 38228 --- [uscdip-backend] [nio-8080-exec-9] org.hibernate.SQL                        : select tlee1_0.event_id,tlee1_0.actor_user_id,tlee1_0.client_ip,tlee1_0.detail,tlee1_0.event_time,tlee1_0.event_type,tlee1_0.latency_ms,tlee1_0.message_id,tlee1_0.object_id,tlee1_0.object_type,tlee1_0.parent_span_id,tlee1_0.recv_time,tlee1_0.route_path,tlee1_0.session_id,tlee1_0.source_module,tlee1_0.span_id,tlee1_0.stage,tlee1_0.status,tlee1_0.topic,tlee1_0.trace_id from trace_link_event tlee1_0 where tlee1_0.event_id=?
2026-05-08T17:16:14.018+08:00 DEBUG 38228 --- [uscdip-backend] [nio-8080-exec-3] org.hibernate.SQL                        : insert into trace_link_event (actor_user_id,client_ip,detail,event_time,event_type,latency_ms,message_id,object_id,object_type,parent_span_id,recv_time,route_path,session_id,source_module,span_id,stage,status,topic,trace_id,event_id) values (?,?,?,?,?,?,?,?,?,?,?,?,?,?,?,?,?,?,?,?)
2026-05-08T17:16:14.019+08:00 DEBUG 38228 --- [uscdip-backend] [nio-8080-exec-2] org.hibernate.SQL                        : insert into trace_link_event (actor_user_id,client_ip,detail,event_time,event_type,latency_ms,message_id,object_id,object_type,parent_span_id,recv_time,route_path,session_id,source_module,span_id,stage,status,topic,trace_id,event_id) values (?,?,?,?,?,?,?,?,?,?,?,?,?,?,?,?,?,?,?,?)
2026-05-08T17:16:14.019+08:00 DEBUG 38228 --- [uscdip-backend] [nio-8080-exec-9] org.hibernate.SQL                        : insert into trace_link_event (actor_user_id,client_ip,detail,event_time,event_type,latency_ms,message_id,object_id,object_type,parent_span_id,recv_time,route_path,session_id,source_module,span_id,stage,status,topic,trace_id,event_id) values (?,?,?,?,?,?,?,?,?,?,?,?,?,?,?,?,?,?,?,?)
2026-05-08T17:16:14.020+08:00 DEBUG 38228 --- [uscdip-backend] [nio-8080-exec-9] org.hibernate.SQL                        : select grpe1_0.policy_id,grpe1_0.audit_enabled,grpe1_0.auth_required,grpe1_0.created_at,grpe1_0.enabled,grpe1_0.http_method,grpe1_0.path_pattern,grpe1_0.rate_limit_capacity,grpe1_0.rate_limit_scope,grpe1_0.rate_limit_window_seconds,grpe1_0.risk_level,grpe1_0.route_code,grpe1_0.updated_at,grpe1_0.validation_profile from gateway_route_policy grpe1_0 where grpe1_0.enabled
2026-05-08T17:16:14.020+08:00 DEBUG 38228 --- [uscdip-backend] [nio-8080-exec-2] org.hibernate.SQL                        : select grpe1_0.policy_id,grpe1_0.audit_enabled,grpe1_0.auth_required,grpe1_0.created_at,grpe1_0.enabled,grpe1_0.http_method,grpe1_0.path_pattern,grpe1_0.rate_limit_capacity,grpe1_0.rate_limit_scope,grpe1_0.rate_limit_window_seconds,grpe1_0.risk_level,grpe1_0.route_code,grpe1_0.updated_at,grpe1_0.validation_profile from gateway_route_policy grpe1_0 where grpe1_0.enabled
2026-05-08T17:16:14.020+08:00 DEBUG 38228 --- [uscdip-backend] [nio-8080-exec-3] org.hibernate.SQL                        : select grpe1_0.policy_id,grpe1_0.audit_enabled,grpe1_0.auth_required,grpe1_0.created_at,grpe1_0.enabled,grpe1_0.http_method,grpe1_0.path_pattern,grpe1_0.rate_limit_capacity,grpe1_0.rate_limit_scope,grpe1_0.rate_limit_window_seconds,grpe1_0.risk_level,grpe1_0.route_code,grpe1_0.updated_at,grpe1_0.validation_profile from gateway_route_policy grpe1_0 where grpe1_0.enabled
2026-05-08T17:16:14.024+08:00 DEBUG 38228 --- [uscdip-backend] [nio-8080-exec-2] org.hibernate.SQL                        : select gcre1_0.rule_id,gcre1_0.created_at,gcre1_0.enabled,gcre1_0.expires_at,gcre1_0.reason,gcre1_0.rule_type,gcre1_0.subject_type,gcre1_0.subject_value,gcre1_0.updated_at from gateway_client_rule gcre1_0 where gcre1_0.enabled
2026-05-08T17:16:14.024+08:00 DEBUG 38228 --- [uscdip-backend] [nio-8080-exec-9] org.hibernate.SQL                        : select gcre1_0.rule_id,gcre1_0.created_at,gcre1_0.enabled,gcre1_0.expires_at,gcre1_0.reason,gcre1_0.rule_type,gcre1_0.subject_type,gcre1_0.subject_value,gcre1_0.updated_at from gateway_client_rule gcre1_0 where gcre1_0.enabled
2026-05-08T17:16:14.025+08:00 DEBUG 38228 --- [uscdip-backend] [nio-8080-exec-3] org.hibernate.SQL                        : select gcre1_0.rule_id,gcre1_0.created_at,gcre1_0.enabled,gcre1_0.expires_at,gcre1_0.reason,gcre1_0.rule_type,gcre1_0.subject_type,gcre1_0.subject_value,gcre1_0.updated_at from gateway_client_rule gcre1_0 where gcre1_0.enabled
2026-05-08T17:16:14.026+08:00 DEBUG 38228 --- [uscdip-backend] [nio-8080-exec-2] o.s.web.servlet.DispatcherServlet        : GET "/api/auth/me", parameters={}
2026-05-08T17:16:14.026+08:00 DEBUG 38228 --- [uscdip-backend] [nio-8080-exec-2] s.w.s.m.m.a.RequestMappingHandlerMapping : Mapped to com.uscdip.backend.controller.AuthController#me(Authentication, HttpServletRequest)
2026-05-08T17:16:14.028+08:00 DEBUG 38228 --- [uscdip-backend] [nio-8080-exec-3] o.s.web.servlet.DispatcherServlet        : GET "/api/platforms", parameters={}
2026-05-08T17:16:14.028+08:00 DEBUG 38228 --- [uscdip-backend] [nio-8080-exec-3] s.w.s.m.m.a.RequestMappingHandlerMapping : Mapped to com.uscdip.backend.controller.BoundaryController#getPlatforms()
2026-05-08T17:16:14.029+08:00 DEBUG 38228 --- [uscdip-backend] [nio-8080-exec-9] o.s.web.servlet.DispatcherServlet        : GET "/api/menu-boundaries", parameters={}
2026-05-08T17:16:14.030+08:00 DEBUG 38228 --- [uscdip-backend] [nio-8080-exec-9] s.w.s.m.m.a.RequestMappingHandlerMapping : Mapped to com.uscdip.backend.controller.BoundaryController#getMenuBoundaries()
2026-05-08T17:16:14.032+08:00 DEBUG 38228 --- [uscdip-backend] [nio-8080-exec-3] m.m.a.RequestResponseBodyMethodProcessor : Using 'application/json', given [application/json] and supported [application/json, application/*+json]
2026-05-08T17:16:14.032+08:00 DEBUG 38228 --- [uscdip-backend] [nio-8080-exec-9] m.m.a.RequestResponseBodyMethodProcessor : Using 'application/json', given [application/json] and supported [application/json, application/*+json]
2026-05-08T17:16:14.034+08:00 DEBUG 38228 --- [uscdip-backend] [nio-8080-exec-2] o.s.w.s.m.m.a.HttpEntityMethodProcessor  : Using 'application/json', given [application/json] and supported [application/json, application/*+json]
2026-05-08T17:16:14.036+08:00 DEBUG 38228 --- [uscdip-backend] [nio-8080-exec-2] o.s.w.s.m.m.a.HttpEntityMethodProcessor  : Writing [ApiResponse[success=false, data=null, error=ApiError[code=OIDC_DISABLED, message=OIDC authentication (truncated)...]
2026-05-08T17:16:14.036+08:00 DEBUG 38228 --- [uscdip-backend] [nio-8080-exec-3] m.m.a.RequestResponseBodyMethodProcessor : Writing [ApiResponse[success=true, data=[PlatformBoundary[platformCode=PORTAL, platformName=平台选择门户, routePref (truncated)...]
2026-05-08T17:16:14.038+08:00 DEBUG 38228 --- [uscdip-backend] [nio-8080-exec-2] o.s.web.servlet.DispatcherServlet        : Completed 503 SERVICE_UNAVAILABLE
2026-05-08T17:16:14.038+08:00 DEBUG 38228 --- [uscdip-backend] [nio-8080-exec-9] m.m.a.RequestResponseBodyMethodProcessor : Writing [ApiResponse[success=true, data=BoundarySpec[version=1.0.0, source=A-01统一菜单与平台边界表-后端落地版, platforms=[P (truncated)...]
2026-05-08T17:16:14.039+08:00 DEBUG 38228 --- [uscdip-backend] [nio-8080-exec-2] org.hibernate.SQL                        : select tlee1_0.event_id,tlee1_0.actor_user_id,tlee1_0.client_ip,tlee1_0.detail,tlee1_0.event_time,tlee1_0.event_type,tlee1_0.latency_ms,tlee1_0.message_id,tlee1_0.object_id,tlee1_0.object_type,tlee1_0.parent_span_id,tlee1_0.recv_time,tlee1_0.route_path,tlee1_0.session_id,tlee1_0.source_module,tlee1_0.span_id,tlee1_0.stage,tlee1_0.status,tlee1_0.topic,tlee1_0.trace_id from trace_link_event tlee1_0 where tlee1_0.event_id=?
2026-05-08T17:16:14.040+08:00 DEBUG 38228 --- [uscdip-backend] [nio-8080-exec-3] o.s.web.servlet.DispatcherServlet        : Completed 200 OK
2026-05-08T17:16:14.041+08:00 DEBUG 38228 --- [uscdip-backend] [nio-8080-exec-2] org.hibernate.SQL                        : insert into trace_link_event (actor_user_id,client_ip,detail,event_time,event_type,latency_ms,message_id,object_id,object_type,parent_span_id,recv_time,route_path,session_id,source_module,span_id,stage,status,topic,trace_id,event_id) values (?,?,?,?,?,?,?,?,?,?,?,?,?,?,?,?,?,?,?,?)
2026-05-08T17:16:14.041+08:00 DEBUG 38228 --- [uscdip-backend] [nio-8080-exec-3] org.hibernate.SQL                        : select tlee1_0.event_id,tlee1_0.actor_user_id,tlee1_0.client_ip,tlee1_0.detail,tlee1_0.event_time,tlee1_0.event_type,tlee1_0.latency_ms,tlee1_0.message_id,tlee1_0.object_id,tlee1_0.object_type,tlee1_0.parent_span_id,tlee1_0.recv_time,tlee1_0.route_path,tlee1_0.session_id,tlee1_0.source_module,tlee1_0.span_id,tlee1_0.stage,tlee1_0.status,tlee1_0.topic,tlee1_0.trace_id from trace_link_event tlee1_0 where tlee1_0.event_id=?
2026-05-08T17:16:14.042+08:00 DEBUG 38228 --- [uscdip-backend] [nio-8080-exec-9] o.s.web.servlet.DispatcherServlet        : Completed 200 OK
2026-05-08T17:16:14.043+08:00 DEBUG 38228 --- [uscdip-backend] [nio-8080-exec-3] org.hibernate.SQL                        : insert into trace_link_event (actor_user_id,client_ip,detail,event_time,event_type,latency_ms,message_id,object_id,object_type,parent_span_id,recv_time,route_path,session_id,source_module,span_id,stage,status,topic,trace_id,event_id) values (?,?,?,?,?,?,?,?,?,?,?,?,?,?,?,?,?,?,?,?)
2026-05-08T17:16:14.043+08:00 DEBUG 38228 --- [uscdip-backend] [nio-8080-exec-9] org.hibernate.SQL                        : select tlee1_0.event_id,tlee1_0.actor_user_id,tlee1_0.client_ip,tlee1_0.detail,tlee1_0.event_time,tlee1_0.event_type,tlee1_0.latency_ms,tlee1_0.message_id,tlee1_0.object_id,tlee1_0.object_type,tlee1_0.parent_span_id,tlee1_0.recv_time,tlee1_0.route_path,tlee1_0.session_id,tlee1_0.source_module,tlee1_0.span_id,tlee1_0.stage,tlee1_0.status,tlee1_0.topic,tlee1_0.trace_id from trace_link_event tlee1_0 where tlee1_0.event_id=?
2026-05-08T17:16:14.043+08:00 DEBUG 38228 --- [uscdip-backend] [nio-8080-exec-9] org.hibernate.SQL                        : insert into trace_link_event (actor_user_id,client_ip,detail,event_time,event_type,latency_ms,message_id,object_id,object_type,parent_span_id,recv_time,route_path,session_id,source_module,span_id,stage,status,topic,trace_id,event_id) values (?,?,?,?,?,?,?,?,?,?,?,?,?,?,?,?,?,?,?,?)
2026-05-08T17:16:14.142+08:00 DEBUG 38228 --- [uscdip-backend] [nio-8080-exec-8] org.hibernate.SQL                        : select tlee1_0.event_id,tlee1_0.actor_user_id,tlee1_0.client_ip,tlee1_0.detail,tlee1_0.event_time,tlee1_0.event_type,tlee1_0.latency_ms,tlee1_0.message_id,tlee1_0.object_id,tlee1_0.object_type,tlee1_0.parent_span_id,tlee1_0.recv_time,tlee1_0.route_path,tlee1_0.session_id,tlee1_0.source_module,tlee1_0.span_id,tlee1_0.stage,tlee1_0.status,tlee1_0.topic,tlee1_0.trace_id from trace_link_event tlee1_0 where tlee1_0.event_id=?
2026-05-08T17:16:14.142+08:00 DEBUG 38228 --- [uscdip-backend] [io-8080-exec-10] org.hibernate.SQL                        : select tlee1_0.event_id,tlee1_0.actor_user_id,tlee1_0.client_ip,tlee1_0.detail,tlee1_0.event_time,tlee1_0.event_type,tlee1_0.latency_ms,tlee1_0.message_id,tlee1_0.object_id,tlee1_0.object_type,tlee1_0.parent_span_id,tlee1_0.recv_time,tlee1_0.route_path,tlee1_0.session_id,tlee1_0.source_module,tlee1_0.span_id,tlee1_0.stage,tlee1_0.status,tlee1_0.topic,tlee1_0.trace_id from trace_link_event tlee1_0 where tlee1_0.event_id=?
2026-05-08T17:16:14.143+08:00 DEBUG 38228 --- [uscdip-backend] [io-8080-exec-10] org.hibernate.SQL                        : insert into trace_link_event (actor_user_id,client_ip,detail,event_time,event_type,latency_ms,message_id,object_id,object_type,parent_span_id,recv_time,route_path,session_id,source_module,span_id,stage,status,topic,trace_id,event_id) values (?,?,?,?,?,?,?,?,?,?,?,?,?,?,?,?,?,?,?,?)
2026-05-08T17:16:14.143+08:00 DEBUG 38228 --- [uscdip-backend] [nio-8080-exec-8] org.hibernate.SQL                        : insert into trace_link_event (actor_user_id,client_ip,detail,event_time,event_type,latency_ms,message_id,object_id,object_type,parent_span_id,recv_time,route_path,session_id,source_module,span_id,stage,status,topic,trace_id,event_id) values (?,?,?,?,?,?,?,?,?,?,?,?,?,?,?,?,?,?,?,?)
2026-05-08T17:16:14.145+08:00 DEBUG 38228 --- [uscdip-backend] [io-8080-exec-10] org.hibernate.SQL                        : select grpe1_0.policy_id,grpe1_0.audit_enabled,grpe1_0.auth_required,grpe1_0.created_at,grpe1_0.enabled,grpe1_0.http_method,grpe1_0.path_pattern,grpe1_0.rate_limit_capacity,grpe1_0.rate_limit_scope,grpe1_0.rate_limit_window_seconds,grpe1_0.risk_level,grpe1_0.route_code,grpe1_0.updated_at,grpe1_0.validation_profile from gateway_route_policy grpe1_0 where grpe1_0.enabled
2026-05-08T17:16:14.145+08:00 DEBUG 38228 --- [uscdip-backend] [nio-8080-exec-8] org.hibernate.SQL                        : select grpe1_0.policy_id,grpe1_0.audit_enabled,grpe1_0.auth_required,grpe1_0.created_at,grpe1_0.enabled,grpe1_0.http_method,grpe1_0.path_pattern,grpe1_0.rate_limit_capacity,grpe1_0.rate_limit_scope,grpe1_0.rate_limit_window_seconds,grpe1_0.risk_level,grpe1_0.route_code,grpe1_0.updated_at,grpe1_0.validation_profile from gateway_route_policy grpe1_0 where grpe1_0.enabled
2026-05-08T17:16:14.150+08:00 DEBUG 38228 --- [uscdip-backend] [io-8080-exec-10] org.hibernate.SQL                        : select gcre1_0.rule_id,gcre1_0.created_at,gcre1_0.enabled,gcre1_0.expires_at,gcre1_0.reason,gcre1_0.rule_type,gcre1_0.subject_type,gcre1_0.subject_value,gcre1_0.updated_at from gateway_client_rule gcre1_0 where gcre1_0.enabled
2026-05-08T17:16:14.151+08:00 DEBUG 38228 --- [uscdip-backend] [nio-8080-exec-8] org.hibernate.SQL                        : select gcre1_0.rule_id,gcre1_0.created_at,gcre1_0.enabled,gcre1_0.expires_at,gcre1_0.reason,gcre1_0.rule_type,gcre1_0.subject_type,gcre1_0.subject_value,gcre1_0.updated_at from gateway_client_rule gcre1_0 where gcre1_0.enabled
2026-05-08T17:16:14.161+08:00 DEBUG 38228 --- [uscdip-backend] [nio-8080-exec-8] org.hibernate.SQL                        : select tlee1_0.event_id,tlee1_0.actor_user_id,tlee1_0.client_ip,tlee1_0.detail,tlee1_0.event_time,tlee1_0.event_type,tlee1_0.latency_ms,tlee1_0.message_id,tlee1_0.object_id,tlee1_0.object_type,tlee1_0.parent_span_id,tlee1_0.recv_time,tlee1_0.route_path,tlee1_0.session_id,tlee1_0.source_module,tlee1_0.span_id,tlee1_0.stage,tlee1_0.status,tlee1_0.topic,tlee1_0.trace_id from trace_link_event tlee1_0 where tlee1_0.event_id=?
2026-05-08T17:16:14.161+08:00 DEBUG 38228 --- [uscdip-backend] [io-8080-exec-10] org.hibernate.SQL                        : select tlee1_0.event_id,tlee1_0.actor_user_id,tlee1_0.client_ip,tlee1_0.detail,tlee1_0.event_time,tlee1_0.event_type,tlee1_0.latency_ms,tlee1_0.message_id,tlee1_0.object_id,tlee1_0.object_type,tlee1_0.parent_span_id,tlee1_0.recv_time,tlee1_0.route_path,tlee1_0.session_id,tlee1_0.source_module,tlee1_0.span_id,tlee1_0.stage,tlee1_0.status,tlee1_0.topic,tlee1_0.trace_id from trace_link_event tlee1_0 where tlee1_0.event_id=?
2026-05-08T17:16:14.162+08:00 DEBUG 38228 --- [uscdip-backend] [nio-8080-exec-8] org.hibernate.SQL                        : insert into trace_link_event (actor_user_id,client_ip,detail,event_time,event_type,latency_ms,message_id,object_id,object_type,parent_span_id,recv_time,route_path,session_id,source_module,span_id,stage,status,topic,trace_id,event_id) values (?,?,?,?,?,?,?,?,?,?,?,?,?,?,?,?,?,?,?,?)
2026-05-08T17:16:14.162+08:00 DEBUG 38228 --- [uscdip-backend] [io-8080-exec-10] org.hibernate.SQL                        : insert into trace_link_event (actor_user_id,client_ip,detail,event_time,event_type,latency_ms,message_id,object_id,object_type,parent_span_id,recv_time,route_path,session_id,source_module,span_id,stage,status,topic,trace_id,event_id) values (?,?,?,?,?,?,?,?,?,?,?,?,?,?,?,?,?,?,?,?)
2026-05-08T17:16:16.381+08:00 DEBUG 38228 --- [uscdip-backend] [nio-8080-exec-6] org.hibernate.SQL                        : select tlee1_0.event_id,tlee1_0.actor_user_id,tlee1_0.client_ip,tlee1_0.detail,tlee1_0.event_time,tlee1_0.event_type,tlee1_0.latency_ms,tlee1_0.message_id,tlee1_0.object_id,tlee1_0.object_type,tlee1_0.parent_span_id,tlee1_0.recv_time,tlee1_0.route_path,tlee1_0.session_id,tlee1_0.source_module,tlee1_0.span_id,tlee1_0.stage,tlee1_0.status,tlee1_0.topic,tlee1_0.trace_id from trace_link_event tlee1_0 where tlee1_0.event_id=?
2026-05-08T17:16:16.382+08:00 DEBUG 38228 --- [uscdip-backend] [nio-8080-exec-6] org.hibernate.SQL                        : insert into trace_link_event (actor_user_id,client_ip,detail,event_time,event_type,latency_ms,message_id,object_id,object_type,parent_span_id,recv_time,route_path,session_id,source_module,span_id,stage,status,topic,trace_id,event_id) values (?,?,?,?,?,?,?,?,?,?,?,?,?,?,?,?,?,?,?,?)
2026-05-08T17:16:16.384+08:00 DEBUG 38228 --- [uscdip-backend] [nio-8080-exec-6] org.hibernate.SQL                        : select grpe1_0.policy_id,grpe1_0.audit_enabled,grpe1_0.auth_required,grpe1_0.created_at,grpe1_0.enabled,grpe1_0.http_method,grpe1_0.path_pattern,grpe1_0.rate_limit_capacity,grpe1_0.rate_limit_scope,grpe1_0.rate_limit_window_seconds,grpe1_0.risk_level,grpe1_0.route_code,grpe1_0.updated_at,grpe1_0.validation_profile from gateway_route_policy grpe1_0 where grpe1_0.enabled
2026-05-08T17:16:16.389+08:00 DEBUG 38228 --- [uscdip-backend] [nio-8080-exec-6] org.hibernate.SQL                        : select gcre1_0.rule_id,gcre1_0.created_at,gcre1_0.enabled,gcre1_0.expires_at,gcre1_0.reason,gcre1_0.rule_type,gcre1_0.subject_type,gcre1_0.subject_value,gcre1_0.updated_at from gateway_client_rule gcre1_0 where gcre1_0.enabled
2026-05-08T17:16:16.391+08:00 DEBUG 38228 --- [uscdip-backend] [nio-8080-exec-6] org.hibernate.SQL                        : insert into gateway_risk_audit (auth_mode,client_ip,created_at,decision,http_method,path_pattern,reason_code,risk_level,route_code,trace_id,user_id,id) values (?,?,?,?,?,?,?,?,?,?,?,default)
2026-05-08T17:16:16.394+08:00 DEBUG 38228 --- [uscdip-backend] [nio-8080-exec-6] org.hibernate.SQL                        : select ale1_0.audit_id,ale1_0.action,ale1_0.actor_user_id,ale1_0.actor_username,ale1_0.after_snapshot,ale1_0.auth_mode,ale1_0.before_snapshot,ale1_0.client_ip,ale1_0.detail,ale1_0.emergency_account_id,ale1_0.event_category,ale1_0.event_time,ale1_0.event_type,ale1_0.http_method,ale1_0.object_id,ale1_0.object_type,ale1_0.outcome,ale1_0.request_path,ale1_0.risk_level,ale1_0.source_module,ale1_0.source_record_id,ale1_0.source_table,ale1_0.trace_id,ale1_0.user_agent from audit_log ale1_0 where ale1_0.audit_id=?
2026-05-08T17:16:16.395+08:00 DEBUG 38228 --- [uscdip-backend] [nio-8080-exec-6] org.hibernate.SQL                        : insert into audit_log (action,actor_user_id,actor_username,after_snapshot,auth_mode,before_snapshot,client_ip,detail,emergency_account_id,event_category,event_time,event_type,http_method,object_id,object_type,outcome,request_path,risk_level,source_module,source_record_id,source_table,trace_id,user_agent,audit_id) values (?,?,?,?,?,?,?,?,?,?,?,?,?,?,?,?,?,?,?,?,?,?,?,?)
2026-05-08T17:16:16.397+08:00 DEBUG 38228 --- [uscdip-backend] [nio-8080-exec-6] o.s.web.servlet.DispatcherServlet        : POST "/api/auth/emergency/login", parameters={}
2026-05-08T17:16:16.397+08:00 DEBUG 38228 --- [uscdip-backend] [nio-8080-exec-6] s.w.s.m.m.a.RequestMappingHandlerMapping : Mapped to com.uscdip.backend.controller.EmergencyAuthController#login(EmergencyLoginRequest, HttpServletRequest)
2026-05-08T17:16:16.405+08:00 DEBUG 38228 --- [uscdip-backend] [nio-8080-exec-6] m.m.a.RequestResponseBodyMethodProcessor : Read "application/json;charset=UTF-8" to [EmergencyLoginRequest[username=admin, password=Smoke#2026]]
2026-05-08T17:16:16.449+08:00 DEBUG 38228 --- [uscdip-backend] [nio-8080-exec-6] org.hibernate.SQL                        : select eae1_0.account_id,eae1_0.activated_at,eae1_0.activated_by,eae1_0.created_at,eae1_0.expires_at,eae1_0.last_login_at,eae1_0.linked_user_id,eae1_0.password_hash,eae1_0.revoke_reason,eae1_0.revoked_at,eae1_0.status,eae1_0.updated_at,eae1_0.username from emergency_account eae1_0 where upper(eae1_0.username)=upper(?)
2026-05-08T17:16:16.620+08:00 DEBUG 38228 --- [uscdip-backend] [nio-8080-exec-6] org.hibernate.SQL                        : select uae1_0.user_id,uae1_0.created_at,uae1_0.disabled_at,uae1_0.display_name,uae1_0.primary_region_id,uae1_0.status,uae1_0.token_valid_after,uae1_0.updated_at,uae1_0.username from user_account uae1_0 where uae1_0.user_id=?
2026-05-08T17:16:16.637+08:00 DEBUG 38228 --- [uscdip-backend] [nio-8080-exec-6] org.hibernate.SQL                        : select ase1_0.session_id,ase1_0.auth_mode,ase1_0.client_ip,ase1_0.created_at,ase1_0.emergency_account_id,ase1_0.revoke_reason,ase1_0.revoked_at,ase1_0.status,ase1_0.updated_at,ase1_0.user_agent,ase1_0.user_id from auth_session ase1_0 where ase1_0.session_id=?
2026-05-08T17:16:16.640+08:00 DEBUG 38228 --- [uscdip-backend] [nio-8080-exec-6] org.hibernate.SQL                        : select ase1_0.session_id,ase1_0.auth_mode,ase1_0.client_ip,ase1_0.created_at,ase1_0.emergency_account_id,ase1_0.revoke_reason,ase1_0.revoked_at,ase1_0.status,ase1_0.updated_at,ase1_0.user_agent,ase1_0.user_id from auth_session ase1_0 where ase1_0.session_id=?
2026-05-08T17:16:16.643+08:00 DEBUG 38228 --- [uscdip-backend] [nio-8080-exec-6] org.hibernate.SQL                        : select arte1_0.token_id,arte1_0.auth_mode,arte1_0.client_ip,arte1_0.created_at,arte1_0.emergency_account_id,arte1_0.expires_at,arte1_0.issued_at,arte1_0.replaced_by_token_id,arte1_0.rotated_from_token_id,arte1_0.session_id,arte1_0.status,arte1_0.token_hash,arte1_0.updated_at,arte1_0.user_agent,arte1_0.user_id from auth_refresh_token arte1_0 where arte1_0.token_id=?
2026-05-08T17:16:16.647+08:00 DEBUG 38228 --- [uscdip-backend] [nio-8080-exec-6] org.hibernate.SQL                        : select ure1_0.id,ure1_0.role_code,ure1_0.user_id from rbac_user_role ure1_0 where ure1_0.user_id=?
2026-05-08T17:16:16.650+08:00 DEBUG 38228 --- [uscdip-backend] [nio-8080-exec-6] org.hibernate.SQL                        : select rpe1_0.id,rpe1_0.permission_code,rpe1_0.role_code from rbac_role_permission rpe1_0 where rpe1_0.role_code in (?)
2026-05-08T17:16:16.653+08:00 DEBUG 38228 --- [uscdip-backend] [nio-8080-exec-6] org.hibernate.SQL                        : select udse1_0.id,udse1_0.scope_type,udse1_0.scope_value,udse1_0.user_id from user_data_scope udse1_0 where udse1_0.user_id=?
2026-05-08T17:16:16.656+08:00 DEBUG 38228 --- [uscdip-backend] [nio-8080-exec-6] org.hibernate.SQL                        : select tsre1_0.id,tsre1_0.description,tsre1_0.role_code,tsre1_0.topic_pattern from topic_scope_rule tsre1_0 where tsre1_0.role_code in (?)
2026-05-08T17:16:16.663+08:00 DEBUG 38228 --- [uscdip-backend] [nio-8080-exec-6] org.hibernate.SQL                        : insert into auth_session (auth_mode,client_ip,created_at,emergency_account_id,revoke_reason,revoked_at,status,updated_at,user_agent,user_id,session_id) values (?,?,?,?,?,?,?,?,?,?,?)
2026-05-08T17:16:16.664+08:00 DEBUG 38228 --- [uscdip-backend] [nio-8080-exec-6] org.hibernate.SQL                        : insert into auth_refresh_token (auth_mode,client_ip,created_at,emergency_account_id,expires_at,issued_at,replaced_by_token_id,rotated_from_token_id,session_id,status,token_hash,updated_at,user_agent,user_id,token_id) values (?,?,?,?,?,?,?,?,?,?,?,?,?,?,?)
2026-05-08T17:16:16.665+08:00 DEBUG 38228 --- [uscdip-backend] [nio-8080-exec-6] org.hibernate.SQL                        : insert into security_audit (auth_mode,client_ip,created_at,detail,emergency_account_id,event_type,outcome,session_id,token_id,trace_id,user_agent,user_id,id) values (?,?,?,?,?,?,?,?,?,?,?,?,default)
2026-05-08T17:16:16.668+08:00 DEBUG 38228 --- [uscdip-backend] [nio-8080-exec-6] org.hibernate.SQL                        : select ale1_0.audit_id,ale1_0.action,ale1_0.actor_user_id,ale1_0.actor_username,ale1_0.after_snapshot,ale1_0.auth_mode,ale1_0.before_snapshot,ale1_0.client_ip,ale1_0.detail,ale1_0.emergency_account_id,ale1_0.event_category,ale1_0.event_time,ale1_0.event_type,ale1_0.http_method,ale1_0.object_id,ale1_0.object_type,ale1_0.outcome,ale1_0.request_path,ale1_0.risk_level,ale1_0.source_module,ale1_0.source_record_id,ale1_0.source_table,ale1_0.trace_id,ale1_0.user_agent from audit_log ale1_0 where ale1_0.audit_id=?
2026-05-08T17:16:16.670+08:00 DEBUG 38228 --- [uscdip-backend] [nio-8080-exec-6] org.hibernate.SQL                        : insert into audit_log (action,actor_user_id,actor_username,after_snapshot,auth_mode,before_snapshot,client_ip,detail,emergency_account_id,event_category,event_time,event_type,http_method,object_id,object_type,outcome,request_path,risk_level,source_module,source_record_id,source_table,trace_id,user_agent,audit_id) values (?,?,?,?,?,?,?,?,?,?,?,?,?,?,?,?,?,?,?,?,?,?,?,?)
2026-05-08T17:16:16.671+08:00 DEBUG 38228 --- [uscdip-backend] [nio-8080-exec-6] org.hibernate.SQL                        : update emergency_account set activated_at=?,activated_by=?,created_at=?,expires_at=?,last_login_at=?,linked_user_id=?,password_hash=?,revoke_reason=?,revoked_at=?,status=?,updated_at=?,username=? where account_id=?
2026-05-08T17:16:16.672+08:00 DEBUG 38228 --- [uscdip-backend] [nio-8080-exec-6] m.m.a.RequestResponseBodyMethodProcessor : Using 'application/json', given [application/json] and supported [application/json, application/*+json]
2026-05-08T17:16:16.673+08:00 DEBUG 38228 --- [uscdip-backend] [nio-8080-exec-6] m.m.a.RequestResponseBodyMethodProcessor : Writing [ApiResponse[success=true, data=TokenPairResponse[accessToken=eyJhbGciOiJIUzI1NiIsInR5cCI6IkpXVCJ9.ey (truncated)...]
2026-05-08T17:16:16.676+08:00 DEBUG 38228 --- [uscdip-backend] [nio-8080-exec-6] o.s.web.servlet.DispatcherServlet        : Completed 200 OK
2026-05-08T17:16:16.678+08:00 DEBUG 38228 --- [uscdip-backend] [nio-8080-exec-6] org.hibernate.SQL                        : select tlee1_0.event_id,tlee1_0.actor_user_id,tlee1_0.client_ip,tlee1_0.detail,tlee1_0.event_time,tlee1_0.event_type,tlee1_0.latency_ms,tlee1_0.message_id,tlee1_0.object_id,tlee1_0.object_type,tlee1_0.parent_span_id,tlee1_0.recv_time,tlee1_0.route_path,tlee1_0.session_id,tlee1_0.source_module,tlee1_0.span_id,tlee1_0.stage,tlee1_0.status,tlee1_0.topic,tlee1_0.trace_id from trace_link_event tlee1_0 where tlee1_0.event_id=?
2026-05-08T17:16:16.679+08:00 DEBUG 38228 --- [uscdip-backend] [nio-8080-exec-6] org.hibernate.SQL                        : insert into trace_link_event (actor_user_id,client_ip,detail,event_time,event_type,latency_ms,message_id,object_id,object_type,parent_span_id,recv_time,route_path,session_id,source_module,span_id,stage,status,topic,trace_id,event_id) values (?,?,?,?,?,?,?,?,?,?,?,?,?,?,?,?,?,?,?,?)
2026-05-08T17:16:16.687+08:00 DEBUG 38228 --- [uscdip-backend] [nio-8080-exec-7] org.hibernate.SQL                        : select tlee1_0.event_id,tlee1_0.actor_user_id,tlee1_0.client_ip,tlee1_0.detail,tlee1_0.event_time,tlee1_0.event_type,tlee1_0.latency_ms,tlee1_0.message_id,tlee1_0.object_id,tlee1_0.object_type,tlee1_0.parent_span_id,tlee1_0.recv_time,tlee1_0.route_path,tlee1_0.session_id,tlee1_0.source_module,tlee1_0.span_id,tlee1_0.stage,tlee1_0.status,tlee1_0.topic,tlee1_0.trace_id from trace_link_event tlee1_0 where tlee1_0.event_id=?
2026-05-08T17:16:16.688+08:00 DEBUG 38228 --- [uscdip-backend] [nio-8080-exec-7] org.hibernate.SQL                        : insert into trace_link_event (actor_user_id,client_ip,detail,event_time,event_type,latency_ms,message_id,object_id,object_type,parent_span_id,recv_time,route_path,session_id,source_module,span_id,stage,status,topic,trace_id,event_id) values (?,?,?,?,?,?,?,?,?,?,?,?,?,?,?,?,?,?,?,?)
2026-05-08T17:16:16.696+08:00 DEBUG 38228 --- [uscdip-backend] [nio-8080-exec-7] org.hibernate.SQL                        : select uae1_0.user_id,uae1_0.created_at,uae1_0.disabled_at,uae1_0.display_name,uae1_0.primary_region_id,uae1_0.status,uae1_0.token_valid_after,uae1_0.updated_at,uae1_0.username from user_account uae1_0 where uae1_0.user_id=?
2026-05-08T17:16:16.698+08:00 DEBUG 38228 --- [uscdip-backend] [nio-8080-exec-7] org.hibernate.SQL                        : select ase1_0.session_id,ase1_0.auth_mode,ase1_0.client_ip,ase1_0.created_at,ase1_0.emergency_account_id,ase1_0.revoke_reason,ase1_0.revoked_at,ase1_0.status,ase1_0.updated_at,ase1_0.user_agent,ase1_0.user_id from auth_session ase1_0 where ase1_0.session_id=?
2026-05-08T17:16:16.700+08:00 DEBUG 38228 --- [uscdip-backend] [nio-8080-exec-7] org.hibernate.SQL                        : select eae1_0.account_id,eae1_0.activated_at,eae1_0.activated_by,eae1_0.created_at,eae1_0.expires_at,eae1_0.last_login_at,eae1_0.linked_user_id,eae1_0.password_hash,eae1_0.revoke_reason,eae1_0.revoked_at,eae1_0.status,eae1_0.updated_at,eae1_0.username from emergency_account eae1_0 where eae1_0.account_id=?
2026-05-08T17:16:16.703+08:00 DEBUG 38228 --- [uscdip-backend] [nio-8080-exec-7] org.hibernate.SQL                        : select grpe1_0.policy_id,grpe1_0.audit_enabled,grpe1_0.auth_required,grpe1_0.created_at,grpe1_0.enabled,grpe1_0.http_method,grpe1_0.path_pattern,grpe1_0.rate_limit_capacity,grpe1_0.rate_limit_scope,grpe1_0.rate_limit_window_seconds,grpe1_0.risk_level,grpe1_0.route_code,grpe1_0.updated_at,grpe1_0.validation_profile from gateway_route_policy grpe1_0 where grpe1_0.enabled
2026-05-08T17:16:16.706+08:00 DEBUG 38228 --- [uscdip-backend] [nio-8080-exec-7] org.hibernate.SQL                        : select gcre1_0.rule_id,gcre1_0.created_at,gcre1_0.enabled,gcre1_0.expires_at,gcre1_0.reason,gcre1_0.rule_type,gcre1_0.subject_type,gcre1_0.subject_value,gcre1_0.updated_at from gateway_client_rule gcre1_0 where gcre1_0.enabled
2026-05-08T17:16:16.708+08:00 DEBUG 38228 --- [uscdip-backend] [nio-8080-exec-7] o.s.web.servlet.DispatcherServlet        : GET "/api/auth/me", parameters={}
2026-05-08T17:16:16.708+08:00 DEBUG 38228 --- [uscdip-backend] [nio-8080-exec-7] s.w.s.m.m.a.RequestMappingHandlerMapping : Mapped to com.uscdip.backend.controller.AuthController#me(Authentication, HttpServletRequest)
2026-05-08T17:16:16.709+08:00 DEBUG 38228 --- [uscdip-backend] [nio-8080-exec-7] org.hibernate.SQL                        : select uae1_0.user_id,uae1_0.created_at,uae1_0.disabled_at,uae1_0.display_name,uae1_0.primary_region_id,uae1_0.status,uae1_0.token_valid_after,uae1_0.updated_at,uae1_0.username from user_account uae1_0 where uae1_0.user_id=?
2026-05-08T17:16:16.711+08:00 DEBUG 38228 --- [uscdip-backend] [nio-8080-exec-7] org.hibernate.SQL                        : select ure1_0.id,ure1_0.role_code,ure1_0.user_id from rbac_user_role ure1_0 where ure1_0.user_id=?
2026-05-08T17:16:16.713+08:00 DEBUG 38228 --- [uscdip-backend] [nio-8080-exec-7] org.hibernate.SQL                        : select rpe1_0.id,rpe1_0.permission_code,rpe1_0.role_code from rbac_role_permission rpe1_0 where rpe1_0.role_code in (?)
2026-05-08T17:16:16.714+08:00 DEBUG 38228 --- [uscdip-backend] [nio-8080-exec-7] org.hibernate.SQL                        : select udse1_0.id,udse1_0.scope_type,udse1_0.scope_value,udse1_0.user_id from user_data_scope udse1_0 where udse1_0.user_id=?
2026-05-08T17:16:16.716+08:00 DEBUG 38228 --- [uscdip-backend] [nio-8080-exec-7] org.hibernate.SQL                        : select tsre1_0.id,tsre1_0.description,tsre1_0.role_code,tsre1_0.topic_pattern from topic_scope_rule tsre1_0 where tsre1_0.role_code in (?)
2026-05-08T17:16:16.719+08:00 DEBUG 38228 --- [uscdip-backend] [nio-8080-exec-7] o.s.w.s.m.m.a.HttpEntityMethodProcessor  : Using 'application/json', given [application/json] and supported [application/json, application/*+json]
2026-05-08T17:16:16.719+08:00 DEBUG 38228 --- [uscdip-backend] [nio-8080-exec-7] o.s.w.s.m.m.a.HttpEntityMethodProcessor  : Writing [ApiResponse[success=true, data={userId=U-ADMIN-001, authenticationType=UsernamePasswordAuthenticatio (truncated)...]
2026-05-08T17:16:16.721+08:00 DEBUG 38228 --- [uscdip-backend] [nio-8080-exec-7] o.s.web.servlet.DispatcherServlet        : Completed 200 OK
2026-05-08T17:16:16.726+08:00 DEBUG 38228 --- [uscdip-backend] [nio-8080-exec-7] org.hibernate.SQL                        : select tlee1_0.event_id,tlee1_0.actor_user_id,tlee1_0.client_ip,tlee1_0.detail,tlee1_0.event_time,tlee1_0.event_type,tlee1_0.latency_ms,tlee1_0.message_id,tlee1_0.object_id,tlee1_0.object_type,tlee1_0.parent_span_id,tlee1_0.recv_time,tlee1_0.route_path,tlee1_0.session_id,tlee1_0.source_module,tlee1_0.span_id,tlee1_0.stage,tlee1_0.status,tlee1_0.topic,tlee1_0.trace_id from trace_link_event tlee1_0 where tlee1_0.event_id=?
2026-05-08T17:16:16.728+08:00 DEBUG 38228 --- [uscdip-backend] [nio-8080-exec-7] org.hibernate.SQL                        : insert into trace_link_event (actor_user_id,client_ip,detail,event_time,event_type,latency_ms,message_id,object_id,object_type,parent_span_id,recv_time,route_path,session_id,source_module,span_id,stage,status,topic,trace_id,event_id) values (?,?,?,?,?,?,?,?,?,?,?,?,?,?,?,?,?,?,?,?)
2026-05-08T17:16:17.052+08:00 DEBUG 38228 --- [uscdip-backend] [nio-8080-exec-1] org.hibernate.SQL                        : select tlee1_0.event_id,tlee1_0.actor_user_id,tlee1_0.client_ip,tlee1_0.detail,tlee1_0.event_time,tlee1_0.event_type,tlee1_0.latency_ms,tlee1_0.message_id,tlee1_0.object_id,tlee1_0.object_type,tlee1_0.parent_span_id,tlee1_0.recv_time,tlee1_0.route_path,tlee1_0.session_id,tlee1_0.source_module,tlee1_0.span_id,tlee1_0.stage,tlee1_0.status,tlee1_0.topic,tlee1_0.trace_id from trace_link_event tlee1_0 where tlee1_0.event_id=?
2026-05-08T17:16:17.052+08:00 DEBUG 38228 --- [uscdip-backend] [nio-8080-exec-4] org.hibernate.SQL                        : select tlee1_0.event_id,tlee1_0.actor_user_id,tlee1_0.client_ip,tlee1_0.detail,tlee1_0.event_time,tlee1_0.event_type,tlee1_0.latency_ms,tlee1_0.message_id,tlee1_0.object_id,tlee1_0.object_type,tlee1_0.parent_span_id,tlee1_0.recv_time,tlee1_0.route_path,tlee1_0.session_id,tlee1_0.source_module,tlee1_0.span_id,tlee1_0.stage,tlee1_0.status,tlee1_0.topic,tlee1_0.trace_id from trace_link_event tlee1_0 where tlee1_0.event_id=?
2026-05-08T17:16:17.053+08:00 DEBUG 38228 --- [uscdip-backend] [nio-8080-exec-4] org.hibernate.SQL                        : insert into trace_link_event (actor_user_id,client_ip,detail,event_time,event_type,latency_ms,message_id,object_id,object_type,parent_span_id,recv_time,route_path,session_id,source_module,span_id,stage,status,topic,trace_id,event_id) values (?,?,?,?,?,?,?,?,?,?,?,?,?,?,?,?,?,?,?,?)
2026-05-08T17:16:17.053+08:00 DEBUG 38228 --- [uscdip-backend] [nio-8080-exec-1] org.hibernate.SQL                        : insert into trace_link_event (actor_user_id,client_ip,detail,event_time,event_type,latency_ms,message_id,object_id,object_type,parent_span_id,recv_time,route_path,session_id,source_module,span_id,stage,status,topic,trace_id,event_id) values (?,?,?,?,?,?,?,?,?,?,?,?,?,?,?,?,?,?,?,?)
2026-05-08T17:16:17.055+08:00 DEBUG 38228 --- [uscdip-backend] [nio-8080-exec-4] org.hibernate.SQL                        : select uae1_0.user_id,uae1_0.created_at,uae1_0.disabled_at,uae1_0.display_name,uae1_0.primary_region_id,uae1_0.status,uae1_0.token_valid_after,uae1_0.updated_at,uae1_0.username from user_account uae1_0 where uae1_0.user_id=?
2026-05-08T17:16:17.055+08:00 DEBUG 38228 --- [uscdip-backend] [nio-8080-exec-5] org.hibernate.SQL                        : select tlee1_0.event_id,tlee1_0.actor_user_id,tlee1_0.client_ip,tlee1_0.detail,tlee1_0.event_time,tlee1_0.event_type,tlee1_0.latency_ms,tlee1_0.message_id,tlee1_0.object_id,tlee1_0.object_type,tlee1_0.parent_span_id,tlee1_0.recv_time,tlee1_0.route_path,tlee1_0.session_id,tlee1_0.source_module,tlee1_0.span_id,tlee1_0.stage,tlee1_0.status,tlee1_0.topic,tlee1_0.trace_id from trace_link_event tlee1_0 where tlee1_0.event_id=?
2026-05-08T17:16:17.056+08:00 DEBUG 38228 --- [uscdip-backend] [nio-8080-exec-4] org.hibernate.SQL                        : select ase1_0.session_id,ase1_0.auth_mode,ase1_0.client_ip,ase1_0.created_at,ase1_0.emergency_account_id,ase1_0.revoke_reason,ase1_0.revoked_at,ase1_0.status,ase1_0.updated_at,ase1_0.user_agent,ase1_0.user_id from auth_session ase1_0 where ase1_0.session_id=?
2026-05-08T17:16:17.056+08:00 DEBUG 38228 --- [uscdip-backend] [nio-8080-exec-5] org.hibernate.SQL                        : insert into trace_link_event (actor_user_id,client_ip,detail,event_time,event_type,latency_ms,message_id,object_id,object_type,parent_span_id,recv_time,route_path,session_id,source_module,span_id,stage,status,topic,trace_id,event_id) values (?,?,?,?,?,?,?,?,?,?,?,?,?,?,?,?,?,?,?,?)
2026-05-08T17:16:17.058+08:00 DEBUG 38228 --- [uscdip-backend] [nio-8080-exec-4] org.hibernate.SQL                        : select eae1_0.account_id,eae1_0.activated_at,eae1_0.activated_by,eae1_0.created_at,eae1_0.expires_at,eae1_0.last_login_at,eae1_0.linked_user_id,eae1_0.password_hash,eae1_0.revoke_reason,eae1_0.revoked_at,eae1_0.status,eae1_0.updated_at,eae1_0.username from emergency_account eae1_0 where eae1_0.account_id=?
2026-05-08T17:16:17.058+08:00 DEBUG 38228 --- [uscdip-backend] [nio-8080-exec-5] org.hibernate.SQL                        : select uae1_0.user_id,uae1_0.created_at,uae1_0.disabled_at,uae1_0.display_name,uae1_0.primary_region_id,uae1_0.status,uae1_0.token_valid_after,uae1_0.updated_at,uae1_0.username from user_account uae1_0 where uae1_0.user_id=?
2026-05-08T17:16:17.059+08:00 DEBUG 38228 --- [uscdip-backend] [nio-8080-exec-5] org.hibernate.SQL                        : select ase1_0.session_id,ase1_0.auth_mode,ase1_0.client_ip,ase1_0.created_at,ase1_0.emergency_account_id,ase1_0.revoke_reason,ase1_0.revoked_at,ase1_0.status,ase1_0.updated_at,ase1_0.user_agent,ase1_0.user_id from auth_session ase1_0 where ase1_0.session_id=?
2026-05-08T17:16:17.060+08:00 DEBUG 38228 --- [uscdip-backend] [nio-8080-exec-4] org.hibernate.SQL                        : select grpe1_0.policy_id,grpe1_0.audit_enabled,grpe1_0.auth_required,grpe1_0.created_at,grpe1_0.enabled,grpe1_0.http_method,grpe1_0.path_pattern,grpe1_0.rate_limit_capacity,grpe1_0.rate_limit_scope,grpe1_0.rate_limit_window_seconds,grpe1_0.risk_level,grpe1_0.route_code,grpe1_0.updated_at,grpe1_0.validation_profile from gateway_route_policy grpe1_0 where grpe1_0.enabled
2026-05-08T17:16:17.060+08:00 DEBUG 38228 --- [uscdip-backend] [nio-8080-exec-1] org.hibernate.SQL                        : select uae1_0.user_id,uae1_0.created_at,uae1_0.disabled_at,uae1_0.display_name,uae1_0.primary_region_id,uae1_0.status,uae1_0.token_valid_after,uae1_0.updated_at,uae1_0.username from user_account uae1_0 where uae1_0.user_id=?
2026-05-08T17:16:17.060+08:00 DEBUG 38228 --- [uscdip-backend] [nio-8080-exec-5] org.hibernate.SQL                        : select eae1_0.account_id,eae1_0.activated_at,eae1_0.activated_by,eae1_0.created_at,eae1_0.expires_at,eae1_0.last_login_at,eae1_0.linked_user_id,eae1_0.password_hash,eae1_0.revoke_reason,eae1_0.revoked_at,eae1_0.status,eae1_0.updated_at,eae1_0.username from emergency_account eae1_0 where eae1_0.account_id=?
2026-05-08T17:16:17.062+08:00 DEBUG 38228 --- [uscdip-backend] [nio-8080-exec-4] org.hibernate.SQL                        : select gcre1_0.rule_id,gcre1_0.created_at,gcre1_0.enabled,gcre1_0.expires_at,gcre1_0.reason,gcre1_0.rule_type,gcre1_0.subject_type,gcre1_0.subject_value,gcre1_0.updated_at from gateway_client_rule gcre1_0 where gcre1_0.enabled
2026-05-08T17:16:17.063+08:00 DEBUG 38228 --- [uscdip-backend] [nio-8080-exec-1] org.hibernate.SQL                        : select ase1_0.session_id,ase1_0.auth_mode,ase1_0.client_ip,ase1_0.created_at,ase1_0.emergency_account_id,ase1_0.revoke_reason,ase1_0.revoked_at,ase1_0.status,ase1_0.updated_at,ase1_0.user_agent,ase1_0.user_id from auth_session ase1_0 where ase1_0.session_id=?
2026-05-08T17:16:17.064+08:00 DEBUG 38228 --- [uscdip-backend] [nio-8080-exec-4] o.s.web.servlet.DispatcherServlet        : GET "/api/menu-boundaries", parameters={}
2026-05-08T17:16:17.064+08:00 DEBUG 38228 --- [uscdip-backend] [nio-8080-exec-4] s.w.s.m.m.a.RequestMappingHandlerMapping : Mapped to com.uscdip.backend.controller.BoundaryController#getMenuBoundaries()
2026-05-08T17:16:17.065+08:00 DEBUG 38228 --- [uscdip-backend] [nio-8080-exec-1] org.hibernate.SQL                        : select eae1_0.account_id,eae1_0.activated_at,eae1_0.activated_by,eae1_0.created_at,eae1_0.expires_at,eae1_0.last_login_at,eae1_0.linked_user_id,eae1_0.password_hash,eae1_0.revoke_reason,eae1_0.revoked_at,eae1_0.status,eae1_0.updated_at,eae1_0.username from emergency_account eae1_0 where eae1_0.account_id=?
2026-05-08T17:16:17.065+08:00 DEBUG 38228 --- [uscdip-backend] [nio-8080-exec-4] m.m.a.RequestResponseBodyMethodProcessor : Using 'application/json', given [application/json] and supported [application/json, application/*+json]
2026-05-08T17:16:17.064+08:00 DEBUG 38228 --- [uscdip-backend] [nio-8080-exec-5] org.hibernate.SQL                        : select grpe1_0.policy_id,grpe1_0.audit_enabled,grpe1_0.auth_required,grpe1_0.created_at,grpe1_0.enabled,grpe1_0.http_method,grpe1_0.path_pattern,grpe1_0.rate_limit_capacity,grpe1_0.rate_limit_scope,grpe1_0.rate_limit_window_seconds,grpe1_0.risk_level,grpe1_0.route_code,grpe1_0.updated_at,grpe1_0.validation_profile from gateway_route_policy grpe1_0 where grpe1_0.enabled
2026-05-08T17:16:17.066+08:00 DEBUG 38228 --- [uscdip-backend] [nio-8080-exec-4] m.m.a.RequestResponseBodyMethodProcessor : Writing [ApiResponse[success=true, data=BoundarySpec[version=1.0.0, source=A-01统一菜单与平台边界表-后端落地版, platforms=[P (truncated)...]
2026-05-08T17:16:17.067+08:00 DEBUG 38228 --- [uscdip-backend] [nio-8080-exec-4] o.s.web.servlet.DispatcherServlet        : Completed 200 OK
2026-05-08T17:16:17.067+08:00 DEBUG 38228 --- [uscdip-backend] [nio-8080-exec-5] org.hibernate.SQL                        : select gcre1_0.rule_id,gcre1_0.created_at,gcre1_0.enabled,gcre1_0.expires_at,gcre1_0.reason,gcre1_0.rule_type,gcre1_0.subject_type,gcre1_0.subject_value,gcre1_0.updated_at from gateway_client_rule gcre1_0 where gcre1_0.enabled
2026-05-08T17:16:17.067+08:00 DEBUG 38228 --- [uscdip-backend] [nio-8080-exec-4] org.hibernate.SQL                        : select tlee1_0.event_id,tlee1_0.actor_user_id,tlee1_0.client_ip,tlee1_0.detail,tlee1_0.event_time,tlee1_0.event_type,tlee1_0.latency_ms,tlee1_0.message_id,tlee1_0.object_id,tlee1_0.object_type,tlee1_0.parent_span_id,tlee1_0.recv_time,tlee1_0.route_path,tlee1_0.session_id,tlee1_0.source_module,tlee1_0.span_id,tlee1_0.stage,tlee1_0.status,tlee1_0.topic,tlee1_0.trace_id from trace_link_event tlee1_0 where tlee1_0.event_id=?
2026-05-08T17:16:17.068+08:00 DEBUG 38228 --- [uscdip-backend] [nio-8080-exec-5] o.s.web.servlet.DispatcherServlet        : GET "/api/platforms", parameters={}
2026-05-08T17:16:17.069+08:00 DEBUG 38228 --- [uscdip-backend] [nio-8080-exec-5] s.w.s.m.m.a.RequestMappingHandlerMapping : Mapped to com.uscdip.backend.controller.BoundaryController#getPlatforms()
2026-05-08T17:16:17.067+08:00 DEBUG 38228 --- [uscdip-backend] [nio-8080-exec-1] org.hibernate.SQL                        : select grpe1_0.policy_id,grpe1_0.audit_enabled,grpe1_0.auth_required,grpe1_0.created_at,grpe1_0.enabled,grpe1_0.http_method,grpe1_0.path_pattern,grpe1_0.rate_limit_capacity,grpe1_0.rate_limit_scope,grpe1_0.rate_limit_window_seconds,grpe1_0.risk_level,grpe1_0.route_code,grpe1_0.updated_at,grpe1_0.validation_profile from gateway_route_policy grpe1_0 where grpe1_0.enabled
2026-05-08T17:16:17.068+08:00 DEBUG 38228 --- [uscdip-backend] [nio-8080-exec-4] org.hibernate.SQL                        : insert into trace_link_event (actor_user_id,client_ip,detail,event_time,event_type,latency_ms,message_id,object_id,object_type,parent_span_id,recv_time,route_path,session_id,source_module,span_id,stage,status,topic,trace_id,event_id) values (?,?,?,?,?,?,?,?,?,?,?,?,?,?,?,?,?,?,?,?)
2026-05-08T17:16:17.070+08:00 DEBUG 38228 --- [uscdip-backend] [nio-8080-exec-5] m.m.a.RequestResponseBodyMethodProcessor : Using 'application/json', given [application/json] and supported [application/json, application/*+json]
2026-05-08T17:16:17.070+08:00 DEBUG 38228 --- [uscdip-backend] [nio-8080-exec-5] m.m.a.RequestResponseBodyMethodProcessor : Writing [ApiResponse[success=true, data=[PlatformBoundary[platformCode=PORTAL, platformName=平台选择门户, routePref (truncated)...]
2026-05-08T17:16:17.071+08:00 DEBUG 38228 --- [uscdip-backend] [nio-8080-exec-1] org.hibernate.SQL                        : select gcre1_0.rule_id,gcre1_0.created_at,gcre1_0.enabled,gcre1_0.expires_at,gcre1_0.reason,gcre1_0.rule_type,gcre1_0.subject_type,gcre1_0.subject_value,gcre1_0.updated_at from gateway_client_rule gcre1_0 where gcre1_0.enabled
2026-05-08T17:16:17.073+08:00 DEBUG 38228 --- [uscdip-backend] [nio-8080-exec-1] o.s.web.servlet.DispatcherServlet        : GET "/api/auth/me", parameters={}
2026-05-08T17:16:17.073+08:00 DEBUG 38228 --- [uscdip-backend] [nio-8080-exec-5] o.s.web.servlet.DispatcherServlet        : Completed 200 OK
2026-05-08T17:16:17.073+08:00 DEBUG 38228 --- [uscdip-backend] [nio-8080-exec-1] s.w.s.m.m.a.RequestMappingHandlerMapping : Mapped to com.uscdip.backend.controller.AuthController#me(Authentication, HttpServletRequest)
2026-05-08T17:16:17.073+08:00 DEBUG 38228 --- [uscdip-backend] [nio-8080-exec-5] org.hibernate.SQL                        : select tlee1_0.event_id,tlee1_0.actor_user_id,tlee1_0.client_ip,tlee1_0.detail,tlee1_0.event_time,tlee1_0.event_type,tlee1_0.latency_ms,tlee1_0.message_id,tlee1_0.object_id,tlee1_0.object_type,tlee1_0.parent_span_id,tlee1_0.recv_time,tlee1_0.route_path,tlee1_0.session_id,tlee1_0.source_module,tlee1_0.span_id,tlee1_0.stage,tlee1_0.status,tlee1_0.topic,tlee1_0.trace_id from trace_link_event tlee1_0 where tlee1_0.event_id=?
2026-05-08T17:16:17.074+08:00 DEBUG 38228 --- [uscdip-backend] [nio-8080-exec-1] org.hibernate.SQL                        : select uae1_0.user_id,uae1_0.created_at,uae1_0.disabled_at,uae1_0.display_name,uae1_0.primary_region_id,uae1_0.status,uae1_0.token_valid_after,uae1_0.updated_at,uae1_0.username from user_account uae1_0 where uae1_0.user_id=?
2026-05-08T17:16:17.074+08:00 DEBUG 38228 --- [uscdip-backend] [nio-8080-exec-5] org.hibernate.SQL                        : insert into trace_link_event (actor_user_id,client_ip,detail,event_time,event_type,latency_ms,message_id,object_id,object_type,parent_span_id,recv_time,route_path,session_id,source_module,span_id,stage,status,topic,trace_id,event_id) values (?,?,?,?,?,?,?,?,?,?,?,?,?,?,?,?,?,?,?,?)
2026-05-08T17:16:17.076+08:00 DEBUG 38228 --- [uscdip-backend] [nio-8080-exec-1] org.hibernate.SQL                        : select ure1_0.id,ure1_0.role_code,ure1_0.user_id from rbac_user_role ure1_0 where ure1_0.user_id=?
2026-05-08T17:16:17.078+08:00 DEBUG 38228 --- [uscdip-backend] [nio-8080-exec-1] org.hibernate.SQL                        : select rpe1_0.id,rpe1_0.permission_code,rpe1_0.role_code from rbac_role_permission rpe1_0 where rpe1_0.role_code in (?)
2026-05-08T17:16:17.079+08:00 DEBUG 38228 --- [uscdip-backend] [nio-8080-exec-1] org.hibernate.SQL                        : select udse1_0.id,udse1_0.scope_type,udse1_0.scope_value,udse1_0.user_id from user_data_scope udse1_0 where udse1_0.user_id=?
2026-05-08T17:16:17.084+08:00 DEBUG 38228 --- [uscdip-backend] [nio-8080-exec-1] org.hibernate.SQL                        : select tsre1_0.id,tsre1_0.description,tsre1_0.role_code,tsre1_0.topic_pattern from topic_scope_rule tsre1_0 where tsre1_0.role_code in (?)
2026-05-08T17:16:17.088+08:00 DEBUG 38228 --- [uscdip-backend] [nio-8080-exec-1] o.s.w.s.m.m.a.HttpEntityMethodProcessor  : Using 'application/json', given [application/json] and supported [application/json, application/*+json]
2026-05-08T17:16:17.089+08:00 DEBUG 38228 --- [uscdip-backend] [nio-8080-exec-1] o.s.w.s.m.m.a.HttpEntityMethodProcessor  : Writing [ApiResponse[success=true, data={userId=U-ADMIN-001, authenticationType=UsernamePasswordAuthenticatio (truncated)...]
2026-05-08T17:16:17.091+08:00 DEBUG 38228 --- [uscdip-backend] [nio-8080-exec-1] o.s.web.servlet.DispatcherServlet        : Completed 200 OK
2026-05-08T17:16:17.095+08:00 DEBUG 38228 --- [uscdip-backend] [nio-8080-exec-1] org.hibernate.SQL                        : select tlee1_0.event_id,tlee1_0.actor_user_id,tlee1_0.client_ip,tlee1_0.detail,tlee1_0.event_time,tlee1_0.event_type,tlee1_0.latency_ms,tlee1_0.message_id,tlee1_0.object_id,tlee1_0.object_type,tlee1_0.parent_span_id,tlee1_0.recv_time,tlee1_0.route_path,tlee1_0.session_id,tlee1_0.source_module,tlee1_0.span_id,tlee1_0.stage,tlee1_0.status,tlee1_0.topic,tlee1_0.trace_id from trace_link_event tlee1_0 where tlee1_0.event_id=?
2026-05-08T17:16:17.097+08:00 DEBUG 38228 --- [uscdip-backend] [nio-8080-exec-1] org.hibernate.SQL                        : insert into trace_link_event (actor_user_id,client_ip,detail,event_time,event_type,latency_ms,message_id,object_id,object_type,parent_span_id,recv_time,route_path,session_id,source_module,span_id,stage,status,topic,trace_id,event_id) values (?,?,?,?,?,?,?,?,?,?,?,?,?,?,?,?,?,?,?,?)
2026-05-08T17:16:17.244+08:00 DEBUG 38228 --- [uscdip-backend] [nio-8080-exec-2] org.hibernate.SQL                        : select tlee1_0.event_id,tlee1_0.actor_user_id,tlee1_0.client_ip,tlee1_0.detail,tlee1_0.event_time,tlee1_0.event_type,tlee1_0.latency_ms,tlee1_0.message_id,tlee1_0.object_id,tlee1_0.object_type,tlee1_0.parent_span_id,tlee1_0.recv_time,tlee1_0.route_path,tlee1_0.session_id,tlee1_0.source_module,tlee1_0.span_id,tlee1_0.stage,tlee1_0.status,tlee1_0.topic,tlee1_0.trace_id from trace_link_event tlee1_0 where tlee1_0.event_id=?
2026-05-08T17:16:17.244+08:00 DEBUG 38228 --- [uscdip-backend] [nio-8080-exec-2] org.hibernate.SQL                        : insert into trace_link_event (actor_user_id,client_ip,detail,event_time,event_type,latency_ms,message_id,object_id,object_type,parent_span_id,recv_time,route_path,session_id,source_module,span_id,stage,status,topic,trace_id,event_id) values (?,?,?,?,?,?,?,?,?,?,?,?,?,?,?,?,?,?,?,?)
2026-05-08T17:16:17.246+08:00 DEBUG 38228 --- [uscdip-backend] [nio-8080-exec-2] org.hibernate.SQL                        : select uae1_0.user_id,uae1_0.created_at,uae1_0.disabled_at,uae1_0.display_name,uae1_0.primary_region_id,uae1_0.status,uae1_0.token_valid_after,uae1_0.updated_at,uae1_0.username from user_account uae1_0 where uae1_0.user_id=?
2026-05-08T17:16:17.246+08:00 DEBUG 38228 --- [uscdip-backend] [nio-8080-exec-2] org.hibernate.SQL                        : select ase1_0.session_id,ase1_0.auth_mode,ase1_0.client_ip,ase1_0.created_at,ase1_0.emergency_account_id,ase1_0.revoke_reason,ase1_0.revoked_at,ase1_0.status,ase1_0.updated_at,ase1_0.user_agent,ase1_0.user_id from auth_session ase1_0 where ase1_0.session_id=?
2026-05-08T17:16:17.246+08:00 DEBUG 38228 --- [uscdip-backend] [nio-8080-exec-2] org.hibernate.SQL                        : select eae1_0.account_id,eae1_0.activated_at,eae1_0.activated_by,eae1_0.created_at,eae1_0.expires_at,eae1_0.last_login_at,eae1_0.linked_user_id,eae1_0.password_hash,eae1_0.revoke_reason,eae1_0.revoked_at,eae1_0.status,eae1_0.updated_at,eae1_0.username from emergency_account eae1_0 where eae1_0.account_id=?
2026-05-08T17:16:17.249+08:00 DEBUG 38228 --- [uscdip-backend] [nio-8080-exec-2] org.hibernate.SQL                        : select grpe1_0.policy_id,grpe1_0.audit_enabled,grpe1_0.auth_required,grpe1_0.created_at,grpe1_0.enabled,grpe1_0.http_method,grpe1_0.path_pattern,grpe1_0.rate_limit_capacity,grpe1_0.rate_limit_scope,grpe1_0.rate_limit_window_seconds,grpe1_0.risk_level,grpe1_0.route_code,grpe1_0.updated_at,grpe1_0.validation_profile from gateway_route_policy grpe1_0 where grpe1_0.enabled
2026-05-08T17:16:17.250+08:00 DEBUG 38228 --- [uscdip-backend] [nio-8080-exec-2] org.hibernate.SQL                        : select gcre1_0.rule_id,gcre1_0.created_at,gcre1_0.enabled,gcre1_0.expires_at,gcre1_0.reason,gcre1_0.rule_type,gcre1_0.subject_type,gcre1_0.subject_value,gcre1_0.updated_at from gateway_client_rule gcre1_0 where gcre1_0.enabled
2026-05-08T17:16:17.251+08:00 DEBUG 38228 --- [uscdip-backend] [nio-8080-exec-2] o.s.web.servlet.DispatcherServlet        : POST "/api/ingest/metrics", parameters={}
2026-05-08T17:16:17.252+08:00 DEBUG 38228 --- [uscdip-backend] [nio-8080-exec-2] s.w.s.m.m.a.RequestMappingHandlerMapping : Mapped to com.uscdip.backend.controller.UnifiedIngestController#ingestMetrics(Authentication, UnifiedIngestBatchRequest)
2026-05-08T17:16:17.267+08:00 DEBUG 38228 --- [uscdip-backend] [nio-8080-exec-2] m.m.a.RequestResponseBodyMethodProcessor : Read "application/json;charset=UTF-8" to [UnifiedIngestBatchRequest[protocolType=MQTT, sourceType=EDGE_GATEWAY, sourceKey=EDGE-SMOKE-CHROME, t (truncated)...]
2026-05-08T17:16:17.292+08:00 DEBUG 38228 --- [uscdip-backend] [nio-8080-exec-2] org.hibernate.SQL                        : select uae1_0.user_id,uae1_0.created_at,uae1_0.disabled_at,uae1_0.display_name,uae1_0.primary_region_id,uae1_0.status,uae1_0.token_valid_after,uae1_0.updated_at,uae1_0.username from user_account uae1_0 where uae1_0.user_id=?
2026-05-08T17:16:17.294+08:00 DEBUG 38228 --- [uscdip-backend] [nio-8080-exec-2] org.hibernate.SQL                        : select ure1_0.id,ure1_0.role_code,ure1_0.user_id from rbac_user_role ure1_0 where ure1_0.user_id=?
2026-05-08T17:16:17.295+08:00 DEBUG 38228 --- [uscdip-backend] [nio-8080-exec-2] org.hibernate.SQL                        : select rpe1_0.id,rpe1_0.permission_code,rpe1_0.role_code from rbac_role_permission rpe1_0 where rpe1_0.role_code in (?)
2026-05-08T17:16:17.297+08:00 DEBUG 38228 --- [uscdip-backend] [nio-8080-exec-3] org.hibernate.SQL                        : select tlee1_0.event_id,tlee1_0.actor_user_id,tlee1_0.client_ip,tlee1_0.detail,tlee1_0.event_time,tlee1_0.event_type,tlee1_0.latency_ms,tlee1_0.message_id,tlee1_0.object_id,tlee1_0.object_type,tlee1_0.parent_span_id,tlee1_0.recv_time,tlee1_0.route_path,tlee1_0.session_id,tlee1_0.source_module,tlee1_0.span_id,tlee1_0.stage,tlee1_0.status,tlee1_0.topic,tlee1_0.trace_id from trace_link_event tlee1_0 where tlee1_0.event_id=?
2026-05-08T17:16:17.297+08:00 DEBUG 38228 --- [uscdip-backend] [nio-8080-exec-2] org.hibernate.SQL                        : select udse1_0.id,udse1_0.scope_type,udse1_0.scope_value,udse1_0.user_id from user_data_scope udse1_0 where udse1_0.user_id=?
2026-05-08T17:16:17.298+08:00 DEBUG 38228 --- [uscdip-backend] [nio-8080-exec-3] org.hibernate.SQL                        : insert into trace_link_event (actor_user_id,client_ip,detail,event_time,event_type,latency_ms,message_id,object_id,object_type,parent_span_id,recv_time,route_path,session_id,source_module,span_id,stage,status,topic,trace_id,event_id) values (?,?,?,?,?,?,?,?,?,?,?,?,?,?,?,?,?,?,?,?)
2026-05-08T17:16:17.298+08:00 DEBUG 38228 --- [uscdip-backend] [nio-8080-exec-2] org.hibernate.SQL                        : select tsre1_0.id,tsre1_0.description,tsre1_0.role_code,tsre1_0.topic_pattern from topic_scope_rule tsre1_0 where tsre1_0.role_code in (?)
2026-05-08T17:16:17.298+08:00 DEBUG 38228 --- [uscdip-backend] [nio-8080-exec-3] org.hibernate.SQL                        : select uae1_0.user_id,uae1_0.created_at,uae1_0.disabled_at,uae1_0.display_name,uae1_0.primary_region_id,uae1_0.status,uae1_0.token_valid_after,uae1_0.updated_at,uae1_0.username from user_account uae1_0 where uae1_0.user_id=?
2026-05-08T17:16:17.299+08:00 DEBUG 38228 --- [uscdip-backend] [nio-8080-exec-3] org.hibernate.SQL                        : select ase1_0.session_id,ase1_0.auth_mode,ase1_0.client_ip,ase1_0.created_at,ase1_0.emergency_account_id,ase1_0.revoke_reason,ase1_0.revoked_at,ase1_0.status,ase1_0.updated_at,ase1_0.user_agent,ase1_0.user_id from auth_session ase1_0 where ase1_0.session_id=?
2026-05-08T17:16:17.300+08:00 DEBUG 38228 --- [uscdip-backend] [nio-8080-exec-3] org.hibernate.SQL                        : select eae1_0.account_id,eae1_0.activated_at,eae1_0.activated_by,eae1_0.created_at,eae1_0.expires_at,eae1_0.last_login_at,eae1_0.linked_user_id,eae1_0.password_hash,eae1_0.revoke_reason,eae1_0.revoked_at,eae1_0.status,eae1_0.updated_at,eae1_0.username from emergency_account eae1_0 where eae1_0.account_id=?
2026-05-08T17:16:17.301+08:00 DEBUG 38228 --- [uscdip-backend] [nio-8080-exec-3] org.hibernate.SQL                        : select grpe1_0.policy_id,grpe1_0.audit_enabled,grpe1_0.auth_required,grpe1_0.created_at,grpe1_0.enabled,grpe1_0.http_method,grpe1_0.path_pattern,grpe1_0.rate_limit_capacity,grpe1_0.rate_limit_scope,grpe1_0.rate_limit_window_seconds,grpe1_0.risk_level,grpe1_0.route_code,grpe1_0.updated_at,grpe1_0.validation_profile from gateway_route_policy grpe1_0 where grpe1_0.enabled
2026-05-08T17:16:17.302+08:00 DEBUG 38228 --- [uscdip-backend] [nio-8080-exec-3] org.hibernate.SQL                        : select gcre1_0.rule_id,gcre1_0.created_at,gcre1_0.enabled,gcre1_0.expires_at,gcre1_0.reason,gcre1_0.rule_type,gcre1_0.subject_type,gcre1_0.subject_value,gcre1_0.updated_at from gateway_client_rule gcre1_0 where gcre1_0.enabled
2026-05-08T17:16:17.304+08:00 DEBUG 38228 --- [uscdip-backend] [nio-8080-exec-3] o.s.web.servlet.DispatcherServlet        : GET "/api/workorders?page=1&pageSize=5", parameters={masked}
2026-05-08T17:16:17.304+08:00 DEBUG 38228 --- [uscdip-backend] [nio-8080-exec-3] s.w.s.m.m.a.RequestMappingHandlerMapping : Mapped to com.uscdip.backend.controller.WorkOrderController#listWorkOrders(Authentication, int, int, String, String, String, String)
2026-05-08T17:16:17.304+08:00 DEBUG 38228 --- [uscdip-backend] [nio-8080-exec-2] org.hibernate.SQL                        : select ure1_0.id,ure1_0.role_code,ure1_0.user_id from rbac_user_role ure1_0 where ure1_0.user_id=?
2026-05-08T17:16:17.305+08:00 DEBUG 38228 --- [uscdip-backend] [nio-8080-exec-2] org.hibernate.SQL                        : select rpe1_0.id,rpe1_0.permission_code,rpe1_0.role_code from rbac_role_permission rpe1_0 where rpe1_0.role_code in (?)
2026-05-08T17:16:17.307+08:00 DEBUG 38228 --- [uscdip-backend] [nio-8080-exec-3] org.hibernate.SQL                        : select uae1_0.user_id,uae1_0.created_at,uae1_0.disabled_at,uae1_0.display_name,uae1_0.primary_region_id,uae1_0.status,uae1_0.token_valid_after,uae1_0.updated_at,uae1_0.username from user_account uae1_0 where uae1_0.user_id=?
2026-05-08T17:16:17.307+08:00 DEBUG 38228 --- [uscdip-backend] [nio-8080-exec-2] org.hibernate.SQL                        : select udse1_0.id,udse1_0.scope_type,udse1_0.scope_value,udse1_0.user_id from user_data_scope udse1_0 where udse1_0.user_id=?
2026-05-08T17:16:17.307+08:00 DEBUG 38228 --- [uscdip-backend] [nio-8080-exec-3] org.hibernate.SQL                        : select ure1_0.id,ure1_0.role_code,ure1_0.user_id from rbac_user_role ure1_0 where ure1_0.user_id=?
2026-05-08T17:16:17.307+08:00 DEBUG 38228 --- [uscdip-backend] [nio-8080-exec-2] org.hibernate.SQL                        : select tsre1_0.id,tsre1_0.description,tsre1_0.role_code,tsre1_0.topic_pattern from topic_scope_rule tsre1_0 where tsre1_0.role_code in (?)
2026-05-08T17:16:17.308+08:00 DEBUG 38228 --- [uscdip-backend] [nio-8080-exec-3] org.hibernate.SQL                        : select rpe1_0.id,rpe1_0.permission_code,rpe1_0.role_code from rbac_role_permission rpe1_0 where rpe1_0.role_code in (?)
2026-05-08T17:16:17.309+08:00 DEBUG 38228 --- [uscdip-backend] [nio-8080-exec-3] org.hibernate.SQL                        : select udse1_0.id,udse1_0.scope_type,udse1_0.scope_value,udse1_0.user_id from user_data_scope udse1_0 where udse1_0.user_id=?
2026-05-08T17:16:17.310+08:00 DEBUG 38228 --- [uscdip-backend] [nio-8080-exec-3] org.hibernate.SQL                        : select tsre1_0.id,tsre1_0.description,tsre1_0.role_code,tsre1_0.topic_pattern from topic_scope_rule tsre1_0 where tsre1_0.role_code in (?)
2026-05-08T17:16:17.313+08:00 DEBUG 38228 --- [uscdip-backend] [nio-8080-exec-2] org.hibernate.SQL                        : select de1_0.device_id,de1_0.calibration_due_at,de1_0.created_at,de1_0.device_name,de1_0.facility_id,de1_0.last_abnormal_flags,de1_0.last_buffer_level,de1_0.last_heartbeat,de1_0.last_recv_time,de1_0.node_id,de1_0.online_status_reason,de1_0.protocol_type,de1_0.segment_id,de1_0.status,de1_0.updated_at,de1_0.version_no from device de1_0 where de1_0.device_id in (?)
2026-05-08T17:16:17.315+08:00 DEBUG 38228 --- [uscdip-backend] [nio-8080-exec-3] org.hibernate.SQL                        : select ure1_0.id,ure1_0.role_code,ure1_0.user_id from rbac_user_role ure1_0 where ure1_0.user_id=?
2026-05-08T17:16:17.316+08:00 DEBUG 38228 --- [uscdip-backend] [nio-8080-exec-3] org.hibernate.SQL                        : select rpe1_0.id,rpe1_0.permission_code,rpe1_0.role_code from rbac_role_permission rpe1_0 where rpe1_0.role_code in (?)
2026-05-08T17:16:17.317+08:00 DEBUG 38228 --- [uscdip-backend] [nio-8080-exec-3] org.hibernate.SQL                        : select udse1_0.id,udse1_0.scope_type,udse1_0.scope_value,udse1_0.user_id from user_data_scope udse1_0 where udse1_0.user_id=?
2026-05-08T17:16:17.318+08:00 DEBUG 38228 --- [uscdip-backend] [nio-8080-exec-3] org.hibernate.SQL                        : select tsre1_0.id,tsre1_0.description,tsre1_0.role_code,tsre1_0.topic_pattern from topic_scope_rule tsre1_0 where tsre1_0.role_code in (?)
2026-05-08T17:16:17.319+08:00 DEBUG 38228 --- [uscdip-backend] [nio-8080-exec-3] org.hibernate.SQL                        : select woe1_0.work_order_id,woe1_0.accepted_at,woe1_0.accepted_by,woe1_0.assignee,woe1_0.assignee_user_id,woe1_0.close_reason,woe1_0.closed_at,woe1_0.closed_by,woe1_0.completed_at,woe1_0.completed_by,woe1_0.completion_summary,woe1_0.created_at,woe1_0.created_by,woe1_0.description,woe1_0.dispatched_at,woe1_0.dispatched_by,woe1_0.incident_id,woe1_0.node_id,woe1_0.priority,woe1_0.segment_id,woe1_0.sla_due_at,woe1_0.status,woe1_0.updated_at,woe1_0.version_no,woe1_0.work_order_type,woe1_0.writeback_at,woe1_0.writeback_reason,woe1_0.writeback_type from work_order woe1_0 order by woe1_0.updated_at desc,woe1_0.work_order_id desc
2026-05-08T17:16:17.321+08:00 DEBUG 38228 --- [uscdip-backend] [nio-8080-exec-2] org.hibernate.SQL                        : select ibe1_0.batch_id,ibe1_0.is_backfill,ibe1_0.batch_no,ibe1_0.last_write_at,ibe1_0.last_write_log_id,ibe1_0.original_sample_time,ibe1_0.protocol_type,ibe1_0.received_at,ibe1_0.record_count,ibe1_0.seq_no,ibe1_0.source_key,ibe1_0.source_type,ibe1_0.status,ibe1_0.trace_id,ibe1_0.tsdb_write_status from ingest_batch ibe1_0 where ibe1_0.batch_id=?
2026-05-08T17:16:17.322+08:00 DEBUG 38228 --- [uscdip-backend] [nio-8080-exec-3] org.hibernate.SQL                        : select osbe1_0.binding_id,osbe1_0.created_at,osbe1_0.object_id,osbe1_0.object_type,osbe1_0.owner_user_id,osbe1_0.owner_username,osbe1_0.region_id,osbe1_0.scope_level,osbe1_0.updated_at from object_scope_binding osbe1_0 where osbe1_0.object_type=? and osbe1_0.object_id in (?,?,?,?,?)
2026-05-08T17:16:17.323+08:00 DEBUG 38228 --- [uscdip-backend] [nio-8080-exec-2] org.hibernate.SQL                        : select ire1_0.record_id,ire1_0.adapter_type,ire1_0.attributes_json,ire1_0.is_backfill,ire1_0.batch_id,ire1_0.created_at,ire1_0.device_id,ire1_0.device_time,ire1_0.event_time,ire1_0.metric_code,ire1_0.metric_value,ire1_0.raw_payload_excerpt,ire1_0.recv_time,ire1_0.trace_id from ingest_record ire1_0 where ire1_0.record_id=?
2026-05-08T17:16:17.324+08:00 DEBUG 38228 --- [uscdip-backend] [nio-8080-exec-2] org.hibernate.SQL                        : select ire1_0.record_id,ire1_0.adapter_type,ire1_0.attributes_json,ire1_0.is_backfill,ire1_0.batch_id,ire1_0.created_at,ire1_0.device_id,ire1_0.device_time,ire1_0.event_time,ire1_0.metric_code,ire1_0.metric_value,ire1_0.raw_payload_excerpt,ire1_0.recv_time,ire1_0.trace_id from ingest_record ire1_0 where ire1_0.record_id=?
2026-05-08T17:16:17.326+08:00 DEBUG 38228 --- [uscdip-backend] [nio-8080-exec-2] org.hibernate.SQL                        : insert into ingest_batch (is_backfill,batch_no,last_write_at,last_write_log_id,original_sample_time,protocol_type,received_at,record_count,seq_no,source_key,source_type,status,trace_id,tsdb_write_status,batch_id) values (?,?,?,?,?,?,?,?,?,?,?,?,?,?,?)
2026-05-08T17:16:17.327+08:00 DEBUG 38228 --- [uscdip-backend] [nio-8080-exec-3] org.hibernate.SQL                        : select ale1_0.audit_id,ale1_0.action,ale1_0.actor_user_id,ale1_0.actor_username,ale1_0.after_snapshot,ale1_0.auth_mode,ale1_0.before_snapshot,ale1_0.client_ip,ale1_0.detail,ale1_0.emergency_account_id,ale1_0.event_category,ale1_0.event_time,ale1_0.event_type,ale1_0.http_method,ale1_0.object_id,ale1_0.object_type,ale1_0.outcome,ale1_0.request_path,ale1_0.risk_level,ale1_0.source_module,ale1_0.source_record_id,ale1_0.source_table,ale1_0.trace_id,ale1_0.user_agent from audit_log ale1_0 where ale1_0.audit_id=?
2026-05-08T17:16:17.327+08:00 DEBUG 38228 --- [uscdip-backend] [nio-8080-exec-2] org.hibernate.SQL                        : insert into ingest_record (adapter_type,attributes_json,is_backfill,batch_id,created_at,device_id,device_time,event_time,metric_code,metric_value,raw_payload_excerpt,recv_time,trace_id,record_id) values (?,?,?,?,?,?,?,?,?,?,?,?,?,?)
2026-05-08T17:16:17.328+08:00 DEBUG 38228 --- [uscdip-backend] [nio-8080-exec-2] org.hibernate.SQL                        : insert into ingest_record (adapter_type,attributes_json,is_backfill,batch_id,created_at,device_id,device_time,event_time,metric_code,metric_value,raw_payload_excerpt,recv_time,trace_id,record_id) values (?,?,?,?,?,?,?,?,?,?,?,?,?,?)
2026-05-08T17:16:17.328+08:00 DEBUG 38228 --- [uscdip-backend] [nio-8080-exec-3] org.hibernate.SQL                        : insert into audit_log (action,actor_user_id,actor_username,after_snapshot,auth_mode,before_snapshot,client_ip,detail,emergency_account_id,event_category,event_time,event_type,http_method,object_id,object_type,outcome,request_path,risk_level,source_module,source_record_id,source_table,trace_id,user_agent,audit_id) values (?,?,?,?,?,?,?,?,?,?,?,?,?,?,?,?,?,?,?,?,?,?,?,?)
2026-05-08T17:16:17.328+08:00 DEBUG 38228 --- [uscdip-backend] [nio-8080-exec-2] org.hibernate.SQL                        : select ire1_0.record_id,ire1_0.adapter_type,ire1_0.attributes_json,ire1_0.is_backfill,ire1_0.batch_id,ire1_0.created_at,ire1_0.device_id,ire1_0.device_time,ire1_0.event_time,ire1_0.metric_code,ire1_0.metric_value,ire1_0.raw_payload_excerpt,ire1_0.recv_time,ire1_0.trace_id from ingest_record ire1_0 where ire1_0.batch_id=? order by ire1_0.event_time
2026-05-08T17:16:17.328+08:00 DEBUG 38228 --- [uscdip-backend] [nio-8080-exec-3] m.m.a.RequestResponseBodyMethodProcessor : Using 'application/json', given [application/json] and supported [application/json, application/*+json]
2026-05-08T17:16:17.330+08:00 DEBUG 38228 --- [uscdip-backend] [nio-8080-exec-2] org.hibernate.SQL                        : select twle1_0.write_log_id,twle1_0.attempt_no,twle1_0.created_at,twle1_0.duration_ms,twle1_0.failed_count,twle1_0.last_error,twle1_0.next_retry_at,twle1_0.requested_count,twle1_0.source_batch_id,twle1_0.status,twle1_0.success_count,twle1_0.trace_id,twle1_0.updated_at,twle1_0.write_type from ts_write_log twle1_0 where twle1_0.write_log_id=?
2026-05-08T17:16:17.340+08:00 DEBUG 38228 --- [uscdip-backend] [nio-8080-exec-3] m.m.a.RequestResponseBodyMethodProcessor : Writing [ApiResponse[success=true, data=PageResponse[items=[WorkOrderResponse[workOrderId=WO-002, incidentId= (truncated)...]
2026-05-08T17:16:17.345+08:00 DEBUG 38228 --- [uscdip-backend] [nio-8080-exec-3] o.s.web.servlet.DispatcherServlet        : Completed 200 OK
2026-05-08T17:16:17.346+08:00 DEBUG 38228 --- [uscdip-backend] [nio-8080-exec-3] org.hibernate.SQL                        : select tlee1_0.event_id,tlee1_0.actor_user_id,tlee1_0.client_ip,tlee1_0.detail,tlee1_0.event_time,tlee1_0.event_type,tlee1_0.latency_ms,tlee1_0.message_id,tlee1_0.object_id,tlee1_0.object_type,tlee1_0.parent_span_id,tlee1_0.recv_time,tlee1_0.route_path,tlee1_0.session_id,tlee1_0.source_module,tlee1_0.span_id,tlee1_0.stage,tlee1_0.status,tlee1_0.topic,tlee1_0.trace_id from trace_link_event tlee1_0 where tlee1_0.event_id=?
2026-05-08T17:16:17.349+08:00 DEBUG 38228 --- [uscdip-backend] [nio-8080-exec-3] org.hibernate.SQL                        : insert into trace_link_event (actor_user_id,client_ip,detail,event_time,event_type,latency_ms,message_id,object_id,object_type,parent_span_id,recv_time,route_path,session_id,source_module,span_id,stage,status,topic,trace_id,event_id) values (?,?,?,?,?,?,?,?,?,?,?,?,?,?,?,?,?,?,?,?)
2026-05-08T17:16:17.351+08:00 DEBUG 38228 --- [uscdip-backend] [nio-8080-exec-2] org.hibernate.SQL                        : select count(*) from ts_metric tme1_0 where tme1_0.source_record_id=?
2026-05-08T17:16:17.359+08:00 DEBUG 38228 --- [uscdip-backend] [nio-8080-exec-2] org.hibernate.SQL                        : select count(*) from ts_metric tme1_0 where tme1_0.source_record_id=?
2026-05-08T17:16:17.360+08:00 DEBUG 38228 --- [uscdip-backend] [nio-8080-exec-2] org.hibernate.SQL                        : select tme1_0.source_record_id,tme1_0.is_backfill,tme1_0.batch_no,tme1_0.created_at,tme1_0.device_id,tme1_0.device_time,tme1_0.dq_alarm_conf_factor,tme1_0.dq_completeness,tme1_0.dq_consistency,tme1_0.dq_flags,tme1_0.dq_level,tme1_0.dq_score,tme1_0.dq_scored_at,tme1_0.dq_stability,tme1_0.dq_timeliness,tme1_0.dq_validity,tme1_0.event_time,tme1_0.late_arrival,tme1_0.latency_ms,tme1_0.metric_code,tme1_0.metric_value,tme1_0.original_sample_time,tme1_0.recv_time,tme1_0.seq_no,tme1_0.source_batch_id,tme1_0.trace_id from ts_metric tme1_0 where tme1_0.source_record_id=?
2026-05-08T17:16:17.361+08:00 DEBUG 38228 --- [uscdip-backend] [nio-8080-exec-2] org.hibernate.SQL                        : select tme1_0.source_record_id,tme1_0.is_backfill,tme1_0.batch_no,tme1_0.created_at,tme1_0.device_id,tme1_0.device_time,tme1_0.dq_alarm_conf_factor,tme1_0.dq_completeness,tme1_0.dq_consistency,tme1_0.dq_flags,tme1_0.dq_level,tme1_0.dq_score,tme1_0.dq_scored_at,tme1_0.dq_stability,tme1_0.dq_timeliness,tme1_0.dq_validity,tme1_0.event_time,tme1_0.late_arrival,tme1_0.latency_ms,tme1_0.metric_code,tme1_0.metric_value,tme1_0.original_sample_time,tme1_0.recv_time,tme1_0.seq_no,tme1_0.source_batch_id,tme1_0.trace_id from ts_metric tme1_0 where tme1_0.source_record_id=?
2026-05-08T17:16:17.364+08:00 DEBUG 38228 --- [uscdip-backend] [nio-8080-exec-2] org.hibernate.SQL                        : insert into ts_write_log (attempt_no,created_at,duration_ms,failed_count,last_error,next_retry_at,requested_count,source_batch_id,status,success_count,trace_id,updated_at,write_type,write_log_id) values (?,?,?,?,?,?,?,?,?,?,?,?,?,?)
2026-05-08T17:16:17.364+08:00 DEBUG 38228 --- [uscdip-backend] [nio-8080-exec-2] org.hibernate.SQL                        : insert into ts_metric (is_backfill,batch_no,created_at,device_id,device_time,dq_alarm_conf_factor,dq_completeness,dq_consistency,dq_flags,dq_level,dq_score,dq_scored_at,dq_stability,dq_timeliness,dq_validity,event_time,late_arrival,latency_ms,metric_code,metric_value,original_sample_time,recv_time,seq_no,source_batch_id,trace_id,source_record_id) values (?,?,?,?,?,?,?,?,?,?,?,?,?,?,?,?,?,?,?,?,?,?,?,?,?,?)
2026-05-08T17:16:17.365+08:00 DEBUG 38228 --- [uscdip-backend] [nio-8080-exec-2] org.hibernate.SQL                        : insert into ts_metric (is_backfill,batch_no,created_at,device_id,device_time,dq_alarm_conf_factor,dq_completeness,dq_consistency,dq_flags,dq_level,dq_score,dq_scored_at,dq_stability,dq_timeliness,dq_validity,event_time,late_arrival,latency_ms,metric_code,metric_value,original_sample_time,recv_time,seq_no,source_batch_id,trace_id,source_record_id) values (?,?,?,?,?,?,?,?,?,?,?,?,?,?,?,?,?,?,?,?,?,?,?,?,?,?)
2026-05-08T17:16:17.365+08:00 DEBUG 38228 --- [uscdip-backend] [nio-8080-exec-2] org.hibernate.SQL                        : update ingest_batch set is_backfill=?,batch_no=?,last_write_at=?,last_write_log_id=?,original_sample_time=?,protocol_type=?,received_at=?,record_count=?,seq_no=?,source_key=?,source_type=?,status=?,trace_id=?,tsdb_write_status=? where batch_id=?
2026-05-08T17:16:17.366+08:00 DEBUG 38228 --- [uscdip-backend] [nio-8080-exec-2] org.hibernate.SQL                        : select tme1_0.source_record_id,tme1_0.is_backfill,tme1_0.batch_no,tme1_0.created_at,tme1_0.device_id,tme1_0.device_time,tme1_0.dq_alarm_conf_factor,tme1_0.dq_completeness,tme1_0.dq_consistency,tme1_0.dq_flags,tme1_0.dq_level,tme1_0.dq_score,tme1_0.dq_scored_at,tme1_0.dq_stability,tme1_0.dq_timeliness,tme1_0.dq_validity,tme1_0.event_time,tme1_0.late_arrival,tme1_0.latency_ms,tme1_0.metric_code,tme1_0.metric_value,tme1_0.original_sample_time,tme1_0.recv_time,tme1_0.seq_no,tme1_0.source_batch_id,tme1_0.trace_id from ts_metric tme1_0 where tme1_0.source_batch_id=? order by tme1_0.event_time
2026-05-08T17:16:17.368+08:00 DEBUG 38228 --- [uscdip-backend] [nio-8080-exec-2] org.hibernate.SQL                        : select tme1_0.source_record_id,tme1_0.is_backfill,tme1_0.batch_no,tme1_0.created_at,tme1_0.device_id,tme1_0.device_time,tme1_0.dq_alarm_conf_factor,tme1_0.dq_completeness,tme1_0.dq_consistency,tme1_0.dq_flags,tme1_0.dq_level,tme1_0.dq_score,tme1_0.dq_scored_at,tme1_0.dq_stability,tme1_0.dq_timeliness,tme1_0.dq_validity,tme1_0.event_time,tme1_0.late_arrival,tme1_0.latency_ms,tme1_0.metric_code,tme1_0.metric_value,tme1_0.original_sample_time,tme1_0.recv_time,tme1_0.seq_no,tme1_0.source_batch_id,tme1_0.trace_id from ts_metric tme1_0 where tme1_0.device_id=? and tme1_0.metric_code=? and tme1_0.event_time<? order by tme1_0.event_time desc fetch first ? rows only
2026-05-08T17:16:17.371+08:00 DEBUG 38228 --- [uscdip-backend] [nio-8080-exec-2] org.hibernate.SQL                        : select tme1_0.source_record_id,tme1_0.is_backfill,tme1_0.batch_no,tme1_0.created_at,tme1_0.device_id,tme1_0.device_time,tme1_0.dq_alarm_conf_factor,tme1_0.dq_completeness,tme1_0.dq_consistency,tme1_0.dq_flags,tme1_0.dq_level,tme1_0.dq_score,tme1_0.dq_scored_at,tme1_0.dq_stability,tme1_0.dq_timeliness,tme1_0.dq_validity,tme1_0.event_time,tme1_0.late_arrival,tme1_0.latency_ms,tme1_0.metric_code,tme1_0.metric_value,tme1_0.original_sample_time,tme1_0.recv_time,tme1_0.seq_no,tme1_0.source_batch_id,tme1_0.trace_id from ts_metric tme1_0 where tme1_0.device_id=? and tme1_0.metric_code=? and tme1_0.event_time<? order by tme1_0.event_time desc fetch first ? rows only
2026-05-08T17:16:17.376+08:00 DEBUG 38228 --- [uscdip-backend] [nio-8080-exec-2] org.hibernate.SQL                        : update ts_metric set is_backfill=?,batch_no=?,created_at=?,device_id=?,device_time=?,dq_alarm_conf_factor=?,dq_completeness=?,dq_consistency=?,dq_flags=?,dq_level=?,dq_score=?,dq_scored_at=?,dq_stability=?,dq_timeliness=?,dq_validity=?,event_time=?,late_arrival=?,latency_ms=?,metric_code=?,metric_value=?,original_sample_time=?,recv_time=?,seq_no=?,source_batch_id=?,trace_id=? where source_record_id=?
2026-05-08T17:16:17.378+08:00 DEBUG 38228 --- [uscdip-backend] [nio-8080-exec-2] org.hibernate.SQL                        : select tme1_0.source_record_id,tme1_0.is_backfill,tme1_0.batch_no,tme1_0.created_at,tme1_0.device_id,tme1_0.device_time,tme1_0.dq_alarm_conf_factor,tme1_0.dq_completeness,tme1_0.dq_consistency,tme1_0.dq_flags,tme1_0.dq_level,tme1_0.dq_score,tme1_0.dq_scored_at,tme1_0.dq_stability,tme1_0.dq_timeliness,tme1_0.dq_validity,tme1_0.event_time,tme1_0.late_arrival,tme1_0.latency_ms,tme1_0.metric_code,tme1_0.metric_value,tme1_0.original_sample_time,tme1_0.recv_time,tme1_0.seq_no,tme1_0.source_batch_id,tme1_0.trace_id from ts_metric tme1_0 where tme1_0.device_id=? and tme1_0.metric_code=? and tme1_0.event_time<? order by tme1_0.event_time desc fetch first ? rows only
2026-05-08T17:16:17.380+08:00 DEBUG 38228 --- [uscdip-backend] [nio-8080-exec-2] org.hibernate.SQL                        : select tme1_0.source_record_id,tme1_0.is_backfill,tme1_0.batch_no,tme1_0.created_at,tme1_0.device_id,tme1_0.device_time,tme1_0.dq_alarm_conf_factor,tme1_0.dq_completeness,tme1_0.dq_consistency,tme1_0.dq_flags,tme1_0.dq_level,tme1_0.dq_score,tme1_0.dq_scored_at,tme1_0.dq_stability,tme1_0.dq_timeliness,tme1_0.dq_validity,tme1_0.event_time,tme1_0.late_arrival,tme1_0.latency_ms,tme1_0.metric_code,tme1_0.metric_value,tme1_0.original_sample_time,tme1_0.recv_time,tme1_0.seq_no,tme1_0.source_batch_id,tme1_0.trace_id from ts_metric tme1_0 where tme1_0.device_id=? and tme1_0.metric_code=? and tme1_0.event_time<? order by tme1_0.event_time desc fetch first ? rows only
2026-05-08T17:16:17.382+08:00 DEBUG 38228 --- [uscdip-backend] [nio-8080-exec-2] org.hibernate.SQL                        : update ts_metric set is_backfill=?,batch_no=?,created_at=?,device_id=?,device_time=?,dq_alarm_conf_factor=?,dq_completeness=?,dq_consistency=?,dq_flags=?,dq_level=?,dq_score=?,dq_scored_at=?,dq_stability=?,dq_timeliness=?,dq_validity=?,event_time=?,late_arrival=?,latency_ms=?,metric_code=?,metric_value=?,original_sample_time=?,recv_time=?,seq_no=?,source_batch_id=?,trace_id=? where source_record_id=?
2026-05-08T17:16:17.383+08:00 DEBUG 38228 --- [uscdip-backend] [nio-8080-exec-2] org.hibernate.SQL                        : select are1_0.rule_id,are1_0.base_confidence,are1_0.created_at,are1_0.enabled,are1_0.expression_json,are1_0.logic_type,are1_0.metric_code,are1_0.operator_code,are1_0.rule_code,are1_0.rule_name,are1_0.rule_type,are1_0.severity,are1_0.threshold_high,are1_0.threshold_low,are1_0.updated_at from alert_rule are1_0 where are1_0.enabled order by are1_0.rule_code
2026-05-08T17:16:17.386+08:00 DEBUG 38228 --- [uscdip-backend] [nio-8080-exec-2] org.hibernate.SQL                        : select tme1_0.source_record_id,tme1_0.is_backfill,tme1_0.batch_no,tme1_0.created_at,tme1_0.device_id,tme1_0.device_time,tme1_0.dq_alarm_conf_factor,tme1_0.dq_completeness,tme1_0.dq_consistency,tme1_0.dq_flags,tme1_0.dq_level,tme1_0.dq_score,tme1_0.dq_scored_at,tme1_0.dq_stability,tme1_0.dq_timeliness,tme1_0.dq_validity,tme1_0.event_time,tme1_0.late_arrival,tme1_0.latency_ms,tme1_0.metric_code,tme1_0.metric_value,tme1_0.original_sample_time,tme1_0.recv_time,tme1_0.seq_no,tme1_0.source_batch_id,tme1_0.trace_id from ts_metric tme1_0 where tme1_0.source_batch_id=? order by tme1_0.event_time
2026-05-08T17:16:17.387+08:00 DEBUG 38228 --- [uscdip-backend] [nio-8080-exec-2] org.hibernate.SQL                        : select are1_0.rule_id,are1_0.base_confidence,are1_0.created_at,are1_0.enabled,are1_0.expression_json,are1_0.logic_type,are1_0.metric_code,are1_0.operator_code,are1_0.rule_code,are1_0.rule_name,are1_0.rule_type,are1_0.severity,are1_0.threshold_high,are1_0.threshold_low,are1_0.updated_at from alert_rule are1_0 where are1_0.enabled order by are1_0.rule_code
2026-05-08T17:16:17.389+08:00 DEBUG 38228 --- [uscdip-backend] [nio-8080-exec-2] org.hibernate.SQL                        : select are1_0.rule_id,are1_0.base_confidence,are1_0.created_at,are1_0.enabled,are1_0.expression_json,are1_0.logic_type,are1_0.metric_code,are1_0.operator_code,are1_0.rule_code,are1_0.rule_name,are1_0.rule_type,are1_0.severity,are1_0.threshold_high,are1_0.threshold_low,are1_0.updated_at from alert_rule are1_0 order by are1_0.rule_code
2026-05-08T17:16:17.392+08:00 DEBUG 38228 --- [uscdip-backend] [nio-8080-exec-2] org.hibernate.SQL                        : select de1_0.device_id,de1_0.calibration_due_at,de1_0.created_at,de1_0.device_name,de1_0.facility_id,de1_0.last_abnormal_flags,de1_0.last_buffer_level,de1_0.last_heartbeat,de1_0.last_recv_time,de1_0.node_id,de1_0.online_status_reason,de1_0.protocol_type,de1_0.segment_id,de1_0.status,de1_0.updated_at,de1_0.version_no from device de1_0 where de1_0.device_id in (?)
2026-05-08T17:16:17.401+08:00 DEBUG 38228 --- [uscdip-backend] [nio-8080-exec-2] org.hibernate.SQL                        : select are1_0.alert_id,are1_0.alert_conf_final,are1_0.alert_conf_raw,are1_0.case_id,are1_0.created_at,are1_0.decision,are1_0.dedupe_key,are1_0.device_id,are1_0.dq_alarm_conf_factor,are1_0.dq_level_snapshot,are1_0.dq_score_snapshot,are1_0.escalation_level,are1_0.event_time,are1_0.metric_code,are1_0.metric_value,are1_0.node_id,are1_0.process_status,are1_0.processed_at,are1_0.rule_code,are1_0.segment_id,are1_0.severity,are1_0.source_batch_id,are1_0.source_record_id,are1_0.suppressed,are1_0.trace_id from alert_record are1_0 where are1_0.alert_id=?
2026-05-08T17:16:17.402+08:00 DEBUG 38228 --- [uscdip-backend] [nio-8080-exec-2] org.hibernate.SQL                        : select are1_0.alert_id,are1_0.alert_conf_final,are1_0.alert_conf_raw,are1_0.case_id,are1_0.created_at,are1_0.decision,are1_0.dedupe_key,are1_0.device_id,are1_0.dq_alarm_conf_factor,are1_0.dq_level_snapshot,are1_0.dq_score_snapshot,are1_0.escalation_level,are1_0.event_time,are1_0.metric_code,are1_0.metric_value,are1_0.node_id,are1_0.process_status,are1_0.processed_at,are1_0.rule_code,are1_0.segment_id,are1_0.severity,are1_0.source_batch_id,are1_0.source_record_id,are1_0.suppressed,are1_0.trace_id from alert_record are1_0 where are1_0.alert_id=?
2026-05-08T17:16:17.405+08:00 DEBUG 38228 --- [uscdip-backend] [nio-8080-exec-2] org.hibernate.SQL                        : select ape1_0.policy_id,ape1_0.created_at,ape1_0.dedupe_window_seconds,ape1_0.enabled,ape1_0.escalate_threshold_l1,ape1_0.escalate_threshold_l2,ape1_0.recovery_window_seconds,ape1_0.rule_code,ape1_0.suppress_window_seconds,ape1_0.updated_at from alert_policy ape1_0 where ape1_0.rule_code in (?,?)
2026-05-08T17:16:17.410+08:00 DEBUG 38228 --- [uscdip-backend] [nio-8080-exec-2] org.hibernate.SQL                        : select ace1_0.case_id,ace1_0.case_status,ace1_0.created_at,ace1_0.decision_snapshot,ace1_0.dedupe_key,ace1_0.device_id,ace1_0.escalation_level,ace1_0.first_alert_id,ace1_0.first_triggered_at,ace1_0.hit_count,ace1_0.last_alert_id,ace1_0.last_triggered_at,ace1_0.node_id,ace1_0.recovered_at,ace1_0.rule_code,ace1_0.segment_id,ace1_0.severity_current,ace1_0.suppressed_until,ace1_0.trace_id,ace1_0.unsuppressed_hit_count,ace1_0.updated_at from alert_case ace1_0 where ace1_0.rule_code=? and ace1_0.case_status in (?,?,?,?,?) order by ace1_0.last_triggered_at desc
2026-05-08T17:16:17.412+08:00 DEBUG 38228 --- [uscdip-backend] [nio-8080-exec-9] org.hibernate.SQL                        : select tlee1_0.event_id,tlee1_0.actor_user_id,tlee1_0.client_ip,tlee1_0.detail,tlee1_0.event_time,tlee1_0.event_type,tlee1_0.latency_ms,tlee1_0.message_id,tlee1_0.object_id,tlee1_0.object_type,tlee1_0.parent_span_id,tlee1_0.recv_time,tlee1_0.route_path,tlee1_0.session_id,tlee1_0.source_module,tlee1_0.span_id,tlee1_0.stage,tlee1_0.status,tlee1_0.topic,tlee1_0.trace_id from trace_link_event tlee1_0 where tlee1_0.event_id=?
2026-05-08T17:16:17.412+08:00 DEBUG 38228 --- [uscdip-backend] [nio-8080-exec-2] org.hibernate.SQL                        : select ace1_0.case_id,ace1_0.case_status,ace1_0.created_at,ace1_0.decision_snapshot,ace1_0.dedupe_key,ace1_0.device_id,ace1_0.escalation_level,ace1_0.first_alert_id,ace1_0.first_triggered_at,ace1_0.hit_count,ace1_0.last_alert_id,ace1_0.last_triggered_at,ace1_0.node_id,ace1_0.recovered_at,ace1_0.rule_code,ace1_0.segment_id,ace1_0.severity_current,ace1_0.suppressed_until,ace1_0.trace_id,ace1_0.unsuppressed_hit_count,ace1_0.updated_at from alert_case ace1_0 where ace1_0.case_id=?
2026-05-08T17:16:17.412+08:00 DEBUG 38228 --- [uscdip-backend] [nio-8080-exec-9] org.hibernate.SQL                        : insert into trace_link_event (actor_user_id,client_ip,detail,event_time,event_type,latency_ms,message_id,object_id,object_type,parent_span_id,recv_time,route_path,session_id,source_module,span_id,stage,status,topic,trace_id,event_id) values (?,?,?,?,?,?,?,?,?,?,?,?,?,?,?,?,?,?,?,?)
2026-05-08T17:16:17.413+08:00 DEBUG 38228 --- [uscdip-backend] [nio-8080-exec-9] org.hibernate.SQL                        : select uae1_0.user_id,uae1_0.created_at,uae1_0.disabled_at,uae1_0.display_name,uae1_0.primary_region_id,uae1_0.status,uae1_0.token_valid_after,uae1_0.updated_at,uae1_0.username from user_account uae1_0 where uae1_0.user_id=?
2026-05-08T17:16:17.414+08:00 DEBUG 38228 --- [uscdip-backend] [nio-8080-exec-2] org.hibernate.SQL                        : select ie1_0.incident_id,ie1_0.alert_conf_final,ie1_0.close_reason,ie1_0.confirmed_at,ie1_0.confirmed_by,ie1_0.created_at,ie1_0.device_id,ie1_0.dq_score_snapshot,ie1_0.incident_type,ie1_0.node_id,ie1_0.resolved_at,ie1_0.segment_id,ie1_0.severity,ie1_0.severity_source,ie1_0.source_alert_id,ie1_0.source_batch_id,ie1_0.source_case_id,ie1_0.source_rule_code,ie1_0.status,ie1_0.title,ie1_0.trace_id,ie1_0.updated_at,ie1_0.version_no from incident ie1_0 where ie1_0.source_case_id=?
2026-05-08T17:16:17.414+08:00 DEBUG 38228 --- [uscdip-backend] [nio-8080-exec-9] org.hibernate.SQL                        : select ase1_0.session_id,ase1_0.auth_mode,ase1_0.client_ip,ase1_0.created_at,ase1_0.emergency_account_id,ase1_0.revoke_reason,ase1_0.revoked_at,ase1_0.status,ase1_0.updated_at,ase1_0.user_agent,ase1_0.user_id from auth_session ase1_0 where ase1_0.session_id=?
2026-05-08T17:16:17.416+08:00 DEBUG 38228 --- [uscdip-backend] [nio-8080-exec-9] org.hibernate.SQL                        : select eae1_0.account_id,eae1_0.activated_at,eae1_0.activated_by,eae1_0.created_at,eae1_0.expires_at,eae1_0.last_login_at,eae1_0.linked_user_id,eae1_0.password_hash,eae1_0.revoke_reason,eae1_0.revoked_at,eae1_0.status,eae1_0.updated_at,eae1_0.username from emergency_account eae1_0 where eae1_0.account_id=?
2026-05-08T17:16:17.416+08:00 DEBUG 38228 --- [uscdip-backend] [nio-8080-exec-2] org.hibernate.SQL                        : select ie1_0.incident_id,ie1_0.alert_conf_final,ie1_0.close_reason,ie1_0.confirmed_at,ie1_0.confirmed_by,ie1_0.created_at,ie1_0.device_id,ie1_0.dq_score_snapshot,ie1_0.incident_type,ie1_0.node_id,ie1_0.resolved_at,ie1_0.segment_id,ie1_0.severity,ie1_0.severity_source,ie1_0.source_alert_id,ie1_0.source_batch_id,ie1_0.source_case_id,ie1_0.source_rule_code,ie1_0.status,ie1_0.title,ie1_0.trace_id,ie1_0.updated_at,ie1_0.version_no from incident ie1_0 where ie1_0.incident_id=?
2026-05-08T17:16:17.417+08:00 DEBUG 38228 --- [uscdip-backend] [nio-8080-exec-9] org.hibernate.SQL                        : select grpe1_0.policy_id,grpe1_0.audit_enabled,grpe1_0.auth_required,grpe1_0.created_at,grpe1_0.enabled,grpe1_0.http_method,grpe1_0.path_pattern,grpe1_0.rate_limit_capacity,grpe1_0.rate_limit_scope,grpe1_0.rate_limit_window_seconds,grpe1_0.risk_level,grpe1_0.route_code,grpe1_0.updated_at,grpe1_0.validation_profile from gateway_route_policy grpe1_0 where grpe1_0.enabled
2026-05-08T17:16:17.418+08:00 DEBUG 38228 --- [uscdip-backend] [nio-8080-exec-2] org.hibernate.SQL                        : select osbe1_0.binding_id,osbe1_0.created_at,osbe1_0.object_id,osbe1_0.object_type,osbe1_0.owner_user_id,osbe1_0.owner_username,osbe1_0.region_id,osbe1_0.scope_level,osbe1_0.updated_at from object_scope_binding osbe1_0 where osbe1_0.object_type=? and osbe1_0.object_id=?
2026-05-08T17:16:17.419+08:00 DEBUG 38228 --- [uscdip-backend] [nio-8080-exec-9] org.hibernate.SQL                        : select gcre1_0.rule_id,gcre1_0.created_at,gcre1_0.enabled,gcre1_0.expires_at,gcre1_0.reason,gcre1_0.rule_type,gcre1_0.subject_type,gcre1_0.subject_value,gcre1_0.updated_at from gateway_client_rule gcre1_0 where gcre1_0.enabled
2026-05-08T17:16:17.419+08:00 DEBUG 38228 --- [uscdip-backend] [nio-8080-exec-2] org.hibernate.SQL                        : select osbe1_0.binding_id,osbe1_0.created_at,osbe1_0.object_id,osbe1_0.object_type,osbe1_0.owner_user_id,osbe1_0.owner_username,osbe1_0.region_id,osbe1_0.scope_level,osbe1_0.updated_at from object_scope_binding osbe1_0 where osbe1_0.object_type=? and osbe1_0.object_id=?
2026-05-08T17:16:17.421+08:00 DEBUG 38228 --- [uscdip-backend] [nio-8080-exec-9] o.s.web.servlet.DispatcherServlet        : GET "/api/notifications?page=1&pageSize=5", parameters={masked}
2026-05-08T17:16:17.422+08:00 DEBUG 38228 --- [uscdip-backend] [nio-8080-exec-9] s.w.s.m.m.a.RequestMappingHandlerMapping : Mapped to com.uscdip.backend.controller.NotificationController#listNotifications(Authentication, int, int, String, String, String, String, String)
2026-05-08T17:16:17.422+08:00 DEBUG 38228 --- [uscdip-backend] [nio-8080-exec-2] org.hibernate.SQL                        : select osbe1_0.binding_id,osbe1_0.created_at,osbe1_0.object_id,osbe1_0.object_type,osbe1_0.owner_user_id,osbe1_0.owner_username,osbe1_0.region_id,osbe1_0.scope_level,osbe1_0.updated_at from object_scope_binding osbe1_0 where osbe1_0.binding_id=?
2026-05-08T17:16:17.423+08:00 DEBUG 38228 --- [uscdip-backend] [nio-8080-exec-9] org.hibernate.SQL                        : select uae1_0.user_id,uae1_0.created_at,uae1_0.disabled_at,uae1_0.display_name,uae1_0.primary_region_id,uae1_0.status,uae1_0.token_valid_after,uae1_0.updated_at,uae1_0.username from user_account uae1_0 where uae1_0.user_id=?
2026-05-08T17:16:17.424+08:00 DEBUG 38228 --- [uscdip-backend] [nio-8080-exec-2] org.hibernate.SQL                        : select oee1_0.event_id,oee1_0.aggregate_id,oee1_0.aggregate_type,oee1_0.claimed_at,oee1_0.claimed_by,oee1_0.created_at,oee1_0.event_type,oee1_0.last_error,oee1_0.next_retry_time,oee1_0.payload,oee1_0.retry_count,oee1_0.sent_at,oee1_0.status,oee1_0.trace_id,oee1_0.updated_at from outbox_event oee1_0 where oee1_0.event_id=?
2026-05-08T17:16:17.424+08:00 DEBUG 38228 --- [uscdip-backend] [nio-8080-exec-9] org.hibernate.SQL                        : select ure1_0.id,ure1_0.role_code,ure1_0.user_id from rbac_user_role ure1_0 where ure1_0.user_id=?
2026-05-08T17:16:17.425+08:00 DEBUG 38228 --- [uscdip-backend] [nio-8080-exec-2] org.hibernate.SQL                        : insert into alert_record (alert_conf_final,alert_conf_raw,case_id,created_at,decision,dedupe_key,device_id,dq_alarm_conf_factor,dq_level_snapshot,dq_score_snapshot,escalation_level,event_time,metric_code,metric_value,node_id,process_status,processed_at,rule_code,segment_id,severity,source_batch_id,source_record_id,suppressed,trace_id,alert_id) values (?,?,?,?,?,?,?,?,?,?,?,?,?,?,?,?,?,?,?,?,?,?,?,?,?)
2026-05-08T17:16:17.425+08:00 DEBUG 38228 --- [uscdip-backend] [nio-8080-exec-9] org.hibernate.SQL                        : select rpe1_0.id,rpe1_0.permission_code,rpe1_0.role_code from rbac_role_permission rpe1_0 where rpe1_0.role_code in (?)
2026-05-08T17:16:17.425+08:00 DEBUG 38228 --- [uscdip-backend] [nio-8080-exec-2] org.hibernate.SQL                        : insert into alert_record (alert_conf_final,alert_conf_raw,case_id,created_at,decision,dedupe_key,device_id,dq_alarm_conf_factor,dq_level_snapshot,dq_score_snapshot,escalation_level,event_time,metric_code,metric_value,node_id,process_status,processed_at,rule_code,segment_id,severity,source_batch_id,source_record_id,suppressed,trace_id,alert_id) values (?,?,?,?,?,?,?,?,?,?,?,?,?,?,?,?,?,?,?,?,?,?,?,?,?)
2026-05-08T17:16:17.426+08:00 DEBUG 38228 --- [uscdip-backend] [nio-8080-exec-9] org.hibernate.SQL                        : select udse1_0.id,udse1_0.scope_type,udse1_0.scope_value,udse1_0.user_id from user_data_scope udse1_0 where udse1_0.user_id=?
2026-05-08T17:16:17.426+08:00 DEBUG 38228 --- [uscdip-backend] [nio-8080-exec-2] org.hibernate.SQL                        : insert into alert_case (case_status,created_at,decision_snapshot,dedupe_key,device_id,escalation_level,first_alert_id,first_triggered_at,hit_count,last_alert_id,last_triggered_at,node_id,recovered_at,rule_code,segment_id,severity_current,suppressed_until,trace_id,unsuppressed_hit_count,updated_at,case_id) values (?,?,?,?,?,?,?,?,?,?,?,?,?,?,?,?,?,?,?,?,?)
2026-05-08T17:16:17.428+08:00 DEBUG 38228 --- [uscdip-backend] [nio-8080-exec-2] org.hibernate.SQL                        : insert into incident (alert_conf_final,close_reason,confirmed_at,confirmed_by,created_at,device_id,dq_score_snapshot,incident_type,node_id,resolved_at,segment_id,severity,severity_source,source_alert_id,source_batch_id,source_case_id,source_rule_code,status,title,trace_id,updated_at,version_no,incident_id) values (?,?,?,?,?,?,?,?,?,?,?,?,?,?,?,?,?,?,?,?,?,?,?)
2026-05-08T17:16:17.428+08:00 DEBUG 38228 --- [uscdip-backend] [nio-8080-exec-9] org.hibernate.SQL                        : select tsre1_0.id,tsre1_0.description,tsre1_0.role_code,tsre1_0.topic_pattern from topic_scope_rule tsre1_0 where tsre1_0.role_code in (?)
2026-05-08T17:16:17.428+08:00 DEBUG 38228 --- [uscdip-backend] [nio-8080-exec-2] org.hibernate.SQL                        : insert into object_scope_binding (created_at,object_id,object_type,owner_user_id,owner_username,region_id,scope_level,updated_at,binding_id) values (?,?,?,?,?,?,?,?,?)
2026-05-08T17:16:17.428+08:00 DEBUG 38228 --- [uscdip-backend] [nio-8080-exec-2] org.hibernate.SQL                        : insert into outbox_event (aggregate_id,aggregate_type,claimed_at,claimed_by,created_at,event_type,last_error,next_retry_time,payload,retry_count,sent_at,status,trace_id,updated_at,event_id) values (?,?,?,?,?,?,?,?,?,?,?,?,?,?,?)
2026-05-08T17:16:17.429+08:00 DEBUG 38228 --- [uscdip-backend] [nio-8080-exec-2] org.hibernate.SQL                        : update alert_record set alert_conf_final=?,alert_conf_raw=?,case_id=?,created_at=?,decision=?,dedupe_key=?,device_id=?,dq_alarm_conf_factor=?,dq_level_snapshot=?,dq_score_snapshot=?,escalation_level=?,event_time=?,metric_code=?,metric_value=?,node_id=?,process_status=?,processed_at=?,rule_code=?,segment_id=?,severity=?,source_batch_id=?,source_record_id=?,suppressed=?,trace_id=? where alert_id=?
2026-05-08T17:16:17.429+08:00 DEBUG 38228 --- [uscdip-backend] [nio-8080-exec-2] org.hibernate.SQL                        : select ace1_0.case_id,ace1_0.case_status,ace1_0.created_at,ace1_0.decision_snapshot,ace1_0.dedupe_key,ace1_0.device_id,ace1_0.escalation_level,ace1_0.first_alert_id,ace1_0.first_triggered_at,ace1_0.hit_count,ace1_0.last_alert_id,ace1_0.last_triggered_at,ace1_0.node_id,ace1_0.recovered_at,ace1_0.rule_code,ace1_0.segment_id,ace1_0.severity_current,ace1_0.suppressed_until,ace1_0.trace_id,ace1_0.unsuppressed_hit_count,ace1_0.updated_at from alert_case ace1_0 where ace1_0.rule_code=? and ace1_0.case_status in (?,?,?,?,?) order by ace1_0.last_triggered_at desc
2026-05-08T17:16:17.430+08:00 DEBUG 38228 --- [uscdip-backend] [nio-8080-exec-2] org.hibernate.SQL                        : select ace1_0.case_id,ace1_0.case_status,ace1_0.created_at,ace1_0.decision_snapshot,ace1_0.dedupe_key,ace1_0.device_id,ace1_0.escalation_level,ace1_0.first_alert_id,ace1_0.first_triggered_at,ace1_0.hit_count,ace1_0.last_alert_id,ace1_0.last_triggered_at,ace1_0.node_id,ace1_0.recovered_at,ace1_0.rule_code,ace1_0.segment_id,ace1_0.severity_current,ace1_0.suppressed_until,ace1_0.trace_id,ace1_0.unsuppressed_hit_count,ace1_0.updated_at from alert_case ace1_0 where ace1_0.case_id=?
2026-05-08T17:16:17.430+08:00 DEBUG 38228 --- [uscdip-backend] [nio-8080-exec-9] org.hibernate.SQL                        : select ure1_0.id,ure1_0.role_code,ure1_0.user_id from rbac_user_role ure1_0 where ure1_0.user_id=?
2026-05-08T17:16:17.431+08:00 DEBUG 38228 --- [uscdip-backend] [nio-8080-exec-9] org.hibernate.SQL                        : select rpe1_0.id,rpe1_0.permission_code,rpe1_0.role_code from rbac_role_permission rpe1_0 where rpe1_0.role_code in (?)
2026-05-08T17:16:17.431+08:00 DEBUG 38228 --- [uscdip-backend] [nio-8080-exec-2] org.hibernate.SQL                        : select ie1_0.incident_id,ie1_0.alert_conf_final,ie1_0.close_reason,ie1_0.confirmed_at,ie1_0.confirmed_by,ie1_0.created_at,ie1_0.device_id,ie1_0.dq_score_snapshot,ie1_0.incident_type,ie1_0.node_id,ie1_0.resolved_at,ie1_0.segment_id,ie1_0.severity,ie1_0.severity_source,ie1_0.source_alert_id,ie1_0.source_batch_id,ie1_0.source_case_id,ie1_0.source_rule_code,ie1_0.status,ie1_0.title,ie1_0.trace_id,ie1_0.updated_at,ie1_0.version_no from incident ie1_0 where ie1_0.source_case_id=?
2026-05-08T17:16:17.432+08:00 DEBUG 38228 --- [uscdip-backend] [nio-8080-exec-9] org.hibernate.SQL                        : select udse1_0.id,udse1_0.scope_type,udse1_0.scope_value,udse1_0.user_id from user_data_scope udse1_0 where udse1_0.user_id=?
2026-05-08T17:16:17.432+08:00 DEBUG 38228 --- [uscdip-backend] [nio-8080-exec-2] org.hibernate.SQL                        : select ie1_0.incident_id,ie1_0.alert_conf_final,ie1_0.close_reason,ie1_0.confirmed_at,ie1_0.confirmed_by,ie1_0.created_at,ie1_0.device_id,ie1_0.dq_score_snapshot,ie1_0.incident_type,ie1_0.node_id,ie1_0.resolved_at,ie1_0.segment_id,ie1_0.severity,ie1_0.severity_source,ie1_0.source_alert_id,ie1_0.source_batch_id,ie1_0.source_case_id,ie1_0.source_rule_code,ie1_0.status,ie1_0.title,ie1_0.trace_id,ie1_0.updated_at,ie1_0.version_no from incident ie1_0 where ie1_0.incident_id=?
2026-05-08T17:16:17.432+08:00 DEBUG 38228 --- [uscdip-backend] [nio-8080-exec-9] org.hibernate.SQL                        : select tsre1_0.id,tsre1_0.description,tsre1_0.role_code,tsre1_0.topic_pattern from topic_scope_rule tsre1_0 where tsre1_0.role_code in (?)
2026-05-08T17:16:17.434+08:00 DEBUG 38228 --- [uscdip-backend] [nio-8080-exec-9] org.hibernate.SQL                        : select nme1_0.notification_id,nme1_0.aggregate_id,nme1_0.aggregate_type,nme1_0.completed_at,nme1_0.content,nme1_0.created_at,nme1_0.event_type,nme1_0.idempotent_key,nme1_0.last_error,nme1_0.recipient_user_id,nme1_0.recipient_username,nme1_0.source_event_id,nme1_0.status,nme1_0.title,nme1_0.trace_id,nme1_0.updated_at from notification_message nme1_0 order by nme1_0.created_at desc,nme1_0.notification_id desc
2026-05-08T17:16:17.434+08:00 DEBUG 38228 --- [uscdip-backend] [nio-8080-exec-2] org.hibernate.SQL                        : select osbe1_0.binding_id,osbe1_0.created_at,osbe1_0.object_id,osbe1_0.object_type,osbe1_0.owner_user_id,osbe1_0.owner_username,osbe1_0.region_id,osbe1_0.scope_level,osbe1_0.updated_at from object_scope_binding osbe1_0 where osbe1_0.object_type=? and osbe1_0.object_id=?
2026-05-08T17:16:17.435+08:00 DEBUG 38228 --- [uscdip-backend] [nio-8080-exec-2] org.hibernate.SQL                        : select osbe1_0.binding_id,osbe1_0.created_at,osbe1_0.object_id,osbe1_0.object_type,osbe1_0.owner_user_id,osbe1_0.owner_username,osbe1_0.region_id,osbe1_0.scope_level,osbe1_0.updated_at from object_scope_binding osbe1_0 where osbe1_0.object_type=? and osbe1_0.object_id=?
2026-05-08T17:16:17.435+08:00 DEBUG 38228 --- [uscdip-backend] [nio-8080-exec-9] org.hibernate.SQL                        : select nde1_0.delivery_id,nde1_0.attempt_count,nde1_0.channel,nde1_0.created_at,nde1_0.last_error,nde1_0.next_retry_at,nde1_0.notification_id,nde1_0.sent_at,nde1_0.status,nde1_0.target,nde1_0.updated_at from notification_delivery nde1_0 where nde1_0.notification_id in (?)
2026-05-08T17:16:17.435+08:00 DEBUG 38228 --- [uscdip-backend] [nio-8080-exec-2] org.hibernate.SQL                        : select osbe1_0.binding_id,osbe1_0.created_at,osbe1_0.object_id,osbe1_0.object_type,osbe1_0.owner_user_id,osbe1_0.owner_username,osbe1_0.region_id,osbe1_0.scope_level,osbe1_0.updated_at from object_scope_binding osbe1_0 where osbe1_0.binding_id=?
2026-05-08T17:16:17.436+08:00 DEBUG 38228 --- [uscdip-backend] [nio-8080-exec-2] org.hibernate.SQL                        : select oee1_0.event_id,oee1_0.aggregate_id,oee1_0.aggregate_type,oee1_0.claimed_at,oee1_0.claimed_by,oee1_0.created_at,oee1_0.event_type,oee1_0.last_error,oee1_0.next_retry_time,oee1_0.payload,oee1_0.retry_count,oee1_0.sent_at,oee1_0.status,oee1_0.trace_id,oee1_0.updated_at from outbox_event oee1_0 where oee1_0.event_id=?
2026-05-08T17:16:17.440+08:00 DEBUG 38228 --- [uscdip-backend] [nio-8080-exec-9] org.hibernate.SQL                        : select osbe1_0.binding_id,osbe1_0.created_at,osbe1_0.object_id,osbe1_0.object_type,osbe1_0.owner_user_id,osbe1_0.owner_username,osbe1_0.region_id,osbe1_0.scope_level,osbe1_0.updated_at from object_scope_binding osbe1_0 where osbe1_0.object_type=? and osbe1_0.object_id in (?)
2026-05-08T17:16:17.440+08:00 DEBUG 38228 --- [uscdip-backend] [nio-8080-exec-2] org.hibernate.SQL                        : select tme1_0.source_record_id,tme1_0.is_backfill,tme1_0.batch_no,tme1_0.created_at,tme1_0.device_id,tme1_0.device_time,tme1_0.dq_alarm_conf_factor,tme1_0.dq_completeness,tme1_0.dq_consistency,tme1_0.dq_flags,tme1_0.dq_level,tme1_0.dq_score,tme1_0.dq_scored_at,tme1_0.dq_stability,tme1_0.dq_timeliness,tme1_0.dq_validity,tme1_0.event_time,tme1_0.late_arrival,tme1_0.latency_ms,tme1_0.metric_code,tme1_0.metric_value,tme1_0.original_sample_time,tme1_0.recv_time,tme1_0.seq_no,tme1_0.source_batch_id,tme1_0.trace_id from ts_metric tme1_0 where tme1_0.source_batch_id=? order by tme1_0.event_time
2026-05-08T17:16:17.441+08:00 DEBUG 38228 --- [uscdip-backend] [nio-8080-exec-9] org.hibernate.SQL                        : select ale1_0.audit_id,ale1_0.action,ale1_0.actor_user_id,ale1_0.actor_username,ale1_0.after_snapshot,ale1_0.auth_mode,ale1_0.before_snapshot,ale1_0.client_ip,ale1_0.detail,ale1_0.emergency_account_id,ale1_0.event_category,ale1_0.event_time,ale1_0.event_type,ale1_0.http_method,ale1_0.object_id,ale1_0.object_type,ale1_0.outcome,ale1_0.request_path,ale1_0.risk_level,ale1_0.source_module,ale1_0.source_record_id,ale1_0.source_table,ale1_0.trace_id,ale1_0.user_agent from audit_log ale1_0 where ale1_0.audit_id=?
2026-05-08T17:16:17.442+08:00 DEBUG 38228 --- [uscdip-backend] [nio-8080-exec-9] org.hibernate.SQL                        : insert into audit_log (action,actor_user_id,actor_username,after_snapshot,auth_mode,before_snapshot,client_ip,detail,emergency_account_id,event_category,event_time,event_type,http_method,object_id,object_type,outcome,request_path,risk_level,source_module,source_record_id,source_table,trace_id,user_agent,audit_id) values (?,?,?,?,?,?,?,?,?,?,?,?,?,?,?,?,?,?,?,?,?,?,?,?)
2026-05-08T17:16:17.443+08:00 DEBUG 38228 --- [uscdip-backend] [nio-8080-exec-9] m.m.a.RequestResponseBodyMethodProcessor : Using 'application/json', given [application/json] and supported [application/json, application/*+json]
2026-05-08T17:16:17.445+08:00 DEBUG 38228 --- [uscdip-backend] [nio-8080-exec-2] org.hibernate.SQL                        : insert into alert_case (case_status,created_at,decision_snapshot,dedupe_key,device_id,escalation_level,first_alert_id,first_triggered_at,hit_count,last_alert_id,last_triggered_at,node_id,recovered_at,rule_code,segment_id,severity_current,suppressed_until,trace_id,unsuppressed_hit_count,updated_at,case_id) values (?,?,?,?,?,?,?,?,?,?,?,?,?,?,?,?,?,?,?,?,?)
2026-05-08T17:16:17.446+08:00 DEBUG 38228 --- [uscdip-backend] [nio-8080-exec-2] org.hibernate.SQL                        : insert into incident (alert_conf_final,close_reason,confirmed_at,confirmed_by,created_at,device_id,dq_score_snapshot,incident_type,node_id,resolved_at,segment_id,severity,severity_source,source_alert_id,source_batch_id,source_case_id,source_rule_code,status,title,trace_id,updated_at,version_no,incident_id) values (?,?,?,?,?,?,?,?,?,?,?,?,?,?,?,?,?,?,?,?,?,?,?)
2026-05-08T17:16:17.446+08:00 DEBUG 38228 --- [uscdip-backend] [nio-8080-exec-2] org.hibernate.SQL                        : insert into object_scope_binding (created_at,object_id,object_type,owner_user_id,owner_username,region_id,scope_level,updated_at,binding_id) values (?,?,?,?,?,?,?,?,?)
2026-05-08T17:16:17.446+08:00 DEBUG 38228 --- [uscdip-backend] [nio-8080-exec-2] org.hibernate.SQL                        : insert into outbox_event (aggregate_id,aggregate_type,claimed_at,claimed_by,created_at,event_type,last_error,next_retry_time,payload,retry_count,sent_at,status,trace_id,updated_at,event_id) values (?,?,?,?,?,?,?,?,?,?,?,?,?,?,?)
2026-05-08T17:16:17.447+08:00 DEBUG 38228 --- [uscdip-backend] [nio-8080-exec-2] org.hibernate.SQL                        : update ingest_batch set is_backfill=?,batch_no=?,last_write_at=?,last_write_log_id=?,original_sample_time=?,protocol_type=?,received_at=?,record_count=?,seq_no=?,source_key=?,source_type=?,status=?,trace_id=?,tsdb_write_status=? where batch_id=?
2026-05-08T17:16:17.447+08:00 DEBUG 38228 --- [uscdip-backend] [nio-8080-exec-2] org.hibernate.SQL                        : update ts_write_log set attempt_no=?,created_at=?,duration_ms=?,failed_count=?,last_error=?,next_retry_at=?,requested_count=?,source_batch_id=?,status=?,success_count=?,trace_id=?,updated_at=?,write_type=? where write_log_id=?
2026-05-08T17:16:17.448+08:00 DEBUG 38228 --- [uscdip-backend] [nio-8080-exec-2] org.hibernate.SQL                        : update alert_record set alert_conf_final=?,alert_conf_raw=?,case_id=?,created_at=?,decision=?,dedupe_key=?,device_id=?,dq_alarm_conf_factor=?,dq_level_snapshot=?,dq_score_snapshot=?,escalation_level=?,event_time=?,metric_code=?,metric_value=?,node_id=?,process_status=?,processed_at=?,rule_code=?,segment_id=?,severity=?,source_batch_id=?,source_record_id=?,suppressed=?,trace_id=? where alert_id=?
2026-05-08T17:16:17.450+08:00 DEBUG 38228 --- [uscdip-backend] [nio-8080-exec-9] m.m.a.RequestResponseBodyMethodProcessor : Writing [ApiResponse[success=true, data=PageResponse[items=[NotificationResponse[notificationId=NOTIFY-SEED-W (truncated)...]
2026-05-08T17:16:17.450+08:00 DEBUG 38228 --- [uscdip-backend] [nio-8080-exec-2] org.hibernate.SQL                        : select ale1_0.audit_id,ale1_0.action,ale1_0.actor_user_id,ale1_0.actor_username,ale1_0.after_snapshot,ale1_0.auth_mode,ale1_0.before_snapshot,ale1_0.client_ip,ale1_0.detail,ale1_0.emergency_account_id,ale1_0.event_category,ale1_0.event_time,ale1_0.event_type,ale1_0.http_method,ale1_0.object_id,ale1_0.object_type,ale1_0.outcome,ale1_0.request_path,ale1_0.risk_level,ale1_0.source_module,ale1_0.source_record_id,ale1_0.source_table,ale1_0.trace_id,ale1_0.user_agent from audit_log ale1_0 where ale1_0.audit_id=?
2026-05-08T17:16:17.452+08:00 DEBUG 38228 --- [uscdip-backend] [nio-8080-exec-2] org.hibernate.SQL                        : insert into audit_log (action,actor_user_id,actor_username,after_snapshot,auth_mode,before_snapshot,client_ip,detail,emergency_account_id,event_category,event_time,event_type,http_method,object_id,object_type,outcome,request_path,risk_level,source_module,source_record_id,source_table,trace_id,user_agent,audit_id) values (?,?,?,?,?,?,?,?,?,?,?,?,?,?,?,?,?,?,?,?,?,?,?,?)
2026-05-08T17:16:17.452+08:00 DEBUG 38228 --- [uscdip-backend] [nio-8080-exec-2] o.s.w.s.m.m.a.HttpEntityMethodProcessor  : Using 'application/json', given [application/json] and supported [application/json, application/*+json]
2026-05-08T17:16:17.454+08:00 DEBUG 38228 --- [uscdip-backend] [nio-8080-exec-9] o.s.web.servlet.DispatcherServlet        : Completed 200 OK
2026-05-08T17:16:17.455+08:00 DEBUG 38228 --- [uscdip-backend] [nio-8080-exec-9] org.hibernate.SQL                        : select tlee1_0.event_id,tlee1_0.actor_user_id,tlee1_0.client_ip,tlee1_0.detail,tlee1_0.event_time,tlee1_0.event_type,tlee1_0.latency_ms,tlee1_0.message_id,tlee1_0.object_id,tlee1_0.object_type,tlee1_0.parent_span_id,tlee1_0.recv_time,tlee1_0.route_path,tlee1_0.session_id,tlee1_0.source_module,tlee1_0.span_id,tlee1_0.stage,tlee1_0.status,tlee1_0.topic,tlee1_0.trace_id from trace_link_event tlee1_0 where tlee1_0.event_id=?
2026-05-08T17:16:17.456+08:00 DEBUG 38228 --- [uscdip-backend] [nio-8080-exec-9] org.hibernate.SQL                        : insert into trace_link_event (actor_user_id,client_ip,detail,event_time,event_type,latency_ms,message_id,object_id,object_type,parent_span_id,recv_time,route_path,session_id,source_module,span_id,stage,status,topic,trace_id,event_id) values (?,?,?,?,?,?,?,?,?,?,?,?,?,?,?,?,?,?,?,?)
2026-05-08T17:16:17.459+08:00 DEBUG 38228 --- [uscdip-backend] [nio-8080-exec-2] o.s.w.s.m.m.a.HttpEntityMethodProcessor  : Writing [ApiResponse[success=true, data=UnifiedIngestBatchResponse[batchId=INGB-67c5495e-249b-4310-941f-1ae36 (truncated)...]
2026-05-08T17:16:17.467+08:00 DEBUG 38228 --- [uscdip-backend] [nio-8080-exec-2] o.s.web.servlet.DispatcherServlet        : Completed 201 CREATED
2026-05-08T17:16:17.468+08:00 DEBUG 38228 --- [uscdip-backend] [nio-8080-exec-2] org.hibernate.SQL                        : select tlee1_0.event_id,tlee1_0.actor_user_id,tlee1_0.client_ip,tlee1_0.detail,tlee1_0.event_time,tlee1_0.event_type,tlee1_0.latency_ms,tlee1_0.message_id,tlee1_0.object_id,tlee1_0.object_type,tlee1_0.parent_span_id,tlee1_0.recv_time,tlee1_0.route_path,tlee1_0.session_id,tlee1_0.source_module,tlee1_0.span_id,tlee1_0.stage,tlee1_0.status,tlee1_0.topic,tlee1_0.trace_id from trace_link_event tlee1_0 where tlee1_0.event_id=?
2026-05-08T17:16:17.468+08:00 DEBUG 38228 --- [uscdip-backend] [nio-8080-exec-2] org.hibernate.SQL                        : insert into trace_link_event (actor_user_id,client_ip,detail,event_time,event_type,latency_ms,message_id,object_id,object_type,parent_span_id,recv_time,route_path,session_id,source_module,span_id,stage,status,topic,trace_id,event_id) values (?,?,?,?,?,?,?,?,?,?,?,?,?,?,?,?,?,?,?,?)
2026-05-08T17:16:17.478+08:00 DEBUG 38228 --- [uscdip-backend] [io-8080-exec-10] org.hibernate.SQL                        : select tlee1_0.event_id,tlee1_0.actor_user_id,tlee1_0.client_ip,tlee1_0.detail,tlee1_0.event_time,tlee1_0.event_type,tlee1_0.latency_ms,tlee1_0.message_id,tlee1_0.object_id,tlee1_0.object_type,tlee1_0.parent_span_id,tlee1_0.recv_time,tlee1_0.route_path,tlee1_0.session_id,tlee1_0.source_module,tlee1_0.span_id,tlee1_0.stage,tlee1_0.status,tlee1_0.topic,tlee1_0.trace_id from trace_link_event tlee1_0 where tlee1_0.event_id=?
2026-05-08T17:16:17.478+08:00 DEBUG 38228 --- [uscdip-backend] [io-8080-exec-10] org.hibernate.SQL                        : insert into trace_link_event (actor_user_id,client_ip,detail,event_time,event_type,latency_ms,message_id,object_id,object_type,parent_span_id,recv_time,route_path,session_id,source_module,span_id,stage,status,topic,trace_id,event_id) values (?,?,?,?,?,?,?,?,?,?,?,?,?,?,?,?,?,?,?,?)
2026-05-08T17:16:17.479+08:00 DEBUG 38228 --- [uscdip-backend] [io-8080-exec-10] org.hibernate.SQL                        : select uae1_0.user_id,uae1_0.created_at,uae1_0.disabled_at,uae1_0.display_name,uae1_0.primary_region_id,uae1_0.status,uae1_0.token_valid_after,uae1_0.updated_at,uae1_0.username from user_account uae1_0 where uae1_0.user_id=?
2026-05-08T17:16:17.481+08:00 DEBUG 38228 --- [uscdip-backend] [io-8080-exec-10] org.hibernate.SQL                        : select ase1_0.session_id,ase1_0.auth_mode,ase1_0.client_ip,ase1_0.created_at,ase1_0.emergency_account_id,ase1_0.revoke_reason,ase1_0.revoked_at,ase1_0.status,ase1_0.updated_at,ase1_0.user_agent,ase1_0.user_id from auth_session ase1_0 where ase1_0.session_id=?
2026-05-08T17:16:17.481+08:00 DEBUG 38228 --- [uscdip-backend] [io-8080-exec-10] org.hibernate.SQL                        : select eae1_0.account_id,eae1_0.activated_at,eae1_0.activated_by,eae1_0.created_at,eae1_0.expires_at,eae1_0.last_login_at,eae1_0.linked_user_id,eae1_0.password_hash,eae1_0.revoke_reason,eae1_0.revoked_at,eae1_0.status,eae1_0.updated_at,eae1_0.username from emergency_account eae1_0 where eae1_0.account_id=?
2026-05-08T17:16:17.482+08:00 DEBUG 38228 --- [uscdip-backend] [io-8080-exec-10] org.hibernate.SQL                        : select grpe1_0.policy_id,grpe1_0.audit_enabled,grpe1_0.auth_required,grpe1_0.created_at,grpe1_0.enabled,grpe1_0.http_method,grpe1_0.path_pattern,grpe1_0.rate_limit_capacity,grpe1_0.rate_limit_scope,grpe1_0.rate_limit_window_seconds,grpe1_0.risk_level,grpe1_0.route_code,grpe1_0.updated_at,grpe1_0.validation_profile from gateway_route_policy grpe1_0 where grpe1_0.enabled
2026-05-08T17:16:17.484+08:00 DEBUG 38228 --- [uscdip-backend] [io-8080-exec-10] org.hibernate.SQL                        : select gcre1_0.rule_id,gcre1_0.created_at,gcre1_0.enabled,gcre1_0.expires_at,gcre1_0.reason,gcre1_0.rule_type,gcre1_0.subject_type,gcre1_0.subject_value,gcre1_0.updated_at from gateway_client_rule gcre1_0 where gcre1_0.enabled
2026-05-08T17:16:17.485+08:00 DEBUG 38228 --- [uscdip-backend] [io-8080-exec-10] o.s.web.servlet.DispatcherServlet        : GET "/api/dq/scores?page=1&pageSize=20&sourceBatchId=INGB-67c5495e-249b-4310-941f-1ae36017303d", parameters={masked}
2026-05-08T17:16:17.485+08:00 DEBUG 38228 --- [uscdip-backend] [io-8080-exec-10] s.w.s.m.m.a.RequestMappingHandlerMapping : Mapped to com.uscdip.backend.controller.DataQualityController#getScores(Authentication, int, int, String, String, String, Double, Double, String, Boolean, LocalDateTime, LocalDateTime)
2026-05-08T17:16:17.496+08:00 DEBUG 38228 --- [uscdip-backend] [io-8080-exec-10] org.hibernate.SQL                        : select uae1_0.user_id,uae1_0.created_at,uae1_0.disabled_at,uae1_0.display_name,uae1_0.primary_region_id,uae1_0.status,uae1_0.token_valid_after,uae1_0.updated_at,uae1_0.username from user_account uae1_0 where uae1_0.user_id=?
2026-05-08T17:16:17.498+08:00 DEBUG 38228 --- [uscdip-backend] [io-8080-exec-10] org.hibernate.SQL                        : select ure1_0.id,ure1_0.role_code,ure1_0.user_id from rbac_user_role ure1_0 where ure1_0.user_id=?
2026-05-08T17:16:17.499+08:00 DEBUG 38228 --- [uscdip-backend] [io-8080-exec-10] org.hibernate.SQL                        : select rpe1_0.id,rpe1_0.permission_code,rpe1_0.role_code from rbac_role_permission rpe1_0 where rpe1_0.role_code in (?)
2026-05-08T17:16:17.501+08:00 DEBUG 38228 --- [uscdip-backend] [io-8080-exec-10] org.hibernate.SQL                        : select udse1_0.id,udse1_0.scope_type,udse1_0.scope_value,udse1_0.user_id from user_data_scope udse1_0 where udse1_0.user_id=?
2026-05-08T17:16:17.502+08:00 DEBUG 38228 --- [uscdip-backend] [io-8080-exec-10] org.hibernate.SQL                        : select tsre1_0.id,tsre1_0.description,tsre1_0.role_code,tsre1_0.topic_pattern from topic_scope_rule tsre1_0 where tsre1_0.role_code in (?)
2026-05-08T17:16:17.507+08:00 DEBUG 38228 --- [uscdip-backend] [io-8080-exec-10] org.hibernate.SQL                        : select ure1_0.id,ure1_0.role_code,ure1_0.user_id from rbac_user_role ure1_0 where ure1_0.user_id=?
2026-05-08T17:16:17.508+08:00 DEBUG 38228 --- [uscdip-backend] [io-8080-exec-10] org.hibernate.SQL                        : select rpe1_0.id,rpe1_0.permission_code,rpe1_0.role_code from rbac_role_permission rpe1_0 where rpe1_0.role_code in (?)
2026-05-08T17:16:17.509+08:00 DEBUG 38228 --- [uscdip-backend] [io-8080-exec-10] org.hibernate.SQL                        : select udse1_0.id,udse1_0.scope_type,udse1_0.scope_value,udse1_0.user_id from user_data_scope udse1_0 where udse1_0.user_id=?
2026-05-08T17:16:17.510+08:00 DEBUG 38228 --- [uscdip-backend] [io-8080-exec-10] org.hibernate.SQL                        : select tsre1_0.id,tsre1_0.description,tsre1_0.role_code,tsre1_0.topic_pattern from topic_scope_rule tsre1_0 where tsre1_0.role_code in (?)
2026-05-08T17:16:17.512+08:00 DEBUG 38228 --- [uscdip-backend] [io-8080-exec-10] org.hibernate.SQL                        : select tme1_0.source_record_id,tme1_0.is_backfill,tme1_0.batch_no,tme1_0.created_at,tme1_0.device_id,tme1_0.device_time,tme1_0.dq_alarm_conf_factor,tme1_0.dq_completeness,tme1_0.dq_consistency,tme1_0.dq_flags,tme1_0.dq_level,tme1_0.dq_score,tme1_0.dq_scored_at,tme1_0.dq_stability,tme1_0.dq_timeliness,tme1_0.dq_validity,tme1_0.event_time,tme1_0.late_arrival,tme1_0.latency_ms,tme1_0.metric_code,tme1_0.metric_value,tme1_0.original_sample_time,tme1_0.recv_time,tme1_0.seq_no,tme1_0.source_batch_id,tme1_0.trace_id from ts_metric tme1_0 order by tme1_0.dq_scored_at desc,tme1_0.event_time desc
2026-05-08T17:16:17.516+08:00 DEBUG 38228 --- [uscdip-backend] [io-8080-exec-10] org.hibernate.SQL                        : select osbe1_0.binding_id,osbe1_0.created_at,osbe1_0.object_id,osbe1_0.object_type,osbe1_0.owner_user_id,osbe1_0.owner_username,osbe1_0.region_id,osbe1_0.scope_level,osbe1_0.updated_at from object_scope_binding osbe1_0 where osbe1_0.object_type=? and osbe1_0.object_id in (?,?,?)
2026-05-08T17:16:17.520+08:00 DEBUG 38228 --- [uscdip-backend] [io-8080-exec-10] org.hibernate.SQL                        : select ale1_0.audit_id,ale1_0.action,ale1_0.actor_user_id,ale1_0.actor_username,ale1_0.after_snapshot,ale1_0.auth_mode,ale1_0.before_snapshot,ale1_0.client_ip,ale1_0.detail,ale1_0.emergency_account_id,ale1_0.event_category,ale1_0.event_time,ale1_0.event_type,ale1_0.http_method,ale1_0.object_id,ale1_0.object_type,ale1_0.outcome,ale1_0.request_path,ale1_0.risk_level,ale1_0.source_module,ale1_0.source_record_id,ale1_0.source_table,ale1_0.trace_id,ale1_0.user_agent from audit_log ale1_0 where ale1_0.audit_id=?
2026-05-08T17:16:17.521+08:00 DEBUG 38228 --- [uscdip-backend] [io-8080-exec-10] org.hibernate.SQL                        : insert into audit_log (action,actor_user_id,actor_username,after_snapshot,auth_mode,before_snapshot,client_ip,detail,emergency_account_id,event_category,event_time,event_type,http_method,object_id,object_type,outcome,request_path,risk_level,source_module,source_record_id,source_table,trace_id,user_agent,audit_id) values (?,?,?,?,?,?,?,?,?,?,?,?,?,?,?,?,?,?,?,?,?,?,?,?)
2026-05-08T17:16:17.522+08:00 DEBUG 38228 --- [uscdip-backend] [io-8080-exec-10] m.m.a.RequestResponseBodyMethodProcessor : Using 'application/json', given [application/json] and supported [application/json, application/*+json]
2026-05-08T17:16:17.530+08:00 DEBUG 38228 --- [uscdip-backend] [io-8080-exec-10] m.m.a.RequestResponseBodyMethodProcessor : Writing [ApiResponse[success=true, data=PageResponse[items=[DataQualityScoreResponse[sourceRecordId=INGR-452c (truncated)...]
2026-05-08T17:16:17.533+08:00 DEBUG 38228 --- [uscdip-backend] [io-8080-exec-10] o.s.web.servlet.DispatcherServlet        : Completed 200 OK
2026-05-08T17:16:17.534+08:00 DEBUG 38228 --- [uscdip-backend] [io-8080-exec-10] org.hibernate.SQL                        : select tlee1_0.event_id,tlee1_0.actor_user_id,tlee1_0.client_ip,tlee1_0.detail,tlee1_0.event_time,tlee1_0.event_type,tlee1_0.latency_ms,tlee1_0.message_id,tlee1_0.object_id,tlee1_0.object_type,tlee1_0.parent_span_id,tlee1_0.recv_time,tlee1_0.route_path,tlee1_0.session_id,tlee1_0.source_module,tlee1_0.span_id,tlee1_0.stage,tlee1_0.status,tlee1_0.topic,tlee1_0.trace_id from trace_link_event tlee1_0 where tlee1_0.event_id=?
2026-05-08T17:16:17.535+08:00 DEBUG 38228 --- [uscdip-backend] [io-8080-exec-10] org.hibernate.SQL                        : insert into trace_link_event (actor_user_id,client_ip,detail,event_time,event_type,latency_ms,message_id,object_id,object_type,parent_span_id,recv_time,route_path,session_id,source_module,span_id,stage,status,topic,trace_id,event_id) values (?,?,?,?,?,?,?,?,?,?,?,?,?,?,?,?,?,?,?,?)
2026-05-08T17:16:17.569+08:00 DEBUG 38228 --- [uscdip-backend] [nio-8080-exec-8] org.hibernate.SQL                        : select tlee1_0.event_id,tlee1_0.actor_user_id,tlee1_0.client_ip,tlee1_0.detail,tlee1_0.event_time,tlee1_0.event_type,tlee1_0.latency_ms,tlee1_0.message_id,tlee1_0.object_id,tlee1_0.object_type,tlee1_0.parent_span_id,tlee1_0.recv_time,tlee1_0.route_path,tlee1_0.session_id,tlee1_0.source_module,tlee1_0.span_id,tlee1_0.stage,tlee1_0.status,tlee1_0.topic,tlee1_0.trace_id from trace_link_event tlee1_0 where tlee1_0.event_id=?
2026-05-08T17:16:17.569+08:00 DEBUG 38228 --- [uscdip-backend] [nio-8080-exec-8] org.hibernate.SQL                        : insert into trace_link_event (actor_user_id,client_ip,detail,event_time,event_type,latency_ms,message_id,object_id,object_type,parent_span_id,recv_time,route_path,session_id,source_module,span_id,stage,status,topic,trace_id,event_id) values (?,?,?,?,?,?,?,?,?,?,?,?,?,?,?,?,?,?,?,?)
2026-05-08T17:16:17.571+08:00 DEBUG 38228 --- [uscdip-backend] [nio-8080-exec-8] org.hibernate.SQL                        : select uae1_0.user_id,uae1_0.created_at,uae1_0.disabled_at,uae1_0.display_name,uae1_0.primary_region_id,uae1_0.status,uae1_0.token_valid_after,uae1_0.updated_at,uae1_0.username from user_account uae1_0 where uae1_0.user_id=?
2026-05-08T17:16:17.572+08:00 DEBUG 38228 --- [uscdip-backend] [nio-8080-exec-8] org.hibernate.SQL                        : select ase1_0.session_id,ase1_0.auth_mode,ase1_0.client_ip,ase1_0.created_at,ase1_0.emergency_account_id,ase1_0.revoke_reason,ase1_0.revoked_at,ase1_0.status,ase1_0.updated_at,ase1_0.user_agent,ase1_0.user_id from auth_session ase1_0 where ase1_0.session_id=?
2026-05-08T17:16:17.573+08:00 DEBUG 38228 --- [uscdip-backend] [nio-8080-exec-8] org.hibernate.SQL                        : select eae1_0.account_id,eae1_0.activated_at,eae1_0.activated_by,eae1_0.created_at,eae1_0.expires_at,eae1_0.last_login_at,eae1_0.linked_user_id,eae1_0.password_hash,eae1_0.revoke_reason,eae1_0.revoked_at,eae1_0.status,eae1_0.updated_at,eae1_0.username from emergency_account eae1_0 where eae1_0.account_id=?
2026-05-08T17:16:17.576+08:00 DEBUG 38228 --- [uscdip-backend] [nio-8080-exec-8] org.hibernate.SQL                        : select grpe1_0.policy_id,grpe1_0.audit_enabled,grpe1_0.auth_required,grpe1_0.created_at,grpe1_0.enabled,grpe1_0.http_method,grpe1_0.path_pattern,grpe1_0.rate_limit_capacity,grpe1_0.rate_limit_scope,grpe1_0.rate_limit_window_seconds,grpe1_0.risk_level,grpe1_0.route_code,grpe1_0.updated_at,grpe1_0.validation_profile from gateway_route_policy grpe1_0 where grpe1_0.enabled
2026-05-08T17:16:17.579+08:00 DEBUG 38228 --- [uscdip-backend] [nio-8080-exec-8] org.hibernate.SQL                        : select gcre1_0.rule_id,gcre1_0.created_at,gcre1_0.enabled,gcre1_0.expires_at,gcre1_0.reason,gcre1_0.rule_type,gcre1_0.subject_type,gcre1_0.subject_value,gcre1_0.updated_at from gateway_client_rule gcre1_0 where gcre1_0.enabled
2026-05-08T17:16:17.581+08:00 DEBUG 38228 --- [uscdip-backend] [nio-8080-exec-8] o.s.web.servlet.DispatcherServlet        : GET "/api/alerts?page=1&pageSize=10&deviceId=DEV-001", parameters={masked}
2026-05-08T17:16:17.582+08:00 DEBUG 38228 --- [uscdip-backend] [nio-8080-exec-8] s.w.s.m.m.a.RequestMappingHandlerMapping : Mapped to com.uscdip.backend.controller.AlertController#listAlerts(Authentication, int, int, String, String, String, String, String)
2026-05-08T17:16:17.583+08:00 DEBUG 38228 --- [uscdip-backend] [nio-8080-exec-8] org.hibernate.SQL                        : select uae1_0.user_id,uae1_0.created_at,uae1_0.disabled_at,uae1_0.display_name,uae1_0.primary_region_id,uae1_0.status,uae1_0.token_valid_after,uae1_0.updated_at,uae1_0.username from user_account uae1_0 where uae1_0.user_id=?
2026-05-08T17:16:17.584+08:00 DEBUG 38228 --- [uscdip-backend] [nio-8080-exec-8] org.hibernate.SQL                        : select ure1_0.id,ure1_0.role_code,ure1_0.user_id from rbac_user_role ure1_0 where ure1_0.user_id=?
2026-05-08T17:16:17.586+08:00 DEBUG 38228 --- [uscdip-backend] [nio-8080-exec-8] org.hibernate.SQL                        : select rpe1_0.id,rpe1_0.permission_code,rpe1_0.role_code from rbac_role_permission rpe1_0 where rpe1_0.role_code in (?)
2026-05-08T17:16:17.587+08:00 DEBUG 38228 --- [uscdip-backend] [nio-8080-exec-8] org.hibernate.SQL                        : select udse1_0.id,udse1_0.scope_type,udse1_0.scope_value,udse1_0.user_id from user_data_scope udse1_0 where udse1_0.user_id=?
2026-05-08T17:16:17.588+08:00 DEBUG 38228 --- [uscdip-backend] [nio-8080-exec-8] org.hibernate.SQL                        : select tsre1_0.id,tsre1_0.description,tsre1_0.role_code,tsre1_0.topic_pattern from topic_scope_rule tsre1_0 where tsre1_0.role_code in (?)
2026-05-08T17:16:17.591+08:00 DEBUG 38228 --- [uscdip-backend] [nio-8080-exec-8] org.hibernate.SQL                        : select ure1_0.id,ure1_0.role_code,ure1_0.user_id from rbac_user_role ure1_0 where ure1_0.user_id=?
2026-05-08T17:16:17.592+08:00 DEBUG 38228 --- [uscdip-backend] [nio-8080-exec-8] org.hibernate.SQL                        : select rpe1_0.id,rpe1_0.permission_code,rpe1_0.role_code from rbac_role_permission rpe1_0 where rpe1_0.role_code in (?)
2026-05-08T17:16:17.592+08:00 DEBUG 38228 --- [uscdip-backend] [nio-8080-exec-8] org.hibernate.SQL                        : select udse1_0.id,udse1_0.scope_type,udse1_0.scope_value,udse1_0.user_id from user_data_scope udse1_0 where udse1_0.user_id=?
2026-05-08T17:16:17.593+08:00 DEBUG 38228 --- [uscdip-backend] [nio-8080-exec-8] org.hibernate.SQL                        : select tsre1_0.id,tsre1_0.description,tsre1_0.role_code,tsre1_0.topic_pattern from topic_scope_rule tsre1_0 where tsre1_0.role_code in (?)
2026-05-08T17:16:17.594+08:00 DEBUG 38228 --- [uscdip-backend] [nio-8080-exec-8] org.hibernate.SQL                        : select are1_0.alert_id,are1_0.alert_conf_final,are1_0.alert_conf_raw,are1_0.case_id,are1_0.created_at,are1_0.decision,are1_0.dedupe_key,are1_0.device_id,are1_0.dq_alarm_conf_factor,are1_0.dq_level_snapshot,are1_0.dq_score_snapshot,are1_0.escalation_level,are1_0.event_time,are1_0.metric_code,are1_0.metric_value,are1_0.node_id,are1_0.process_status,are1_0.processed_at,are1_0.rule_code,are1_0.segment_id,are1_0.severity,are1_0.source_batch_id,are1_0.source_record_id,are1_0.suppressed,are1_0.trace_id from alert_record are1_0 order by are1_0.created_at desc,are1_0.alert_id desc
2026-05-08T17:16:17.597+08:00 DEBUG 38228 --- [uscdip-backend] [nio-8080-exec-8] org.hibernate.SQL                        : select osbe1_0.binding_id,osbe1_0.created_at,osbe1_0.object_id,osbe1_0.object_type,osbe1_0.owner_user_id,osbe1_0.owner_username,osbe1_0.region_id,osbe1_0.scope_level,osbe1_0.updated_at from object_scope_binding osbe1_0 where osbe1_0.object_type=? and osbe1_0.object_id in (?,?)
2026-05-08T17:16:17.600+08:00 DEBUG 38228 --- [uscdip-backend] [nio-8080-exec-8] org.hibernate.SQL                        : select ale1_0.audit_id,ale1_0.action,ale1_0.actor_user_id,ale1_0.actor_username,ale1_0.after_snapshot,ale1_0.auth_mode,ale1_0.before_snapshot,ale1_0.client_ip,ale1_0.detail,ale1_0.emergency_account_id,ale1_0.event_category,ale1_0.event_time,ale1_0.event_type,ale1_0.http_method,ale1_0.object_id,ale1_0.object_type,ale1_0.outcome,ale1_0.request_path,ale1_0.risk_level,ale1_0.source_module,ale1_0.source_record_id,ale1_0.source_table,ale1_0.trace_id,ale1_0.user_agent from audit_log ale1_0 where ale1_0.audit_id=?
2026-05-08T17:16:17.601+08:00 DEBUG 38228 --- [uscdip-backend] [nio-8080-exec-8] org.hibernate.SQL                        : insert into audit_log (action,actor_user_id,actor_username,after_snapshot,auth_mode,before_snapshot,client_ip,detail,emergency_account_id,event_category,event_time,event_type,http_method,object_id,object_type,outcome,request_path,risk_level,source_module,source_record_id,source_table,trace_id,user_agent,audit_id) values (?,?,?,?,?,?,?,?,?,?,?,?,?,?,?,?,?,?,?,?,?,?,?,?)
2026-05-08T17:16:17.601+08:00 DEBUG 38228 --- [uscdip-backend] [nio-8080-exec-8] m.m.a.RequestResponseBodyMethodProcessor : Using 'application/json', given [application/json] and supported [application/json, application/*+json]
2026-05-08T17:16:17.608+08:00 DEBUG 38228 --- [uscdip-backend] [nio-8080-exec-8] m.m.a.RequestResponseBodyMethodProcessor : Writing [ApiResponse[success=true, data=PageResponse[items=[AlertRecordResponse[alertId=ALERT-2b78e81a-be5b-4 (truncated)...]
2026-05-08T17:16:17.613+08:00 DEBUG 38228 --- [uscdip-backend] [nio-8080-exec-8] o.s.web.servlet.DispatcherServlet        : Completed 200 OK
2026-05-08T17:16:17.613+08:00 DEBUG 38228 --- [uscdip-backend] [nio-8080-exec-8] org.hibernate.SQL                        : select tlee1_0.event_id,tlee1_0.actor_user_id,tlee1_0.client_ip,tlee1_0.detail,tlee1_0.event_time,tlee1_0.event_type,tlee1_0.latency_ms,tlee1_0.message_id,tlee1_0.object_id,tlee1_0.object_type,tlee1_0.parent_span_id,tlee1_0.recv_time,tlee1_0.route_path,tlee1_0.session_id,tlee1_0.source_module,tlee1_0.span_id,tlee1_0.stage,tlee1_0.status,tlee1_0.topic,tlee1_0.trace_id from trace_link_event tlee1_0 where tlee1_0.event_id=?
2026-05-08T17:16:17.614+08:00 DEBUG 38228 --- [uscdip-backend] [nio-8080-exec-8] org.hibernate.SQL                        : insert into trace_link_event (actor_user_id,client_ip,detail,event_time,event_type,latency_ms,message_id,object_id,object_type,parent_span_id,recv_time,route_path,session_id,source_module,span_id,stage,status,topic,trace_id,event_id) values (?,?,?,?,?,?,?,?,?,?,?,?,?,?,?,?,?,?,?,?)
2026-05-08T17:16:17.690+08:00 DEBUG 38228 --- [uscdip-backend] [nio-8080-exec-6] org.hibernate.SQL                        : select tlee1_0.event_id,tlee1_0.actor_user_id,tlee1_0.client_ip,tlee1_0.detail,tlee1_0.event_time,tlee1_0.event_type,tlee1_0.latency_ms,tlee1_0.message_id,tlee1_0.object_id,tlee1_0.object_type,tlee1_0.parent_span_id,tlee1_0.recv_time,tlee1_0.route_path,tlee1_0.session_id,tlee1_0.source_module,tlee1_0.span_id,tlee1_0.stage,tlee1_0.status,tlee1_0.topic,tlee1_0.trace_id from trace_link_event tlee1_0 where tlee1_0.event_id=?
2026-05-08T17:16:17.690+08:00 DEBUG 38228 --- [uscdip-backend] [nio-8080-exec-6] org.hibernate.SQL                        : insert into trace_link_event (actor_user_id,client_ip,detail,event_time,event_type,latency_ms,message_id,object_id,object_type,parent_span_id,recv_time,route_path,session_id,source_module,span_id,stage,status,topic,trace_id,event_id) values (?,?,?,?,?,?,?,?,?,?,?,?,?,?,?,?,?,?,?,?)
2026-05-08T17:16:17.692+08:00 DEBUG 38228 --- [uscdip-backend] [nio-8080-exec-6] org.hibernate.SQL                        : select uae1_0.user_id,uae1_0.created_at,uae1_0.disabled_at,uae1_0.display_name,uae1_0.primary_region_id,uae1_0.status,uae1_0.token_valid_after,uae1_0.updated_at,uae1_0.username from user_account uae1_0 where uae1_0.user_id=?
2026-05-08T17:16:17.693+08:00 DEBUG 38228 --- [uscdip-backend] [nio-8080-exec-6] org.hibernate.SQL                        : select ase1_0.session_id,ase1_0.auth_mode,ase1_0.client_ip,ase1_0.created_at,ase1_0.emergency_account_id,ase1_0.revoke_reason,ase1_0.revoked_at,ase1_0.status,ase1_0.updated_at,ase1_0.user_agent,ase1_0.user_id from auth_session ase1_0 where ase1_0.session_id=?
2026-05-08T17:16:17.693+08:00 DEBUG 38228 --- [uscdip-backend] [nio-8080-exec-6] org.hibernate.SQL                        : select eae1_0.account_id,eae1_0.activated_at,eae1_0.activated_by,eae1_0.created_at,eae1_0.expires_at,eae1_0.last_login_at,eae1_0.linked_user_id,eae1_0.password_hash,eae1_0.revoke_reason,eae1_0.revoked_at,eae1_0.status,eae1_0.updated_at,eae1_0.username from emergency_account eae1_0 where eae1_0.account_id=?
2026-05-08T17:16:17.695+08:00 DEBUG 38228 --- [uscdip-backend] [nio-8080-exec-6] org.hibernate.SQL                        : select grpe1_0.policy_id,grpe1_0.audit_enabled,grpe1_0.auth_required,grpe1_0.created_at,grpe1_0.enabled,grpe1_0.http_method,grpe1_0.path_pattern,grpe1_0.rate_limit_capacity,grpe1_0.rate_limit_scope,grpe1_0.rate_limit_window_seconds,grpe1_0.risk_level,grpe1_0.route_code,grpe1_0.updated_at,grpe1_0.validation_profile from gateway_route_policy grpe1_0 where grpe1_0.enabled
2026-05-08T17:16:17.696+08:00 DEBUG 38228 --- [uscdip-backend] [nio-8080-exec-6] org.hibernate.SQL                        : select gcre1_0.rule_id,gcre1_0.created_at,gcre1_0.enabled,gcre1_0.expires_at,gcre1_0.reason,gcre1_0.rule_type,gcre1_0.subject_type,gcre1_0.subject_value,gcre1_0.updated_at from gateway_client_rule gcre1_0 where gcre1_0.enabled
2026-05-08T17:16:17.697+08:00 DEBUG 38228 --- [uscdip-backend] [nio-8080-exec-6] o.s.web.servlet.DispatcherServlet        : GET "/api/incidents?page=1&pageSize=10&deviceId=DEV-001", parameters={masked}
2026-05-08T17:16:17.698+08:00 DEBUG 38228 --- [uscdip-backend] [nio-8080-exec-6] s.w.s.m.m.a.RequestMappingHandlerMapping : Mapped to com.uscdip.backend.controller.IncidentController#listIncidents(Authentication, int, int, String, String, String, String)
2026-05-08T17:16:17.700+08:00 DEBUG 38228 --- [uscdip-backend] [nio-8080-exec-6] org.hibernate.SQL                        : select uae1_0.user_id,uae1_0.created_at,uae1_0.disabled_at,uae1_0.display_name,uae1_0.primary_region_id,uae1_0.status,uae1_0.token_valid_after,uae1_0.updated_at,uae1_0.username from user_account uae1_0 where uae1_0.user_id=?
2026-05-08T17:16:17.701+08:00 DEBUG 38228 --- [uscdip-backend] [nio-8080-exec-6] org.hibernate.SQL                        : select ure1_0.id,ure1_0.role_code,ure1_0.user_id from rbac_user_role ure1_0 where ure1_0.user_id=?
2026-05-08T17:16:17.702+08:00 DEBUG 38228 --- [uscdip-backend] [nio-8080-exec-6] org.hibernate.SQL                        : select rpe1_0.id,rpe1_0.permission_code,rpe1_0.role_code from rbac_role_permission rpe1_0 where rpe1_0.role_code in (?)
2026-05-08T17:16:17.703+08:00 DEBUG 38228 --- [uscdip-backend] [nio-8080-exec-6] org.hibernate.SQL                        : select udse1_0.id,udse1_0.scope_type,udse1_0.scope_value,udse1_0.user_id from user_data_scope udse1_0 where udse1_0.user_id=?
2026-05-08T17:16:17.704+08:00 DEBUG 38228 --- [uscdip-backend] [nio-8080-exec-6] org.hibernate.SQL                        : select tsre1_0.id,tsre1_0.description,tsre1_0.role_code,tsre1_0.topic_pattern from topic_scope_rule tsre1_0 where tsre1_0.role_code in (?)
2026-05-08T17:16:17.707+08:00 DEBUG 38228 --- [uscdip-backend] [nio-8080-exec-6] org.hibernate.SQL                        : select ure1_0.id,ure1_0.role_code,ure1_0.user_id from rbac_user_role ure1_0 where ure1_0.user_id=?
2026-05-08T17:16:17.708+08:00 DEBUG 38228 --- [uscdip-backend] [nio-8080-exec-6] org.hibernate.SQL                        : select rpe1_0.id,rpe1_0.permission_code,rpe1_0.role_code from rbac_role_permission rpe1_0 where rpe1_0.role_code in (?)
2026-05-08T17:16:17.710+08:00 DEBUG 38228 --- [uscdip-backend] [nio-8080-exec-6] org.hibernate.SQL                        : select udse1_0.id,udse1_0.scope_type,udse1_0.scope_value,udse1_0.user_id from user_data_scope udse1_0 where udse1_0.user_id=?
2026-05-08T17:16:17.711+08:00 DEBUG 38228 --- [uscdip-backend] [nio-8080-exec-6] org.hibernate.SQL                        : select tsre1_0.id,tsre1_0.description,tsre1_0.role_code,tsre1_0.topic_pattern from topic_scope_rule tsre1_0 where tsre1_0.role_code in (?)
2026-05-08T17:16:17.712+08:00 DEBUG 38228 --- [uscdip-backend] [nio-8080-exec-6] org.hibernate.SQL                        : select ie1_0.incident_id,ie1_0.alert_conf_final,ie1_0.close_reason,ie1_0.confirmed_at,ie1_0.confirmed_by,ie1_0.created_at,ie1_0.device_id,ie1_0.dq_score_snapshot,ie1_0.incident_type,ie1_0.node_id,ie1_0.resolved_at,ie1_0.segment_id,ie1_0.severity,ie1_0.severity_source,ie1_0.source_alert_id,ie1_0.source_batch_id,ie1_0.source_case_id,ie1_0.source_rule_code,ie1_0.status,ie1_0.title,ie1_0.trace_id,ie1_0.updated_at,ie1_0.version_no from incident ie1_0 order by ie1_0.updated_at desc,ie1_0.incident_id desc
2026-05-08T17:16:17.715+08:00 DEBUG 38228 --- [uscdip-backend] [nio-8080-exec-6] org.hibernate.SQL                        : select osbe1_0.binding_id,osbe1_0.created_at,osbe1_0.object_id,osbe1_0.object_type,osbe1_0.owner_user_id,osbe1_0.owner_username,osbe1_0.region_id,osbe1_0.scope_level,osbe1_0.updated_at from object_scope_binding osbe1_0 where osbe1_0.object_type=? and osbe1_0.object_id in (?,?,?,?,?,?,?,?,?,?)
2026-05-08T17:16:17.721+08:00 DEBUG 38228 --- [uscdip-backend] [nio-8080-exec-6] org.hibernate.SQL                        : select ale1_0.audit_id,ale1_0.action,ale1_0.actor_user_id,ale1_0.actor_username,ale1_0.after_snapshot,ale1_0.auth_mode,ale1_0.before_snapshot,ale1_0.client_ip,ale1_0.detail,ale1_0.emergency_account_id,ale1_0.event_category,ale1_0.event_time,ale1_0.event_type,ale1_0.http_method,ale1_0.object_id,ale1_0.object_type,ale1_0.outcome,ale1_0.request_path,ale1_0.risk_level,ale1_0.source_module,ale1_0.source_record_id,ale1_0.source_table,ale1_0.trace_id,ale1_0.user_agent from audit_log ale1_0 where ale1_0.audit_id=?
2026-05-08T17:16:17.722+08:00 DEBUG 38228 --- [uscdip-backend] [nio-8080-exec-6] org.hibernate.SQL                        : insert into audit_log (action,actor_user_id,actor_username,after_snapshot,auth_mode,before_snapshot,client_ip,detail,emergency_account_id,event_category,event_time,event_type,http_method,object_id,object_type,outcome,request_path,risk_level,source_module,source_record_id,source_table,trace_id,user_agent,audit_id) values (?,?,?,?,?,?,?,?,?,?,?,?,?,?,?,?,?,?,?,?,?,?,?,?)
2026-05-08T17:16:17.723+08:00 DEBUG 38228 --- [uscdip-backend] [nio-8080-exec-6] m.m.a.RequestResponseBodyMethodProcessor : Using 'application/json', given [application/json] and supported [application/json, application/*+json]
2026-05-08T17:16:17.731+08:00 DEBUG 38228 --- [uscdip-backend] [nio-8080-exec-6] m.m.a.RequestResponseBodyMethodProcessor : Writing [ApiResponse[success=true, data=PageResponse[items=[IncidentResponse[incidentId=INC-ALERT-9c15c332-7d (truncated)...]
2026-05-08T17:16:17.735+08:00 DEBUG 38228 --- [uscdip-backend] [nio-8080-exec-6] o.s.web.servlet.DispatcherServlet        : Completed 200 OK
2026-05-08T17:16:17.736+08:00 DEBUG 38228 --- [uscdip-backend] [nio-8080-exec-6] org.hibernate.SQL                        : select tlee1_0.event_id,tlee1_0.actor_user_id,tlee1_0.client_ip,tlee1_0.detail,tlee1_0.event_time,tlee1_0.event_type,tlee1_0.latency_ms,tlee1_0.message_id,tlee1_0.object_id,tlee1_0.object_type,tlee1_0.parent_span_id,tlee1_0.recv_time,tlee1_0.route_path,tlee1_0.session_id,tlee1_0.source_module,tlee1_0.span_id,tlee1_0.stage,tlee1_0.status,tlee1_0.topic,tlee1_0.trace_id from trace_link_event tlee1_0 where tlee1_0.event_id=?
2026-05-08T17:16:17.737+08:00 DEBUG 38228 --- [uscdip-backend] [nio-8080-exec-6] org.hibernate.SQL                        : insert into trace_link_event (actor_user_id,client_ip,detail,event_time,event_type,latency_ms,message_id,object_id,object_type,parent_span_id,recv_time,route_path,session_id,source_module,span_id,stage,status,topic,trace_id,event_id) values (?,?,?,?,?,?,?,?,?,?,?,?,?,?,?,?,?,?,?,?)
2026-05-08T17:16:17.784+08:00 DEBUG 38228 --- [uscdip-backend] [nio-8080-exec-7] org.hibernate.SQL                        : select tlee1_0.event_id,tlee1_0.actor_user_id,tlee1_0.client_ip,tlee1_0.detail,tlee1_0.event_time,tlee1_0.event_type,tlee1_0.latency_ms,tlee1_0.message_id,tlee1_0.object_id,tlee1_0.object_type,tlee1_0.parent_span_id,tlee1_0.recv_time,tlee1_0.route_path,tlee1_0.session_id,tlee1_0.source_module,tlee1_0.span_id,tlee1_0.stage,tlee1_0.status,tlee1_0.topic,tlee1_0.trace_id from trace_link_event tlee1_0 where tlee1_0.event_id=?
2026-05-08T17:16:17.785+08:00 DEBUG 38228 --- [uscdip-backend] [nio-8080-exec-7] org.hibernate.SQL                        : insert into trace_link_event (actor_user_id,client_ip,detail,event_time,event_type,latency_ms,message_id,object_id,object_type,parent_span_id,recv_time,route_path,session_id,source_module,span_id,stage,status,topic,trace_id,event_id) values (?,?,?,?,?,?,?,?,?,?,?,?,?,?,?,?,?,?,?,?)
2026-05-08T17:16:17.786+08:00 DEBUG 38228 --- [uscdip-backend] [nio-8080-exec-7] org.hibernate.SQL                        : select uae1_0.user_id,uae1_0.created_at,uae1_0.disabled_at,uae1_0.display_name,uae1_0.primary_region_id,uae1_0.status,uae1_0.token_valid_after,uae1_0.updated_at,uae1_0.username from user_account uae1_0 where uae1_0.user_id=?
2026-05-08T17:16:17.787+08:00 DEBUG 38228 --- [uscdip-backend] [nio-8080-exec-7] org.hibernate.SQL                        : select ase1_0.session_id,ase1_0.auth_mode,ase1_0.client_ip,ase1_0.created_at,ase1_0.emergency_account_id,ase1_0.revoke_reason,ase1_0.revoked_at,ase1_0.status,ase1_0.updated_at,ase1_0.user_agent,ase1_0.user_id from auth_session ase1_0 where ase1_0.session_id=?
2026-05-08T17:16:17.788+08:00 DEBUG 38228 --- [uscdip-backend] [nio-8080-exec-7] org.hibernate.SQL                        : select eae1_0.account_id,eae1_0.activated_at,eae1_0.activated_by,eae1_0.created_at,eae1_0.expires_at,eae1_0.last_login_at,eae1_0.linked_user_id,eae1_0.password_hash,eae1_0.revoke_reason,eae1_0.revoked_at,eae1_0.status,eae1_0.updated_at,eae1_0.username from emergency_account eae1_0 where eae1_0.account_id=?
2026-05-08T17:16:17.789+08:00 DEBUG 38228 --- [uscdip-backend] [nio-8080-exec-7] org.hibernate.SQL                        : select grpe1_0.policy_id,grpe1_0.audit_enabled,grpe1_0.auth_required,grpe1_0.created_at,grpe1_0.enabled,grpe1_0.http_method,grpe1_0.path_pattern,grpe1_0.rate_limit_capacity,grpe1_0.rate_limit_scope,grpe1_0.rate_limit_window_seconds,grpe1_0.risk_level,grpe1_0.route_code,grpe1_0.updated_at,grpe1_0.validation_profile from gateway_route_policy grpe1_0 where grpe1_0.enabled
2026-05-08T17:16:17.792+08:00 DEBUG 38228 --- [uscdip-backend] [nio-8080-exec-7] org.hibernate.SQL                        : select gcre1_0.rule_id,gcre1_0.created_at,gcre1_0.enabled,gcre1_0.expires_at,gcre1_0.reason,gcre1_0.rule_type,gcre1_0.subject_type,gcre1_0.subject_value,gcre1_0.updated_at from gateway_client_rule gcre1_0 where gcre1_0.enabled
2026-05-08T17:16:17.794+08:00 DEBUG 38228 --- [uscdip-backend] [nio-8080-exec-7] o.s.web.servlet.DispatcherServlet        : GET "/api/workorders?page=1&pageSize=10&incidentId=INC-ALERT-SEED-001", parameters={masked}
2026-05-08T17:16:17.795+08:00 DEBUG 38228 --- [uscdip-backend] [nio-8080-exec-7] s.w.s.m.m.a.RequestMappingHandlerMapping : Mapped to com.uscdip.backend.controller.WorkOrderController#listWorkOrders(Authentication, int, int, String, String, String, String)
2026-05-08T17:16:17.796+08:00 DEBUG 38228 --- [uscdip-backend] [nio-8080-exec-7] org.hibernate.SQL                        : select uae1_0.user_id,uae1_0.created_at,uae1_0.disabled_at,uae1_0.display_name,uae1_0.primary_region_id,uae1_0.status,uae1_0.token_valid_after,uae1_0.updated_at,uae1_0.username from user_account uae1_0 where uae1_0.user_id=?
2026-05-08T17:16:17.796+08:00 DEBUG 38228 --- [uscdip-backend] [nio-8080-exec-7] org.hibernate.SQL                        : select ure1_0.id,ure1_0.role_code,ure1_0.user_id from rbac_user_role ure1_0 where ure1_0.user_id=?
2026-05-08T17:16:17.798+08:00 DEBUG 38228 --- [uscdip-backend] [nio-8080-exec-7] org.hibernate.SQL                        : select rpe1_0.id,rpe1_0.permission_code,rpe1_0.role_code from rbac_role_permission rpe1_0 where rpe1_0.role_code in (?)
2026-05-08T17:16:17.799+08:00 DEBUG 38228 --- [uscdip-backend] [nio-8080-exec-7] org.hibernate.SQL                        : select udse1_0.id,udse1_0.scope_type,udse1_0.scope_value,udse1_0.user_id from user_data_scope udse1_0 where udse1_0.user_id=?
2026-05-08T17:16:17.800+08:00 DEBUG 38228 --- [uscdip-backend] [nio-8080-exec-7] org.hibernate.SQL                        : select tsre1_0.id,tsre1_0.description,tsre1_0.role_code,tsre1_0.topic_pattern from topic_scope_rule tsre1_0 where tsre1_0.role_code in (?)
2026-05-08T17:16:17.801+08:00 DEBUG 38228 --- [uscdip-backend] [nio-8080-exec-7] org.hibernate.SQL                        : select ure1_0.id,ure1_0.role_code,ure1_0.user_id from rbac_user_role ure1_0 where ure1_0.user_id=?
2026-05-08T17:16:17.802+08:00 DEBUG 38228 --- [uscdip-backend] [nio-8080-exec-7] org.hibernate.SQL                        : select rpe1_0.id,rpe1_0.permission_code,rpe1_0.role_code from rbac_role_permission rpe1_0 where rpe1_0.role_code in (?)
2026-05-08T17:16:17.803+08:00 DEBUG 38228 --- [uscdip-backend] [nio-8080-exec-7] org.hibernate.SQL                        : select udse1_0.id,udse1_0.scope_type,udse1_0.scope_value,udse1_0.user_id from user_data_scope udse1_0 where udse1_0.user_id=?
2026-05-08T17:16:17.803+08:00 DEBUG 38228 --- [uscdip-backend] [nio-8080-exec-7] org.hibernate.SQL                        : select tsre1_0.id,tsre1_0.description,tsre1_0.role_code,tsre1_0.topic_pattern from topic_scope_rule tsre1_0 where tsre1_0.role_code in (?)
2026-05-08T17:16:17.804+08:00 DEBUG 38228 --- [uscdip-backend] [nio-8080-exec-7] org.hibernate.SQL                        : select woe1_0.work_order_id,woe1_0.accepted_at,woe1_0.accepted_by,woe1_0.assignee,woe1_0.assignee_user_id,woe1_0.close_reason,woe1_0.closed_at,woe1_0.closed_by,woe1_0.completed_at,woe1_0.completed_by,woe1_0.completion_summary,woe1_0.created_at,woe1_0.created_by,woe1_0.description,woe1_0.dispatched_at,woe1_0.dispatched_by,woe1_0.incident_id,woe1_0.node_id,woe1_0.priority,woe1_0.segment_id,woe1_0.sla_due_at,woe1_0.status,woe1_0.updated_at,woe1_0.version_no,woe1_0.work_order_type,woe1_0.writeback_at,woe1_0.writeback_reason,woe1_0.writeback_type from work_order woe1_0 order by woe1_0.updated_at desc,woe1_0.work_order_id desc
2026-05-08T17:16:17.805+08:00 DEBUG 38228 --- [uscdip-backend] [nio-8080-exec-7] org.hibernate.SQL                        : select osbe1_0.binding_id,osbe1_0.created_at,osbe1_0.object_id,osbe1_0.object_type,osbe1_0.owner_user_id,osbe1_0.owner_username,osbe1_0.region_id,osbe1_0.scope_level,osbe1_0.updated_at from object_scope_binding osbe1_0 where osbe1_0.object_type=? and osbe1_0.object_id in (?,?,?,?,?)
2026-05-08T17:16:17.807+08:00 DEBUG 38228 --- [uscdip-backend] [nio-8080-exec-7] org.hibernate.SQL                        : select ale1_0.audit_id,ale1_0.action,ale1_0.actor_user_id,ale1_0.actor_username,ale1_0.after_snapshot,ale1_0.auth_mode,ale1_0.before_snapshot,ale1_0.client_ip,ale1_0.detail,ale1_0.emergency_account_id,ale1_0.event_category,ale1_0.event_time,ale1_0.event_type,ale1_0.http_method,ale1_0.object_id,ale1_0.object_type,ale1_0.outcome,ale1_0.request_path,ale1_0.risk_level,ale1_0.source_module,ale1_0.source_record_id,ale1_0.source_table,ale1_0.trace_id,ale1_0.user_agent from audit_log ale1_0 where ale1_0.audit_id=?
2026-05-08T17:16:17.808+08:00 DEBUG 38228 --- [uscdip-backend] [nio-8080-exec-7] org.hibernate.SQL                        : insert into audit_log (action,actor_user_id,actor_username,after_snapshot,auth_mode,before_snapshot,client_ip,detail,emergency_account_id,event_category,event_time,event_type,http_method,object_id,object_type,outcome,request_path,risk_level,source_module,source_record_id,source_table,trace_id,user_agent,audit_id) values (?,?,?,?,?,?,?,?,?,?,?,?,?,?,?,?,?,?,?,?,?,?,?,?)
2026-05-08T17:16:17.810+08:00 DEBUG 38228 --- [uscdip-backend] [nio-8080-exec-7] m.m.a.RequestResponseBodyMethodProcessor : Using 'application/json', given [application/json] and supported [application/json, application/*+json]
2026-05-08T17:16:17.810+08:00 DEBUG 38228 --- [uscdip-backend] [nio-8080-exec-7] m.m.a.RequestResponseBodyMethodProcessor : Writing [ApiResponse[success=true, data=PageResponse[items=[WorkOrderResponse[workOrderId=WO-B22-DISPATCHED-0 (truncated)...]
2026-05-08T17:16:17.811+08:00 DEBUG 38228 --- [uscdip-backend] [nio-8080-exec-7] o.s.web.servlet.DispatcherServlet        : Completed 200 OK
2026-05-08T17:16:17.812+08:00 DEBUG 38228 --- [uscdip-backend] [nio-8080-exec-7] org.hibernate.SQL                        : select tlee1_0.event_id,tlee1_0.actor_user_id,tlee1_0.client_ip,tlee1_0.detail,tlee1_0.event_time,tlee1_0.event_type,tlee1_0.latency_ms,tlee1_0.message_id,tlee1_0.object_id,tlee1_0.object_type,tlee1_0.parent_span_id,tlee1_0.recv_time,tlee1_0.route_path,tlee1_0.session_id,tlee1_0.source_module,tlee1_0.span_id,tlee1_0.stage,tlee1_0.status,tlee1_0.topic,tlee1_0.trace_id from trace_link_event tlee1_0 where tlee1_0.event_id=?
2026-05-08T17:16:17.812+08:00 DEBUG 38228 --- [uscdip-backend] [nio-8080-exec-7] org.hibernate.SQL                        : insert into trace_link_event (actor_user_id,client_ip,detail,event_time,event_type,latency_ms,message_id,object_id,object_type,parent_span_id,recv_time,route_path,session_id,source_module,span_id,stage,status,topic,trace_id,event_id) values (?,?,?,?,?,?,?,?,?,?,?,?,?,?,?,?,?,?,?,?)
2026-05-08T17:16:17.851+08:00 DEBUG 38228 --- [uscdip-backend] [nio-8080-exec-4] org.hibernate.SQL                        : select tlee1_0.event_id,tlee1_0.actor_user_id,tlee1_0.client_ip,tlee1_0.detail,tlee1_0.event_time,tlee1_0.event_type,tlee1_0.latency_ms,tlee1_0.message_id,tlee1_0.object_id,tlee1_0.object_type,tlee1_0.parent_span_id,tlee1_0.recv_time,tlee1_0.route_path,tlee1_0.session_id,tlee1_0.source_module,tlee1_0.span_id,tlee1_0.stage,tlee1_0.status,tlee1_0.topic,tlee1_0.trace_id from trace_link_event tlee1_0 where tlee1_0.event_id=?
2026-05-08T17:16:17.852+08:00 DEBUG 38228 --- [uscdip-backend] [nio-8080-exec-4] org.hibernate.SQL                        : insert into trace_link_event (actor_user_id,client_ip,detail,event_time,event_type,latency_ms,message_id,object_id,object_type,parent_span_id,recv_time,route_path,session_id,source_module,span_id,stage,status,topic,trace_id,event_id) values (?,?,?,?,?,?,?,?,?,?,?,?,?,?,?,?,?,?,?,?)
2026-05-08T17:16:17.853+08:00 DEBUG 38228 --- [uscdip-backend] [nio-8080-exec-4] org.hibernate.SQL                        : select uae1_0.user_id,uae1_0.created_at,uae1_0.disabled_at,uae1_0.display_name,uae1_0.primary_region_id,uae1_0.status,uae1_0.token_valid_after,uae1_0.updated_at,uae1_0.username from user_account uae1_0 where uae1_0.user_id=?
2026-05-08T17:16:17.854+08:00 DEBUG 38228 --- [uscdip-backend] [nio-8080-exec-4] org.hibernate.SQL                        : select ase1_0.session_id,ase1_0.auth_mode,ase1_0.client_ip,ase1_0.created_at,ase1_0.emergency_account_id,ase1_0.revoke_reason,ase1_0.revoked_at,ase1_0.status,ase1_0.updated_at,ase1_0.user_agent,ase1_0.user_id from auth_session ase1_0 where ase1_0.session_id=?
2026-05-08T17:16:17.854+08:00 DEBUG 38228 --- [uscdip-backend] [nio-8080-exec-4] org.hibernate.SQL                        : select eae1_0.account_id,eae1_0.activated_at,eae1_0.activated_by,eae1_0.created_at,eae1_0.expires_at,eae1_0.last_login_at,eae1_0.linked_user_id,eae1_0.password_hash,eae1_0.revoke_reason,eae1_0.revoked_at,eae1_0.status,eae1_0.updated_at,eae1_0.username from emergency_account eae1_0 where eae1_0.account_id=?
2026-05-08T17:16:17.855+08:00 DEBUG 38228 --- [uscdip-backend] [nio-8080-exec-4] org.hibernate.SQL                        : select grpe1_0.policy_id,grpe1_0.audit_enabled,grpe1_0.auth_required,grpe1_0.created_at,grpe1_0.enabled,grpe1_0.http_method,grpe1_0.path_pattern,grpe1_0.rate_limit_capacity,grpe1_0.rate_limit_scope,grpe1_0.rate_limit_window_seconds,grpe1_0.risk_level,grpe1_0.route_code,grpe1_0.updated_at,grpe1_0.validation_profile from gateway_route_policy grpe1_0 where grpe1_0.enabled
2026-05-08T17:16:17.856+08:00 DEBUG 38228 --- [uscdip-backend] [nio-8080-exec-4] org.hibernate.SQL                        : select gcre1_0.rule_id,gcre1_0.created_at,gcre1_0.enabled,gcre1_0.expires_at,gcre1_0.reason,gcre1_0.rule_type,gcre1_0.subject_type,gcre1_0.subject_value,gcre1_0.updated_at from gateway_client_rule gcre1_0 where gcre1_0.enabled
2026-05-08T17:16:17.857+08:00 DEBUG 38228 --- [uscdip-backend] [nio-8080-exec-4] o.s.web.servlet.DispatcherServlet        : GET "/api/notifications?page=1&pageSize=10", parameters={masked}
2026-05-08T17:16:17.858+08:00 DEBUG 38228 --- [uscdip-backend] [nio-8080-exec-4] s.w.s.m.m.a.RequestMappingHandlerMapping : Mapped to com.uscdip.backend.controller.NotificationController#listNotifications(Authentication, int, int, String, String, String, String, String)
2026-05-08T17:16:17.859+08:00 DEBUG 38228 --- [uscdip-backend] [nio-8080-exec-4] org.hibernate.SQL                        : select uae1_0.user_id,uae1_0.created_at,uae1_0.disabled_at,uae1_0.display_name,uae1_0.primary_region_id,uae1_0.status,uae1_0.token_valid_after,uae1_0.updated_at,uae1_0.username from user_account uae1_0 where uae1_0.user_id=?
2026-05-08T17:16:17.860+08:00 DEBUG 38228 --- [uscdip-backend] [nio-8080-exec-4] org.hibernate.SQL                        : select ure1_0.id,ure1_0.role_code,ure1_0.user_id from rbac_user_role ure1_0 where ure1_0.user_id=?
2026-05-08T17:16:17.860+08:00 DEBUG 38228 --- [uscdip-backend] [nio-8080-exec-4] org.hibernate.SQL                        : select rpe1_0.id,rpe1_0.permission_code,rpe1_0.role_code from rbac_role_permission rpe1_0 where rpe1_0.role_code in (?)
2026-05-08T17:16:17.861+08:00 DEBUG 38228 --- [uscdip-backend] [nio-8080-exec-4] org.hibernate.SQL                        : select udse1_0.id,udse1_0.scope_type,udse1_0.scope_value,udse1_0.user_id from user_data_scope udse1_0 where udse1_0.user_id=?
2026-05-08T17:16:17.861+08:00 DEBUG 38228 --- [uscdip-backend] [nio-8080-exec-4] org.hibernate.SQL                        : select tsre1_0.id,tsre1_0.description,tsre1_0.role_code,tsre1_0.topic_pattern from topic_scope_rule tsre1_0 where tsre1_0.role_code in (?)
2026-05-08T17:16:17.864+08:00 DEBUG 38228 --- [uscdip-backend] [nio-8080-exec-4] org.hibernate.SQL                        : select ure1_0.id,ure1_0.role_code,ure1_0.user_id from rbac_user_role ure1_0 where ure1_0.user_id=?
2026-05-08T17:16:17.864+08:00 DEBUG 38228 --- [uscdip-backend] [nio-8080-exec-4] org.hibernate.SQL                        : select rpe1_0.id,rpe1_0.permission_code,rpe1_0.role_code from rbac_role_permission rpe1_0 where rpe1_0.role_code in (?)
2026-05-08T17:16:17.865+08:00 DEBUG 38228 --- [uscdip-backend] [nio-8080-exec-4] org.hibernate.SQL                        : select udse1_0.id,udse1_0.scope_type,udse1_0.scope_value,udse1_0.user_id from user_data_scope udse1_0 where udse1_0.user_id=?
2026-05-08T17:16:17.865+08:00 DEBUG 38228 --- [uscdip-backend] [nio-8080-exec-4] org.hibernate.SQL                        : select tsre1_0.id,tsre1_0.description,tsre1_0.role_code,tsre1_0.topic_pattern from topic_scope_rule tsre1_0 where tsre1_0.role_code in (?)
2026-05-08T17:16:17.866+08:00 DEBUG 38228 --- [uscdip-backend] [nio-8080-exec-4] org.hibernate.SQL                        : select nme1_0.notification_id,nme1_0.aggregate_id,nme1_0.aggregate_type,nme1_0.completed_at,nme1_0.content,nme1_0.created_at,nme1_0.event_type,nme1_0.idempotent_key,nme1_0.last_error,nme1_0.recipient_user_id,nme1_0.recipient_username,nme1_0.source_event_id,nme1_0.status,nme1_0.title,nme1_0.trace_id,nme1_0.updated_at from notification_message nme1_0 order by nme1_0.created_at desc,nme1_0.notification_id desc
2026-05-08T17:16:17.866+08:00 DEBUG 38228 --- [uscdip-backend] [nio-8080-exec-4] org.hibernate.SQL                        : select nde1_0.delivery_id,nde1_0.attempt_count,nde1_0.channel,nde1_0.created_at,nde1_0.last_error,nde1_0.next_retry_at,nde1_0.notification_id,nde1_0.sent_at,nde1_0.status,nde1_0.target,nde1_0.updated_at from notification_delivery nde1_0 where nde1_0.notification_id in (?)
2026-05-08T17:16:17.868+08:00 DEBUG 38228 --- [uscdip-backend] [nio-8080-exec-4] org.hibernate.SQL                        : select osbe1_0.binding_id,osbe1_0.created_at,osbe1_0.object_id,osbe1_0.object_type,osbe1_0.owner_user_id,osbe1_0.owner_username,osbe1_0.region_id,osbe1_0.scope_level,osbe1_0.updated_at from object_scope_binding osbe1_0 where osbe1_0.object_type=? and osbe1_0.object_id in (?)
2026-05-08T17:16:17.869+08:00 DEBUG 38228 --- [uscdip-backend] [nio-8080-exec-4] org.hibernate.SQL                        : select ale1_0.audit_id,ale1_0.action,ale1_0.actor_user_id,ale1_0.actor_username,ale1_0.after_snapshot,ale1_0.auth_mode,ale1_0.before_snapshot,ale1_0.client_ip,ale1_0.detail,ale1_0.emergency_account_id,ale1_0.event_category,ale1_0.event_time,ale1_0.event_type,ale1_0.http_method,ale1_0.object_id,ale1_0.object_type,ale1_0.outcome,ale1_0.request_path,ale1_0.risk_level,ale1_0.source_module,ale1_0.source_record_id,ale1_0.source_table,ale1_0.trace_id,ale1_0.user_agent from audit_log ale1_0 where ale1_0.audit_id=?
2026-05-08T17:16:17.870+08:00 DEBUG 38228 --- [uscdip-backend] [nio-8080-exec-4] org.hibernate.SQL                        : insert into audit_log (action,actor_user_id,actor_username,after_snapshot,auth_mode,before_snapshot,client_ip,detail,emergency_account_id,event_category,event_time,event_type,http_method,object_id,object_type,outcome,request_path,risk_level,source_module,source_record_id,source_table,trace_id,user_agent,audit_id) values (?,?,?,?,?,?,?,?,?,?,?,?,?,?,?,?,?,?,?,?,?,?,?,?)
2026-05-08T17:16:17.871+08:00 DEBUG 38228 --- [uscdip-backend] [nio-8080-exec-4] m.m.a.RequestResponseBodyMethodProcessor : Using 'application/json', given [application/json] and supported [application/json, application/*+json]
2026-05-08T17:16:17.871+08:00 DEBUG 38228 --- [uscdip-backend] [nio-8080-exec-4] m.m.a.RequestResponseBodyMethodProcessor : Writing [ApiResponse[success=true, data=PageResponse[items=[NotificationResponse[notificationId=NOTIFY-SEED-W (truncated)...]
2026-05-08T17:16:17.872+08:00 DEBUG 38228 --- [uscdip-backend] [nio-8080-exec-4] o.s.web.servlet.DispatcherServlet        : Completed 200 OK
2026-05-08T17:16:17.873+08:00 DEBUG 38228 --- [uscdip-backend] [nio-8080-exec-4] org.hibernate.SQL                        : select tlee1_0.event_id,tlee1_0.actor_user_id,tlee1_0.client_ip,tlee1_0.detail,tlee1_0.event_time,tlee1_0.event_type,tlee1_0.latency_ms,tlee1_0.message_id,tlee1_0.object_id,tlee1_0.object_type,tlee1_0.parent_span_id,tlee1_0.recv_time,tlee1_0.route_path,tlee1_0.session_id,tlee1_0.source_module,tlee1_0.span_id,tlee1_0.stage,tlee1_0.status,tlee1_0.topic,tlee1_0.trace_id from trace_link_event tlee1_0 where tlee1_0.event_id=?
2026-05-08T17:16:17.874+08:00 DEBUG 38228 --- [uscdip-backend] [nio-8080-exec-4] org.hibernate.SQL                        : insert into trace_link_event (actor_user_id,client_ip,detail,event_time,event_type,latency_ms,message_id,object_id,object_type,parent_span_id,recv_time,route_path,session_id,source_module,span_id,stage,status,topic,trace_id,event_id) values (?,?,?,?,?,?,?,?,?,?,?,?,?,?,?,?,?,?,?,?)
2026-05-08T17:16:17.930+08:00 DEBUG 38228 --- [uscdip-backend] [nio-8080-exec-5] org.hibernate.SQL                        : select tlee1_0.event_id,tlee1_0.actor_user_id,tlee1_0.client_ip,tlee1_0.detail,tlee1_0.event_time,tlee1_0.event_type,tlee1_0.latency_ms,tlee1_0.message_id,tlee1_0.object_id,tlee1_0.object_type,tlee1_0.parent_span_id,tlee1_0.recv_time,tlee1_0.route_path,tlee1_0.session_id,tlee1_0.source_module,tlee1_0.span_id,tlee1_0.stage,tlee1_0.status,tlee1_0.topic,tlee1_0.trace_id from trace_link_event tlee1_0 where tlee1_0.event_id=?
2026-05-08T17:16:17.931+08:00 DEBUG 38228 --- [uscdip-backend] [nio-8080-exec-5] org.hibernate.SQL                        : insert into trace_link_event (actor_user_id,client_ip,detail,event_time,event_type,latency_ms,message_id,object_id,object_type,parent_span_id,recv_time,route_path,session_id,source_module,span_id,stage,status,topic,trace_id,event_id) values (?,?,?,?,?,?,?,?,?,?,?,?,?,?,?,?,?,?,?,?)
2026-05-08T17:16:17.933+08:00 DEBUG 38228 --- [uscdip-backend] [nio-8080-exec-5] org.hibernate.SQL                        : select uae1_0.user_id,uae1_0.created_at,uae1_0.disabled_at,uae1_0.display_name,uae1_0.primary_region_id,uae1_0.status,uae1_0.token_valid_after,uae1_0.updated_at,uae1_0.username from user_account uae1_0 where uae1_0.user_id=?
2026-05-08T17:16:17.933+08:00 DEBUG 38228 --- [uscdip-backend] [nio-8080-exec-5] org.hibernate.SQL                        : select ase1_0.session_id,ase1_0.auth_mode,ase1_0.client_ip,ase1_0.created_at,ase1_0.emergency_account_id,ase1_0.revoke_reason,ase1_0.revoked_at,ase1_0.status,ase1_0.updated_at,ase1_0.user_agent,ase1_0.user_id from auth_session ase1_0 where ase1_0.session_id=?
2026-05-08T17:16:17.934+08:00 DEBUG 38228 --- [uscdip-backend] [nio-8080-exec-5] org.hibernate.SQL                        : select eae1_0.account_id,eae1_0.activated_at,eae1_0.activated_by,eae1_0.created_at,eae1_0.expires_at,eae1_0.last_login_at,eae1_0.linked_user_id,eae1_0.password_hash,eae1_0.revoke_reason,eae1_0.revoked_at,eae1_0.status,eae1_0.updated_at,eae1_0.username from emergency_account eae1_0 where eae1_0.account_id=?
2026-05-08T17:16:17.935+08:00 DEBUG 38228 --- [uscdip-backend] [nio-8080-exec-5] org.hibernate.SQL                        : select grpe1_0.policy_id,grpe1_0.audit_enabled,grpe1_0.auth_required,grpe1_0.created_at,grpe1_0.enabled,grpe1_0.http_method,grpe1_0.path_pattern,grpe1_0.rate_limit_capacity,grpe1_0.rate_limit_scope,grpe1_0.rate_limit_window_seconds,grpe1_0.risk_level,grpe1_0.route_code,grpe1_0.updated_at,grpe1_0.validation_profile from gateway_route_policy grpe1_0 where grpe1_0.enabled
2026-05-08T17:16:17.936+08:00 DEBUG 38228 --- [uscdip-backend] [nio-8080-exec-5] org.hibernate.SQL                        : select gcre1_0.rule_id,gcre1_0.created_at,gcre1_0.enabled,gcre1_0.expires_at,gcre1_0.reason,gcre1_0.rule_type,gcre1_0.subject_type,gcre1_0.subject_value,gcre1_0.updated_at from gateway_client_rule gcre1_0 where gcre1_0.enabled
2026-05-08T17:16:17.938+08:00 DEBUG 38228 --- [uscdip-backend] [nio-8080-exec-5] o.s.web.servlet.DispatcherServlet        : GET "/api/auth/me", parameters={}
2026-05-08T17:16:17.938+08:00 DEBUG 38228 --- [uscdip-backend] [nio-8080-exec-5] s.w.s.m.m.a.RequestMappingHandlerMapping : Mapped to com.uscdip.backend.controller.AuthController#me(Authentication, HttpServletRequest)
2026-05-08T17:16:17.939+08:00 DEBUG 38228 --- [uscdip-backend] [nio-8080-exec-5] org.hibernate.SQL                        : select uae1_0.user_id,uae1_0.created_at,uae1_0.disabled_at,uae1_0.display_name,uae1_0.primary_region_id,uae1_0.status,uae1_0.token_valid_after,uae1_0.updated_at,uae1_0.username from user_account uae1_0 where uae1_0.user_id=?
2026-05-08T17:16:17.939+08:00 DEBUG 38228 --- [uscdip-backend] [nio-8080-exec-5] org.hibernate.SQL                        : select ure1_0.id,ure1_0.role_code,ure1_0.user_id from rbac_user_role ure1_0 where ure1_0.user_id=?
2026-05-08T17:16:17.940+08:00 DEBUG 38228 --- [uscdip-backend] [nio-8080-exec-5] org.hibernate.SQL                        : select rpe1_0.id,rpe1_0.permission_code,rpe1_0.role_code from rbac_role_permission rpe1_0 where rpe1_0.role_code in (?)
2026-05-08T17:16:17.941+08:00 DEBUG 38228 --- [uscdip-backend] [nio-8080-exec-5] org.hibernate.SQL                        : select udse1_0.id,udse1_0.scope_type,udse1_0.scope_value,udse1_0.user_id from user_data_scope udse1_0 where udse1_0.user_id=?
2026-05-08T17:16:17.942+08:00 DEBUG 38228 --- [uscdip-backend] [nio-8080-exec-5] org.hibernate.SQL                        : select tsre1_0.id,tsre1_0.description,tsre1_0.role_code,tsre1_0.topic_pattern from topic_scope_rule tsre1_0 where tsre1_0.role_code in (?)
2026-05-08T17:16:17.943+08:00 DEBUG 38228 --- [uscdip-backend] [nio-8080-exec-5] o.s.w.s.m.m.a.HttpEntityMethodProcessor  : Using 'application/json', given [application/json] and supported [application/json, application/*+json]
2026-05-08T17:16:17.943+08:00 DEBUG 38228 --- [uscdip-backend] [nio-8080-exec-5] o.s.w.s.m.m.a.HttpEntityMethodProcessor  : Writing [ApiResponse[success=true, data={userId=U-ADMIN-001, authenticationType=UsernamePasswordAuthenticatio (truncated)...]
2026-05-08T17:16:17.944+08:00 DEBUG 38228 --- [uscdip-backend] [nio-8080-exec-5] o.s.web.servlet.DispatcherServlet        : Completed 200 OK
2026-05-08T17:16:17.945+08:00 DEBUG 38228 --- [uscdip-backend] [nio-8080-exec-5] org.hibernate.SQL                        : select tlee1_0.event_id,tlee1_0.actor_user_id,tlee1_0.client_ip,tlee1_0.detail,tlee1_0.event_time,tlee1_0.event_type,tlee1_0.latency_ms,tlee1_0.message_id,tlee1_0.object_id,tlee1_0.object_type,tlee1_0.parent_span_id,tlee1_0.recv_time,tlee1_0.route_path,tlee1_0.session_id,tlee1_0.source_module,tlee1_0.span_id,tlee1_0.stage,tlee1_0.status,tlee1_0.topic,tlee1_0.trace_id from trace_link_event tlee1_0 where tlee1_0.event_id=?
2026-05-08T17:16:17.945+08:00 DEBUG 38228 --- [uscdip-backend] [nio-8080-exec-5] org.hibernate.SQL                        : insert into trace_link_event (actor_user_id,client_ip,detail,event_time,event_type,latency_ms,message_id,object_id,object_type,parent_span_id,recv_time,route_path,session_id,source_module,span_id,stage,status,topic,trace_id,event_id) values (?,?,?,?,?,?,?,?,?,?,?,?,?,?,?,?,?,?,?,?)
2026-05-08T17:16:19.700+08:00 DEBUG 38228 --- [uscdip-backend] [nio-8080-exec-1] org.hibernate.SQL                        : select tlee1_0.event_id,tlee1_0.actor_user_id,tlee1_0.client_ip,tlee1_0.detail,tlee1_0.event_time,tlee1_0.event_type,tlee1_0.latency_ms,tlee1_0.message_id,tlee1_0.object_id,tlee1_0.object_type,tlee1_0.parent_span_id,tlee1_0.recv_time,tlee1_0.route_path,tlee1_0.session_id,tlee1_0.source_module,tlee1_0.span_id,tlee1_0.stage,tlee1_0.status,tlee1_0.topic,tlee1_0.trace_id from trace_link_event tlee1_0 where tlee1_0.event_id=?
2026-05-08T17:16:19.701+08:00 DEBUG 38228 --- [uscdip-backend] [nio-8080-exec-1] org.hibernate.SQL                        : insert into trace_link_event (actor_user_id,client_ip,detail,event_time,event_type,latency_ms,message_id,object_id,object_type,parent_span_id,recv_time,route_path,session_id,source_module,span_id,stage,status,topic,trace_id,event_id) values (?,?,?,?,?,?,?,?,?,?,?,?,?,?,?,?,?,?,?,?)
2026-05-08T17:16:19.702+08:00 DEBUG 38228 --- [uscdip-backend] [nio-8080-exec-1] org.hibernate.SQL                        : select uae1_0.user_id,uae1_0.created_at,uae1_0.disabled_at,uae1_0.display_name,uae1_0.primary_region_id,uae1_0.status,uae1_0.token_valid_after,uae1_0.updated_at,uae1_0.username from user_account uae1_0 where uae1_0.user_id=?
2026-05-08T17:16:19.703+08:00 DEBUG 38228 --- [uscdip-backend] [nio-8080-exec-1] org.hibernate.SQL                        : select ase1_0.session_id,ase1_0.auth_mode,ase1_0.client_ip,ase1_0.created_at,ase1_0.emergency_account_id,ase1_0.revoke_reason,ase1_0.revoked_at,ase1_0.status,ase1_0.updated_at,ase1_0.user_agent,ase1_0.user_id from auth_session ase1_0 where ase1_0.session_id=?
2026-05-08T17:16:19.704+08:00 DEBUG 38228 --- [uscdip-backend] [nio-8080-exec-1] org.hibernate.SQL                        : select eae1_0.account_id,eae1_0.activated_at,eae1_0.activated_by,eae1_0.created_at,eae1_0.expires_at,eae1_0.last_login_at,eae1_0.linked_user_id,eae1_0.password_hash,eae1_0.revoke_reason,eae1_0.revoked_at,eae1_0.status,eae1_0.updated_at,eae1_0.username from emergency_account eae1_0 where eae1_0.account_id=?
2026-05-08T17:16:19.705+08:00 DEBUG 38228 --- [uscdip-backend] [nio-8080-exec-1] org.hibernate.SQL                        : select grpe1_0.policy_id,grpe1_0.audit_enabled,grpe1_0.auth_required,grpe1_0.created_at,grpe1_0.enabled,grpe1_0.http_method,grpe1_0.path_pattern,grpe1_0.rate_limit_capacity,grpe1_0.rate_limit_scope,grpe1_0.rate_limit_window_seconds,grpe1_0.risk_level,grpe1_0.route_code,grpe1_0.updated_at,grpe1_0.validation_profile from gateway_route_policy grpe1_0 where grpe1_0.enabled
2026-05-08T17:16:19.707+08:00 DEBUG 38228 --- [uscdip-backend] [nio-8080-exec-1] org.hibernate.SQL                        : select gcre1_0.rule_id,gcre1_0.created_at,gcre1_0.enabled,gcre1_0.expires_at,gcre1_0.reason,gcre1_0.rule_type,gcre1_0.subject_type,gcre1_0.subject_value,gcre1_0.updated_at from gateway_client_rule gcre1_0 where gcre1_0.enabled
2026-05-08T17:16:19.709+08:00 DEBUG 38228 --- [uscdip-backend] [nio-8080-exec-1] o.s.web.servlet.DispatcherServlet        : GET "/api/dq/scores?page=1&pageSize=100&deviceId=DEV-001&metricCode=PRESSURE&startTime=2026-05-01T17%3A16%3A19&endTime=2026-05-08T17%3A16%3A19", parameters={masked}
2026-05-08T17:16:19.709+08:00 DEBUG 38228 --- [uscdip-backend] [nio-8080-exec-1] s.w.s.m.m.a.RequestMappingHandlerMapping : Mapped to com.uscdip.backend.controller.DataQualityController#getScores(Authentication, int, int, String, String, String, Double, Double, String, Boolean, LocalDateTime, LocalDateTime)
2026-05-08T17:16:19.712+08:00 DEBUG 38228 --- [uscdip-backend] [nio-8080-exec-1] org.hibernate.SQL                        : select uae1_0.user_id,uae1_0.created_at,uae1_0.disabled_at,uae1_0.display_name,uae1_0.primary_region_id,uae1_0.status,uae1_0.token_valid_after,uae1_0.updated_at,uae1_0.username from user_account uae1_0 where uae1_0.user_id=?
2026-05-08T17:16:19.714+08:00 DEBUG 38228 --- [uscdip-backend] [nio-8080-exec-1] org.hibernate.SQL                        : select ure1_0.id,ure1_0.role_code,ure1_0.user_id from rbac_user_role ure1_0 where ure1_0.user_id=?
2026-05-08T17:16:19.714+08:00 DEBUG 38228 --- [uscdip-backend] [nio-8080-exec-1] org.hibernate.SQL                        : select rpe1_0.id,rpe1_0.permission_code,rpe1_0.role_code from rbac_role_permission rpe1_0 where rpe1_0.role_code in (?)
2026-05-08T17:16:19.715+08:00 DEBUG 38228 --- [uscdip-backend] [nio-8080-exec-1] org.hibernate.SQL                        : select udse1_0.id,udse1_0.scope_type,udse1_0.scope_value,udse1_0.user_id from user_data_scope udse1_0 where udse1_0.user_id=?
2026-05-08T17:16:19.716+08:00 DEBUG 38228 --- [uscdip-backend] [nio-8080-exec-1] org.hibernate.SQL                        : select tsre1_0.id,tsre1_0.description,tsre1_0.role_code,tsre1_0.topic_pattern from topic_scope_rule tsre1_0 where tsre1_0.role_code in (?)
2026-05-08T17:16:19.719+08:00 DEBUG 38228 --- [uscdip-backend] [nio-8080-exec-1] org.hibernate.SQL                        : select ure1_0.id,ure1_0.role_code,ure1_0.user_id from rbac_user_role ure1_0 where ure1_0.user_id=?
2026-05-08T17:16:19.720+08:00 DEBUG 38228 --- [uscdip-backend] [nio-8080-exec-1] org.hibernate.SQL                        : select rpe1_0.id,rpe1_0.permission_code,rpe1_0.role_code from rbac_role_permission rpe1_0 where rpe1_0.role_code in (?)
2026-05-08T17:16:19.721+08:00 DEBUG 38228 --- [uscdip-backend] [nio-8080-exec-1] org.hibernate.SQL                        : select udse1_0.id,udse1_0.scope_type,udse1_0.scope_value,udse1_0.user_id from user_data_scope udse1_0 where udse1_0.user_id=?
2026-05-08T17:16:19.722+08:00 DEBUG 38228 --- [uscdip-backend] [nio-8080-exec-1] org.hibernate.SQL                        : select tsre1_0.id,tsre1_0.description,tsre1_0.role_code,tsre1_0.topic_pattern from topic_scope_rule tsre1_0 where tsre1_0.role_code in (?)
2026-05-08T17:16:19.723+08:00 DEBUG 38228 --- [uscdip-backend] [nio-8080-exec-1] org.hibernate.SQL                        : select tme1_0.source_record_id,tme1_0.is_backfill,tme1_0.batch_no,tme1_0.created_at,tme1_0.device_id,tme1_0.device_time,tme1_0.dq_alarm_conf_factor,tme1_0.dq_completeness,tme1_0.dq_consistency,tme1_0.dq_flags,tme1_0.dq_level,tme1_0.dq_score,tme1_0.dq_scored_at,tme1_0.dq_stability,tme1_0.dq_timeliness,tme1_0.dq_validity,tme1_0.event_time,tme1_0.late_arrival,tme1_0.latency_ms,tme1_0.metric_code,tme1_0.metric_value,tme1_0.original_sample_time,tme1_0.recv_time,tme1_0.seq_no,tme1_0.source_batch_id,tme1_0.trace_id from ts_metric tme1_0 order by tme1_0.dq_scored_at desc,tme1_0.event_time desc
2026-05-08T17:16:19.725+08:00 DEBUG 38228 --- [uscdip-backend] [nio-8080-exec-1] org.hibernate.SQL                        : select osbe1_0.binding_id,osbe1_0.created_at,osbe1_0.object_id,osbe1_0.object_type,osbe1_0.owner_user_id,osbe1_0.owner_username,osbe1_0.region_id,osbe1_0.scope_level,osbe1_0.updated_at from object_scope_binding osbe1_0 where osbe1_0.object_type=? and osbe1_0.object_id in (?,?,?)
2026-05-08T17:16:19.726+08:00 DEBUG 38228 --- [uscdip-backend] [nio-8080-exec-1] org.hibernate.SQL                        : select ale1_0.audit_id,ale1_0.action,ale1_0.actor_user_id,ale1_0.actor_username,ale1_0.after_snapshot,ale1_0.auth_mode,ale1_0.before_snapshot,ale1_0.client_ip,ale1_0.detail,ale1_0.emergency_account_id,ale1_0.event_category,ale1_0.event_time,ale1_0.event_type,ale1_0.http_method,ale1_0.object_id,ale1_0.object_type,ale1_0.outcome,ale1_0.request_path,ale1_0.risk_level,ale1_0.source_module,ale1_0.source_record_id,ale1_0.source_table,ale1_0.trace_id,ale1_0.user_agent from audit_log ale1_0 where ale1_0.audit_id=?
2026-05-08T17:16:19.727+08:00 DEBUG 38228 --- [uscdip-backend] [nio-8080-exec-1] org.hibernate.SQL                        : insert into audit_log (action,actor_user_id,actor_username,after_snapshot,auth_mode,before_snapshot,client_ip,detail,emergency_account_id,event_category,event_time,event_type,http_method,object_id,object_type,outcome,request_path,risk_level,source_module,source_record_id,source_table,trace_id,user_agent,audit_id) values (?,?,?,?,?,?,?,?,?,?,?,?,?,?,?,?,?,?,?,?,?,?,?,?)
2026-05-08T17:16:19.729+08:00 DEBUG 38228 --- [uscdip-backend] [nio-8080-exec-1] m.m.a.RequestResponseBodyMethodProcessor : Using 'application/json', given [application/json] and supported [application/json, application/*+json]
2026-05-08T17:16:19.730+08:00 DEBUG 38228 --- [uscdip-backend] [nio-8080-exec-1] m.m.a.RequestResponseBodyMethodProcessor : Writing [ApiResponse[success=true, data=PageResponse[items=[DataQualityScoreResponse[sourceRecordId=INGR-6592 (truncated)...]
2026-05-08T17:16:19.733+08:00 DEBUG 38228 --- [uscdip-backend] [nio-8080-exec-1] o.s.web.servlet.DispatcherServlet        : Completed 200 OK
2026-05-08T17:16:19.734+08:00 DEBUG 38228 --- [uscdip-backend] [nio-8080-exec-1] org.hibernate.SQL                        : select tlee1_0.event_id,tlee1_0.actor_user_id,tlee1_0.client_ip,tlee1_0.detail,tlee1_0.event_time,tlee1_0.event_type,tlee1_0.latency_ms,tlee1_0.message_id,tlee1_0.object_id,tlee1_0.object_type,tlee1_0.parent_span_id,tlee1_0.recv_time,tlee1_0.route_path,tlee1_0.session_id,tlee1_0.source_module,tlee1_0.span_id,tlee1_0.stage,tlee1_0.status,tlee1_0.topic,tlee1_0.trace_id from trace_link_event tlee1_0 where tlee1_0.event_id=?
2026-05-08T17:16:19.736+08:00 DEBUG 38228 --- [uscdip-backend] [nio-8080-exec-1] org.hibernate.SQL                        : insert into trace_link_event (actor_user_id,client_ip,detail,event_time,event_type,latency_ms,message_id,object_id,object_type,parent_span_id,recv_time,route_path,session_id,source_module,span_id,stage,status,topic,trace_id,event_id) values (?,?,?,?,?,?,?,?,?,?,?,?,?,?,?,?,?,?,?,?)
2026-05-08T17:16:21.460+08:00 DEBUG 38228 --- [uscdip-backend] [pool-2-thread-1] org.hibernate.SQL                        : select ace1_0.case_id,ace1_0.case_status,ace1_0.created_at,ace1_0.decision_snapshot,ace1_0.dedupe_key,ace1_0.device_id,ace1_0.escalation_level,ace1_0.first_alert_id,ace1_0.first_triggered_at,ace1_0.hit_count,ace1_0.last_alert_id,ace1_0.last_triggered_at,ace1_0.node_id,ace1_0.recovered_at,ace1_0.rule_code,ace1_0.segment_id,ace1_0.severity_current,ace1_0.suppressed_until,ace1_0.trace_id,ace1_0.unsuppressed_hit_count,ace1_0.updated_at from alert_case ace1_0 where ace1_0.case_status in (?,?,?,?,?) and ace1_0.last_triggered_at<?
2026-05-08T17:16:21.461+08:00 DEBUG 38228 --- [uscdip-backend] [pool-2-thread-1] org.hibernate.SQL                        : select ape1_0.policy_id,ape1_0.created_at,ape1_0.dedupe_window_seconds,ape1_0.enabled,ape1_0.escalate_threshold_l1,ape1_0.escalate_threshold_l2,ape1_0.recovery_window_seconds,ape1_0.rule_code,ape1_0.suppress_window_seconds,ape1_0.updated_at from alert_policy ape1_0 order by ape1_0.rule_code
2026-05-08T17:16:21.482+08:00 DEBUG 38228 --- [uscdip-backend] [pool-2-thread-1] org.hibernate.SQL                        : select nde1_0.delivery_id,nde1_0.attempt_count,nde1_0.channel,nde1_0.created_at,nde1_0.last_error,nde1_0.next_retry_at,nde1_0.notification_id,nde1_0.sent_at,nde1_0.status,nde1_0.target,nde1_0.updated_at from notification_delivery nde1_0 where nde1_0.status=? and nde1_0.next_retry_at<=? order by nde1_0.next_retry_at
2026-05-08T17:16:21.563+08:00 DEBUG 38228 --- [uscdip-backend] [pool-2-thread-1] org.hibernate.SQL                        : select oee1_0.event_id,oee1_0.aggregate_id,oee1_0.aggregate_type,oee1_0.claimed_at,oee1_0.claimed_by,oee1_0.created_at,oee1_0.event_type,oee1_0.last_error,oee1_0.next_retry_time,oee1_0.payload,oee1_0.retry_count,oee1_0.sent_at,oee1_0.status,oee1_0.trace_id,oee1_0.updated_at from outbox_event oee1_0 where oee1_0.status=? and oee1_0.claimed_at<? order by oee1_0.created_at
2026-05-08T17:16:21.564+08:00 DEBUG 38228 --- [uscdip-backend] [pool-2-thread-1] org.hibernate.SQL                        : select oee1_0.event_id,oee1_0.aggregate_id,oee1_0.aggregate_type,oee1_0.claimed_at,oee1_0.claimed_by,oee1_0.created_at,oee1_0.event_type,oee1_0.last_error,oee1_0.next_retry_time,oee1_0.payload,oee1_0.retry_count,oee1_0.sent_at,oee1_0.status,oee1_0.trace_id,oee1_0.updated_at from outbox_event oee1_0 where oee1_0.status in (?,?) and oee1_0.next_retry_time<=? order by oee1_0.created_at fetch first ? rows only
2026-05-08T17:16:21.565+08:00  INFO 38228 --- [uscdip-backend] [pool-2-thread-1] c.u.b.service.LoggingOutboxDispatcher    : outbox dispatch eventId=OBE-b7e1e142-d0b5-482d-958c-abd5cba4a7e5 eventType=INCIDENT_OPENED aggregateType=INCIDENT aggregateId=INC-ALERT-d9158e46-75f0-4e44-8b63-38f8274801c4 traceId=TRACE-SMOKE-INGEST-1778231777216
2026-05-08T17:16:21.566+08:00 DEBUG 38228 --- [uscdip-backend] [pool-2-thread-1] org.hibernate.SQL                        : select tlee1_0.event_id,tlee1_0.actor_user_id,tlee1_0.client_ip,tlee1_0.detail,tlee1_0.event_time,tlee1_0.event_type,tlee1_0.latency_ms,tlee1_0.message_id,tlee1_0.object_id,tlee1_0.object_type,tlee1_0.parent_span_id,tlee1_0.recv_time,tlee1_0.route_path,tlee1_0.session_id,tlee1_0.source_module,tlee1_0.span_id,tlee1_0.stage,tlee1_0.status,tlee1_0.topic,tlee1_0.trace_id from trace_link_event tlee1_0 where tlee1_0.event_id=?
2026-05-08T17:16:21.566+08:00 DEBUG 38228 --- [uscdip-backend] [pool-2-thread-1] org.hibernate.SQL                        : insert into trace_link_event (actor_user_id,client_ip,detail,event_time,event_type,latency_ms,message_id,object_id,object_type,parent_span_id,recv_time,route_path,session_id,source_module,span_id,stage,status,topic,trace_id,event_id) values (?,?,?,?,?,?,?,?,?,?,?,?,?,?,?,?,?,?,?,?)
2026-05-08T17:16:21.566+08:00  INFO 38228 --- [uscdip-backend] [pool-2-thread-1] c.u.b.service.LoggingOutboxDispatcher    : outbox dispatch eventId=OBE-adebe5fe-f91f-411b-9bd1-65928f8b4ade eventType=INCIDENT_OPENED aggregateType=INCIDENT aggregateId=INC-ALERT-9c15c332-7d7e-4213-8695-ba1b18870604 traceId=TRACE-SMOKE-INGEST-1778231777216
2026-05-08T17:16:21.567+08:00 DEBUG 38228 --- [uscdip-backend] [pool-2-thread-1] org.hibernate.SQL                        : select tlee1_0.event_id,tlee1_0.actor_user_id,tlee1_0.client_ip,tlee1_0.detail,tlee1_0.event_time,tlee1_0.event_type,tlee1_0.latency_ms,tlee1_0.message_id,tlee1_0.object_id,tlee1_0.object_type,tlee1_0.parent_span_id,tlee1_0.recv_time,tlee1_0.route_path,tlee1_0.session_id,tlee1_0.source_module,tlee1_0.span_id,tlee1_0.stage,tlee1_0.status,tlee1_0.topic,tlee1_0.trace_id from trace_link_event tlee1_0 where tlee1_0.event_id=?
2026-05-08T17:16:21.567+08:00 DEBUG 38228 --- [uscdip-backend] [pool-2-thread-1] org.hibernate.SQL                        : insert into trace_link_event (actor_user_id,client_ip,detail,event_time,event_type,latency_ms,message_id,object_id,object_type,parent_span_id,recv_time,route_path,session_id,source_module,span_id,stage,status,topic,trace_id,event_id) values (?,?,?,?,?,?,?,?,?,?,?,?,?,?,?,?,?,?,?,?)
2026-05-08T17:16:21.569+08:00 DEBUG 38228 --- [uscdip-backend] [pool-2-thread-1] org.hibernate.SQL                        : update outbox_event set aggregate_id=?,aggregate_type=?,claimed_at=?,claimed_by=?,created_at=?,event_type=?,last_error=?,next_retry_time=?,payload=?,retry_count=?,sent_at=?,status=?,trace_id=?,updated_at=? where event_id=?
2026-05-08T17:16:21.570+08:00 DEBUG 38228 --- [uscdip-backend] [pool-2-thread-1] org.hibernate.SQL                        : update outbox_event set aggregate_id=?,aggregate_type=?,claimed_at=?,claimed_by=?,created_at=?,event_type=?,last_error=?,next_retry_time=?,payload=?,retry_count=?,sent_at=?,status=?,trace_id=?,updated_at=? where event_id=?
2026-05-08T17:16:21.571+08:00 DEBUG 38228 --- [uscdip-backend] [pool-2-thread-1] org.hibernate.SQL                        : select twle1_0.write_log_id,twle1_0.attempt_no,twle1_0.created_at,twle1_0.duration_ms,twle1_0.failed_count,twle1_0.last_error,twle1_0.next_retry_at,twle1_0.requested_count,twle1_0.source_batch_id,twle1_0.status,twle1_0.success_count,twle1_0.trace_id,twle1_0.updated_at,twle1_0.write_type from ts_write_log twle1_0 where twle1_0.status in (?,?) and twle1_0.next_retry_at<=? order by twle1_0.created_at
2026-05-08T17:16:21.572+08:00 DEBUG 38228 --- [uscdip-backend] [pool-2-thread-1] org.hibernate.SQL                        : select wsce1_0.connection_id,wsce1_0.client_ip,wsce1_0.close_reason,wsce1_0.connected_at,wsce1_0.disconnected_at,wsce1_0.last_seen_at,wsce1_0.status,wsce1_0.stomp_session_id,wsce1_0.user_agent,wsce1_0.user_id,wsce1_0.username from websocket_connection wsce1_0 where wsce1_0.status=? and wsce1_0.last_seen_at<?
2026-05-08T17:16:21.642+08:00 DEBUG 38228 --- [uscdip-backend] [pool-2-thread-1] org.hibernate.SQL                        : select nme1_0.notification_id,nme1_0.aggregate_id,nme1_0.aggregate_type,nme1_0.completed_at,nme1_0.content,nme1_0.created_at,nme1_0.event_type,nme1_0.idempotent_key,nme1_0.last_error,nme1_0.recipient_user_id,nme1_0.recipient_username,nme1_0.source_event_id,nme1_0.status,nme1_0.title,nme1_0.trace_id,nme1_0.updated_at from notification_message nme1_0 order by nme1_0.created_at desc,nme1_0.notification_id desc
2026-05-08T17:16:21.643+08:00 DEBUG 38228 --- [uscdip-backend] [pool-2-thread-1] org.hibernate.SQL                        : select osbe1_0.binding_id,osbe1_0.created_at,osbe1_0.object_id,osbe1_0.object_type,osbe1_0.owner_user_id,osbe1_0.owner_username,osbe1_0.region_id,osbe1_0.scope_level,osbe1_0.updated_at from object_scope_binding osbe1_0 where osbe1_0.object_type=? and osbe1_0.object_id=?
2026-05-08T17:16:21.644+08:00 DEBUG 38228 --- [uscdip-backend] [pool-2-thread-1] org.hibernate.SQL                        : select wspme1_0.seq_no,wspme1_0.content,wspme1_0.created_at,wspme1_0.message_id,wspme1_0.message_type,wspme1_0.payload,wspme1_0.recipient_user_id,wspme1_0.source_notification_id,wspme1_0.title,wspme1_0.topic,wspme1_0.trace_id from websocket_push_message wspme1_0 where wspme1_0.source_notification_id=? and wspme1_0.topic=?
2026-05-08T17:16:21.646+08:00 DEBUG 38228 --- [uscdip-backend] [pool-2-thread-1] org.hibernate.SQL                        : select wspme1_0.seq_no,wspme1_0.content,wspme1_0.created_at,wspme1_0.message_id,wspme1_0.message_type,wspme1_0.payload,wspme1_0.recipient_user_id,wspme1_0.source_notification_id,wspme1_0.title,wspme1_0.topic,wspme1_0.trace_id from websocket_push_message wspme1_0 where wspme1_0.source_notification_id=? and wspme1_0.topic=?
2026-05-08T17:16:22.336+08:00 DEBUG 38228 --- [uscdip-backend] [nio-8080-exec-3] org.hibernate.SQL                        : select tlee1_0.event_id,tlee1_0.actor_user_id,tlee1_0.client_ip,tlee1_0.detail,tlee1_0.event_time,tlee1_0.event_type,tlee1_0.latency_ms,tlee1_0.message_id,tlee1_0.object_id,tlee1_0.object_type,tlee1_0.parent_span_id,tlee1_0.recv_time,tlee1_0.route_path,tlee1_0.session_id,tlee1_0.source_module,tlee1_0.span_id,tlee1_0.stage,tlee1_0.status,tlee1_0.topic,tlee1_0.trace_id from trace_link_event tlee1_0 where tlee1_0.event_id=?
2026-05-08T17:16:22.336+08:00 DEBUG 38228 --- [uscdip-backend] [nio-8080-exec-3] org.hibernate.SQL                        : insert into trace_link_event (actor_user_id,client_ip,detail,event_time,event_type,latency_ms,message_id,object_id,object_type,parent_span_id,recv_time,route_path,session_id,source_module,span_id,stage,status,topic,trace_id,event_id) values (?,?,?,?,?,?,?,?,?,?,?,?,?,?,?,?,?,?,?,?)
2026-05-08T17:16:22.338+08:00 DEBUG 38228 --- [uscdip-backend] [nio-8080-exec-3] org.hibernate.SQL                        : select uae1_0.user_id,uae1_0.created_at,uae1_0.disabled_at,uae1_0.display_name,uae1_0.primary_region_id,uae1_0.status,uae1_0.token_valid_after,uae1_0.updated_at,uae1_0.username from user_account uae1_0 where uae1_0.user_id=?
2026-05-08T17:16:22.339+08:00 DEBUG 38228 --- [uscdip-backend] [nio-8080-exec-3] org.hibernate.SQL                        : select ase1_0.session_id,ase1_0.auth_mode,ase1_0.client_ip,ase1_0.created_at,ase1_0.emergency_account_id,ase1_0.revoke_reason,ase1_0.revoked_at,ase1_0.status,ase1_0.updated_at,ase1_0.user_agent,ase1_0.user_id from auth_session ase1_0 where ase1_0.session_id=?
2026-05-08T17:16:22.339+08:00 DEBUG 38228 --- [uscdip-backend] [nio-8080-exec-3] org.hibernate.SQL                        : select eae1_0.account_id,eae1_0.activated_at,eae1_0.activated_by,eae1_0.created_at,eae1_0.expires_at,eae1_0.last_login_at,eae1_0.linked_user_id,eae1_0.password_hash,eae1_0.revoke_reason,eae1_0.revoked_at,eae1_0.status,eae1_0.updated_at,eae1_0.username from emergency_account eae1_0 where eae1_0.account_id=?
2026-05-08T17:16:22.341+08:00 DEBUG 38228 --- [uscdip-backend] [nio-8080-exec-3] org.hibernate.SQL                        : select grpe1_0.policy_id,grpe1_0.audit_enabled,grpe1_0.auth_required,grpe1_0.created_at,grpe1_0.enabled,grpe1_0.http_method,grpe1_0.path_pattern,grpe1_0.rate_limit_capacity,grpe1_0.rate_limit_scope,grpe1_0.rate_limit_window_seconds,grpe1_0.risk_level,grpe1_0.route_code,grpe1_0.updated_at,grpe1_0.validation_profile from gateway_route_policy grpe1_0 where grpe1_0.enabled
2026-05-08T17:16:22.342+08:00 DEBUG 38228 --- [uscdip-backend] [nio-8080-exec-3] org.hibernate.SQL                        : select gcre1_0.rule_id,gcre1_0.created_at,gcre1_0.enabled,gcre1_0.expires_at,gcre1_0.reason,gcre1_0.rule_type,gcre1_0.subject_type,gcre1_0.subject_value,gcre1_0.updated_at from gateway_client_rule gcre1_0 where gcre1_0.enabled
2026-05-08T17:16:22.343+08:00 DEBUG 38228 --- [uscdip-backend] [nio-8080-exec-3] o.s.web.servlet.DispatcherServlet        : GET "/api/auth/me", parameters={}
2026-05-08T17:16:22.343+08:00 DEBUG 38228 --- [uscdip-backend] [nio-8080-exec-3] s.w.s.m.m.a.RequestMappingHandlerMapping : Mapped to com.uscdip.backend.controller.AuthController#me(Authentication, HttpServletRequest)
2026-05-08T17:16:22.344+08:00 DEBUG 38228 --- [uscdip-backend] [nio-8080-exec-3] org.hibernate.SQL                        : select uae1_0.user_id,uae1_0.created_at,uae1_0.disabled_at,uae1_0.display_name,uae1_0.primary_region_id,uae1_0.status,uae1_0.token_valid_after,uae1_0.updated_at,uae1_0.username from user_account uae1_0 where uae1_0.user_id=?
2026-05-08T17:16:22.345+08:00 DEBUG 38228 --- [uscdip-backend] [nio-8080-exec-3] org.hibernate.SQL                        : select ure1_0.id,ure1_0.role_code,ure1_0.user_id from rbac_user_role ure1_0 where ure1_0.user_id=?
2026-05-08T17:16:22.345+08:00 DEBUG 38228 --- [uscdip-backend] [nio-8080-exec-3] org.hibernate.SQL                        : select rpe1_0.id,rpe1_0.permission_code,rpe1_0.role_code from rbac_role_permission rpe1_0 where rpe1_0.role_code in (?)
2026-05-08T17:16:22.346+08:00 DEBUG 38228 --- [uscdip-backend] [nio-8080-exec-3] org.hibernate.SQL                        : select udse1_0.id,udse1_0.scope_type,udse1_0.scope_value,udse1_0.user_id from user_data_scope udse1_0 where udse1_0.user_id=?
2026-05-08T17:16:22.347+08:00 DEBUG 38228 --- [uscdip-backend] [nio-8080-exec-3] org.hibernate.SQL                        : select tsre1_0.id,tsre1_0.description,tsre1_0.role_code,tsre1_0.topic_pattern from topic_scope_rule tsre1_0 where tsre1_0.role_code in (?)
2026-05-08T17:16:22.347+08:00 DEBUG 38228 --- [uscdip-backend] [nio-8080-exec-3] o.s.w.s.m.m.a.HttpEntityMethodProcessor  : Using 'application/json', given [application/json] and supported [application/json, application/*+json]
2026-05-08T17:16:22.348+08:00 DEBUG 38228 --- [uscdip-backend] [nio-8080-exec-3] o.s.w.s.m.m.a.HttpEntityMethodProcessor  : Writing [ApiResponse[success=true, data={userId=U-ADMIN-001, authenticationType=UsernamePasswordAuthenticatio (truncated)...]
2026-05-08T17:16:22.349+08:00 DEBUG 38228 --- [uscdip-backend] [nio-8080-exec-3] o.s.web.servlet.DispatcherServlet        : Completed 200 OK
2026-05-08T17:16:22.350+08:00 DEBUG 38228 --- [uscdip-backend] [nio-8080-exec-3] org.hibernate.SQL                        : select tlee1_0.event_id,tlee1_0.actor_user_id,tlee1_0.client_ip,tlee1_0.detail,tlee1_0.event_time,tlee1_0.event_type,tlee1_0.latency_ms,tlee1_0.message_id,tlee1_0.object_id,tlee1_0.object_type,tlee1_0.parent_span_id,tlee1_0.recv_time,tlee1_0.route_path,tlee1_0.session_id,tlee1_0.source_module,tlee1_0.span_id,tlee1_0.stage,tlee1_0.status,tlee1_0.topic,tlee1_0.trace_id from trace_link_event tlee1_0 where tlee1_0.event_id=?
2026-05-08T17:16:22.351+08:00 DEBUG 38228 --- [uscdip-backend] [nio-8080-exec-3] org.hibernate.SQL                        : insert into trace_link_event (actor_user_id,client_ip,detail,event_time,event_type,latency_ms,message_id,object_id,object_type,parent_span_id,recv_time,route_path,session_id,source_module,span_id,stage,status,topic,trace_id,event_id) values (?,?,?,?,?,?,?,?,?,?,?,?,?,?,?,?,?,?,?,?)
2026-05-08T17:16:27.793+08:00 DEBUG 38228 --- [uscdip-backend] [nio-8080-exec-9] org.hibernate.SQL                        : select tlee1_0.event_id,tlee1_0.actor_user_id,tlee1_0.client_ip,tlee1_0.detail,tlee1_0.event_time,tlee1_0.event_type,tlee1_0.latency_ms,tlee1_0.message_id,tlee1_0.object_id,tlee1_0.object_type,tlee1_0.parent_span_id,tlee1_0.recv_time,tlee1_0.route_path,tlee1_0.session_id,tlee1_0.source_module,tlee1_0.span_id,tlee1_0.stage,tlee1_0.status,tlee1_0.topic,tlee1_0.trace_id from trace_link_event tlee1_0 where tlee1_0.event_id=?
2026-05-08T17:16:27.797+08:00 DEBUG 38228 --- [uscdip-backend] [nio-8080-exec-9] org.hibernate.SQL                        : insert into trace_link_event (actor_user_id,client_ip,detail,event_time,event_type,latency_ms,message_id,object_id,object_type,parent_span_id,recv_time,route_path,session_id,source_module,span_id,stage,status,topic,trace_id,event_id) values (?,?,?,?,?,?,?,?,?,?,?,?,?,?,?,?,?,?,?,?)
2026-05-08T17:16:27.799+08:00 DEBUG 38228 --- [uscdip-backend] [nio-8080-exec-9] o.s.web.servlet.DispatcherServlet        : GET "/ws/push?access_token=eyJhbGciOiJIUzI1NiIsInR5cCI6IkpXVCJ9.eyJpc3MiOiJ1c2NkaXAtYmFja2VuZCIsInN1YiI6IlUtQURNSU4tMDAxIiwidXNlcm5hbWUiOiJhZG1pbiIsInNpZCI6IjY3ZDYwOTlkLTZhZjUtNDg4Mi1hMDc1LWQ5MWE3ODZhYWQ3MiIsImp0aSI6IjU0YzAwMGFjLWFhYmUtNDNjMy1hYjJlLTRiNTg4MTJjM2ExYSIsImF1dGhfbW9kZSI6IkJSRUFLX0dMQVNTIiwiZW1lcmdlbmN5X2FjY291bnRfaWQiOiJFQS1BRE1JTi0wMDEiLCJ0b2tlbl91c2UiOiJhY2Nlc3MiLCJpYXQiOjE3NzgyMzE3NzYsImV4cCI6MTc3ODIzMjM3Nn0.RDOIscRuCvDyXHcXjCJVpObmscjs3wveV8HBdKx4J38", parameters={masked}
2026-05-08T17:16:27.800+08:00 DEBUG 38228 --- [uscdip-backend] [nio-8080-exec-9] o.s.w.s.s.s.WebSocketHandlerMapping      : Mapped to org.springframework.web.socket.server.support.WebSocketHttpRequestHandler@7c8f8206
2026-05-08T17:16:27.802+08:00 DEBUG 38228 --- [uscdip-backend] [nio-8080-exec-9] o.s.w.s.s.s.WebSocketHttpRequestHandler  : GET /ws/push
2026-05-08T17:16:27.805+08:00 DEBUG 38228 --- [uscdip-backend] [nio-8080-exec-9] org.hibernate.SQL                        : select uae1_0.user_id,uae1_0.created_at,uae1_0.disabled_at,uae1_0.display_name,uae1_0.primary_region_id,uae1_0.status,uae1_0.token_valid_after,uae1_0.updated_at,uae1_0.username from user_account uae1_0 where uae1_0.user_id=?
2026-05-08T17:16:27.805+08:00 DEBUG 38228 --- [uscdip-backend] [nio-8080-exec-9] org.hibernate.SQL                        : select ase1_0.session_id,ase1_0.auth_mode,ase1_0.client_ip,ase1_0.created_at,ase1_0.emergency_account_id,ase1_0.revoke_reason,ase1_0.revoked_at,ase1_0.status,ase1_0.updated_at,ase1_0.user_agent,ase1_0.user_id from auth_session ase1_0 where ase1_0.session_id=?
2026-05-08T17:16:27.806+08:00 DEBUG 38228 --- [uscdip-backend] [nio-8080-exec-9] org.hibernate.SQL                        : select eae1_0.account_id,eae1_0.activated_at,eae1_0.activated_by,eae1_0.created_at,eae1_0.expires_at,eae1_0.last_login_at,eae1_0.linked_user_id,eae1_0.password_hash,eae1_0.revoke_reason,eae1_0.revoked_at,eae1_0.status,eae1_0.updated_at,eae1_0.username from emergency_account eae1_0 where eae1_0.account_id=?
2026-05-08T17:16:27.807+08:00 DEBUG 38228 --- [uscdip-backend] [nio-8080-exec-9] org.hibernate.SQL                        : select count(wsce1_0.connection_id) from websocket_connection wsce1_0 where wsce1_0.status=?
2026-05-08T17:16:27.809+08:00 DEBUG 38228 --- [uscdip-backend] [nio-8080-exec-9] org.hibernate.SQL                        : select count(wsce1_0.connection_id) from websocket_connection wsce1_0 where wsce1_0.user_id=? and wsce1_0.status=?
2026-05-08T17:16:27.810+08:00 DEBUG 38228 --- [uscdip-backend] [nio-8080-exec-9] org.hibernate.SQL                        : select wsce1_0.connection_id,wsce1_0.client_ip,wsce1_0.close_reason,wsce1_0.connected_at,wsce1_0.disconnected_at,wsce1_0.last_seen_at,wsce1_0.status,wsce1_0.stomp_session_id,wsce1_0.user_agent,wsce1_0.user_id,wsce1_0.username from websocket_connection wsce1_0 where wsce1_0.connection_id=?
2026-05-08T17:16:27.811+08:00 DEBUG 38228 --- [uscdip-backend] [nio-8080-exec-9] org.hibernate.SQL                        : select tlee1_0.event_id,tlee1_0.actor_user_id,tlee1_0.client_ip,tlee1_0.detail,tlee1_0.event_time,tlee1_0.event_type,tlee1_0.latency_ms,tlee1_0.message_id,tlee1_0.object_id,tlee1_0.object_type,tlee1_0.parent_span_id,tlee1_0.recv_time,tlee1_0.route_path,tlee1_0.session_id,tlee1_0.source_module,tlee1_0.span_id,tlee1_0.stage,tlee1_0.status,tlee1_0.topic,tlee1_0.trace_id from trace_link_event tlee1_0 where tlee1_0.event_id=?
2026-05-08T17:16:27.812+08:00 DEBUG 38228 --- [uscdip-backend] [nio-8080-exec-9] org.hibernate.SQL                        : insert into trace_link_event (actor_user_id,client_ip,detail,event_time,event_type,latency_ms,message_id,object_id,object_type,parent_span_id,recv_time,route_path,session_id,source_module,span_id,stage,status,topic,trace_id,event_id) values (?,?,?,?,?,?,?,?,?,?,?,?,?,?,?,?,?,?,?,?)
2026-05-08T17:16:27.813+08:00 DEBUG 38228 --- [uscdip-backend] [nio-8080-exec-9] org.hibernate.SQL                        : insert into websocket_connection (client_ip,close_reason,connected_at,disconnected_at,last_seen_at,status,stomp_session_id,user_agent,user_id,username,connection_id) values (?,?,?,?,?,?,?,?,?,?,?)
2026-05-08T17:16:27.854+08:00 DEBUG 38228 --- [uscdip-backend] [nio-8080-exec-9] o.s.web.servlet.DispatcherServlet        : Completed 101 SWITCHING_PROTOCOLS
2026-05-08T17:16:27.855+08:00 DEBUG 38228 --- [uscdip-backend] [nio-8080-exec-9] org.hibernate.SQL                        : select tlee1_0.event_id,tlee1_0.actor_user_id,tlee1_0.client_ip,tlee1_0.detail,tlee1_0.event_time,tlee1_0.event_type,tlee1_0.latency_ms,tlee1_0.message_id,tlee1_0.object_id,tlee1_0.object_type,tlee1_0.parent_span_id,tlee1_0.recv_time,tlee1_0.route_path,tlee1_0.session_id,tlee1_0.source_module,tlee1_0.span_id,tlee1_0.stage,tlee1_0.status,tlee1_0.topic,tlee1_0.trace_id from trace_link_event tlee1_0 where tlee1_0.event_id=?
2026-05-08T17:16:27.856+08:00 DEBUG 38228 --- [uscdip-backend] [nio-8080-exec-9] org.hibernate.SQL                        : insert into trace_link_event (actor_user_id,client_ip,detail,event_time,event_type,latency_ms,message_id,object_id,object_type,parent_span_id,recv_time,route_path,session_id,source_module,span_id,stage,status,topic,trace_id,event_id) values (?,?,?,?,?,?,?,?,?,?,?,?,?,?,?,?,?,?,?,?)
2026-05-08T17:16:27.869+08:00 DEBUG 38228 --- [uscdip-backend] [nio-8080-exec-9] s.w.s.h.LoggingWebSocketHandlerDecorator : New StandardWebSocketSession[id=f5b686af-8ed9-3368-66dd-fe889d01556c, uri=ws://localhost:8080/ws/push?access_token=eyJhbGciOiJIUzI1NiIsInR5cCI6IkpXVCJ9.eyJpc3MiOiJ1c2NkaXAtYmFja2VuZCIsInN1YiI6IlUtQURNSU4tMDAxIiwidXNlcm5hbWUiOiJhZG1pbiIsInNpZCI6IjY3ZDYwOTlkLTZhZjUtNDg4Mi1hMDc1LWQ5MWE3ODZhYWQ3MiIsImp0aSI6IjU0YzAwMGFjLWFhYmUtNDNjMy1hYjJlLTRiNTg4MTJjM2ExYSIsImF1dGhfbW9kZSI6IkJSRUFLX0dMQVNTIiwiZW1lcmdlbmN5X2FjY291bnRfaWQiOiJFQS1BRE1JTi0wMDEiLCJ0b2tlbl91c2UiOiJhY2Nlc3MiLCJpYXQiOjE3NzgyMzE3NzYsImV4cCI6MTc3ODIzMjM3Nn0.RDOIscRuCvDyXHcXjCJVpObmscjs3wveV8HBdKx4J38]
2026-05-08T17:16:27.880+08:00 DEBUG 38228 --- [uscdip-backend] [nio-8080-exec-9] org.hibernate.SQL                        : select wsce1_0.connection_id,wsce1_0.client_ip,wsce1_0.close_reason,wsce1_0.connected_at,wsce1_0.disconnected_at,wsce1_0.last_seen_at,wsce1_0.status,wsce1_0.stomp_session_id,wsce1_0.user_agent,wsce1_0.user_id,wsce1_0.username from websocket_connection wsce1_0 where wsce1_0.connection_id=?
2026-05-08T17:16:27.881+08:00 DEBUG 38228 --- [uscdip-backend] [nio-8080-exec-9] org.hibernate.SQL                        : select tlee1_0.event_id,tlee1_0.actor_user_id,tlee1_0.client_ip,tlee1_0.detail,tlee1_0.event_time,tlee1_0.event_type,tlee1_0.latency_ms,tlee1_0.message_id,tlee1_0.object_id,tlee1_0.object_type,tlee1_0.parent_span_id,tlee1_0.recv_time,tlee1_0.route_path,tlee1_0.session_id,tlee1_0.source_module,tlee1_0.span_id,tlee1_0.stage,tlee1_0.status,tlee1_0.topic,tlee1_0.trace_id from trace_link_event tlee1_0 where tlee1_0.event_id=?
2026-05-08T17:16:27.882+08:00 DEBUG 38228 --- [uscdip-backend] [nio-8080-exec-9] org.hibernate.SQL                        : insert into trace_link_event (actor_user_id,client_ip,detail,event_time,event_type,latency_ms,message_id,object_id,object_type,parent_span_id,recv_time,route_path,session_id,source_module,span_id,stage,status,topic,trace_id,event_id) values (?,?,?,?,?,?,?,?,?,?,?,?,?,?,?,?,?,?,?,?)
2026-05-08T17:16:27.882+08:00 DEBUG 38228 --- [uscdip-backend] [nio-8080-exec-9] org.hibernate.SQL                        : update websocket_connection set client_ip=?,close_reason=?,connected_at=?,disconnected_at=?,last_seen_at=?,status=?,stomp_session_id=?,user_agent=?,user_id=?,username=? where connection_id=?
2026-05-08T17:16:27.884+08:00 DEBUG 38228 --- [uscdip-backend] [nboundChannel-2] org.springframework.web.SimpLogging      : Processing CONNECT user=U-ADMIN-001 session=f5b686af-8ed9-3368-66dd-fe889d01556c
2026-05-08T17:16:27.943+08:00 DEBUG 38228 --- [uscdip-backend] [nio-8080-exec-2] org.hibernate.SQL                        : select uae1_0.user_id,uae1_0.created_at,uae1_0.disabled_at,uae1_0.display_name,uae1_0.primary_region_id,uae1_0.status,uae1_0.token_valid_after,uae1_0.updated_at,uae1_0.username from user_account uae1_0 where uae1_0.user_id=?
2026-05-08T17:16:27.944+08:00 DEBUG 38228 --- [uscdip-backend] [nio-8080-exec-2] org.hibernate.SQL                        : select ure1_0.id,ure1_0.role_code,ure1_0.user_id from rbac_user_role ure1_0 where ure1_0.user_id=?
2026-05-08T17:16:27.945+08:00 DEBUG 38228 --- [uscdip-backend] [nio-8080-exec-2] org.hibernate.SQL                        : select rpe1_0.id,rpe1_0.permission_code,rpe1_0.role_code from rbac_role_permission rpe1_0 where rpe1_0.role_code in (?)
2026-05-08T17:16:27.946+08:00 DEBUG 38228 --- [uscdip-backend] [nio-8080-exec-2] org.hibernate.SQL                        : select udse1_0.id,udse1_0.scope_type,udse1_0.scope_value,udse1_0.user_id from user_data_scope udse1_0 where udse1_0.user_id=?
2026-05-08T17:16:27.946+08:00 DEBUG 38228 --- [uscdip-backend] [nio-8080-exec-2] org.hibernate.SQL                        : select tsre1_0.id,tsre1_0.description,tsre1_0.role_code,tsre1_0.topic_pattern from topic_scope_rule tsre1_0 where tsre1_0.role_code in (?)
2026-05-08T17:16:27.948+08:00 DEBUG 38228 --- [uscdip-backend] [nio-8080-exec-2] org.hibernate.SQL                        : select ure1_0.id,ure1_0.role_code,ure1_0.user_id from rbac_user_role ure1_0 where ure1_0.user_id=?
2026-05-08T17:16:27.948+08:00 DEBUG 38228 --- [uscdip-backend] [nio-8080-exec-2] org.hibernate.SQL                        : select rpe1_0.id,rpe1_0.permission_code,rpe1_0.role_code from rbac_role_permission rpe1_0 where rpe1_0.role_code in (?)
2026-05-08T17:16:27.949+08:00 DEBUG 38228 --- [uscdip-backend] [nio-8080-exec-2] org.hibernate.SQL                        : select udse1_0.id,udse1_0.scope_type,udse1_0.scope_value,udse1_0.user_id from user_data_scope udse1_0 where udse1_0.user_id=?
2026-05-08T17:16:27.950+08:00 DEBUG 38228 --- [uscdip-backend] [nio-8080-exec-2] org.hibernate.SQL                        : select tsre1_0.id,tsre1_0.description,tsre1_0.role_code,tsre1_0.topic_pattern from topic_scope_rule tsre1_0 where tsre1_0.role_code in (?)
2026-05-08T17:16:27.951+08:00 DEBUG 38228 --- [uscdip-backend] [nio-8080-exec-2] org.hibernate.SQL                        : select wsce1_0.connection_id,wsce1_0.client_ip,wsce1_0.close_reason,wsce1_0.connected_at,wsce1_0.disconnected_at,wsce1_0.last_seen_at,wsce1_0.status,wsce1_0.stomp_session_id,wsce1_0.user_agent,wsce1_0.user_id,wsce1_0.username from websocket_connection wsce1_0 where wsce1_0.connection_id=?
2026-05-08T17:16:27.953+08:00 DEBUG 38228 --- [uscdip-backend] [nio-8080-exec-2] org.hibernate.SQL                        : select wsse1_0.subscription_row_id,wsse1_0.closed_at,wsse1_0.connection_id,wsse1_0.status,wsse1_0.stomp_session_id,wsse1_0.subscribed_at,wsse1_0.subscription_id,wsse1_0.topic,wsse1_0.user_id from websocket_subscription wsse1_0 where wsse1_0.subscription_row_id=?
2026-05-08T17:16:27.954+08:00 DEBUG 38228 --- [uscdip-backend] [nio-8080-exec-2] org.hibernate.SQL                        : select tlee1_0.event_id,tlee1_0.actor_user_id,tlee1_0.client_ip,tlee1_0.detail,tlee1_0.event_time,tlee1_0.event_type,tlee1_0.latency_ms,tlee1_0.message_id,tlee1_0.object_id,tlee1_0.object_type,tlee1_0.parent_span_id,tlee1_0.recv_time,tlee1_0.route_path,tlee1_0.session_id,tlee1_0.source_module,tlee1_0.span_id,tlee1_0.stage,tlee1_0.status,tlee1_0.topic,tlee1_0.trace_id from trace_link_event tlee1_0 where tlee1_0.event_id=?
2026-05-08T17:16:27.954+08:00 DEBUG 38228 --- [uscdip-backend] [nio-8080-exec-2] org.hibernate.SQL                        : insert into trace_link_event (actor_user_id,client_ip,detail,event_time,event_type,latency_ms,message_id,object_id,object_type,parent_span_id,recv_time,route_path,session_id,source_module,span_id,stage,status,topic,trace_id,event_id) values (?,?,?,?,?,?,?,?,?,?,?,?,?,?,?,?,?,?,?,?)
2026-05-08T17:16:27.956+08:00 DEBUG 38228 --- [uscdip-backend] [nio-8080-exec-2] org.hibernate.SQL                        : select wsae1_0.ack_id,wsae1_0.last_ack_seq,wsae1_0.topic,wsae1_0.updated_at,wsae1_0.user_id from websocket_ack wsae1_0 where wsae1_0.user_id=? and wsae1_0.topic=?
2026-05-08T17:16:27.959+08:00 DEBUG 38228 --- [uscdip-backend] [nio-8080-exec-2] org.hibernate.SQL                        : select wspme1_0.seq_no,wspme1_0.content,wspme1_0.created_at,wspme1_0.message_id,wspme1_0.message_type,wspme1_0.payload,wspme1_0.recipient_user_id,wspme1_0.source_notification_id,wspme1_0.title,wspme1_0.topic,wspme1_0.trace_id from websocket_push_message wspme1_0 where wspme1_0.topic=? and wspme1_0.seq_no>? order by wspme1_0.seq_no fetch first ? rows only
2026-05-08T17:16:27.961+08:00 DEBUG 38228 --- [uscdip-backend] [nio-8080-exec-2] org.hibernate.SQL                        : select tlee1_0.event_id,tlee1_0.actor_user_id,tlee1_0.client_ip,tlee1_0.detail,tlee1_0.event_time,tlee1_0.event_type,tlee1_0.latency_ms,tlee1_0.message_id,tlee1_0.object_id,tlee1_0.object_type,tlee1_0.parent_span_id,tlee1_0.recv_time,tlee1_0.route_path,tlee1_0.session_id,tlee1_0.source_module,tlee1_0.span_id,tlee1_0.stage,tlee1_0.status,tlee1_0.topic,tlee1_0.trace_id from trace_link_event tlee1_0 where tlee1_0.event_id=?
2026-05-08T17:16:27.961+08:00 DEBUG 38228 --- [uscdip-backend] [nio-8080-exec-2] org.hibernate.SQL                        : insert into trace_link_event (actor_user_id,client_ip,detail,event_time,event_type,latency_ms,message_id,object_id,object_type,parent_span_id,recv_time,route_path,session_id,source_module,span_id,stage,status,topic,trace_id,event_id) values (?,?,?,?,?,?,?,?,?,?,?,?,?,?,?,?,?,?,?,?)
2026-05-08T17:16:27.962+08:00 DEBUG 38228 --- [uscdip-backend] [nio-8080-exec-2] org.springframework.web.SimpLogging      : Processing MESSAGE destination=/topic/region.REGION-HZ.workorder.notifications session=null payload={"seqNo":2,"messageId":"WSP-227af86c-8123-4c3c-b90e-4ad043df1905","topic":"regio...(truncated)
2026-05-08T17:16:27.962+08:00 DEBUG 38228 --- [uscdip-backend] [nio-8080-exec-2] org.hibernate.SQL                        : insert into websocket_subscription (closed_at,connection_id,status,stomp_session_id,subscribed_at,subscription_id,topic,user_id,subscription_row_id) values (?,?,?,?,?,?,?,?,?)
2026-05-08T17:16:27.963+08:00 DEBUG 38228 --- [uscdip-backend] [nio-8080-exec-2] org.hibernate.SQL                        : update websocket_connection set client_ip=?,close_reason=?,connected_at=?,disconnected_at=?,last_seen_at=?,status=?,stomp_session_id=?,user_agent=?,user_id=?,username=? where connection_id=?
2026-05-08T17:16:27.965+08:00 DEBUG 38228 --- [uscdip-backend] [nio-8080-exec-2] org.hibernate.SQL                        : select wsce1_0.connection_id,wsce1_0.client_ip,wsce1_0.close_reason,wsce1_0.connected_at,wsce1_0.disconnected_at,wsce1_0.last_seen_at,wsce1_0.status,wsce1_0.stomp_session_id,wsce1_0.user_agent,wsce1_0.user_id,wsce1_0.username from websocket_connection wsce1_0 where wsce1_0.connection_id=?
2026-05-08T17:16:27.966+08:00 DEBUG 38228 --- [uscdip-backend] [nio-8080-exec-2] org.hibernate.SQL                        : select tlee1_0.event_id,tlee1_0.actor_user_id,tlee1_0.client_ip,tlee1_0.detail,tlee1_0.event_time,tlee1_0.event_type,tlee1_0.latency_ms,tlee1_0.message_id,tlee1_0.object_id,tlee1_0.object_type,tlee1_0.parent_span_id,tlee1_0.recv_time,tlee1_0.route_path,tlee1_0.session_id,tlee1_0.source_module,tlee1_0.span_id,tlee1_0.stage,tlee1_0.status,tlee1_0.topic,tlee1_0.trace_id from trace_link_event tlee1_0 where tlee1_0.event_id=?
2026-05-08T17:16:27.966+08:00 DEBUG 38228 --- [uscdip-backend] [nio-8080-exec-2] org.hibernate.SQL                        : insert into trace_link_event (actor_user_id,client_ip,detail,event_time,event_type,latency_ms,message_id,object_id,object_type,parent_span_id,recv_time,route_path,session_id,source_module,span_id,stage,status,topic,trace_id,event_id) values (?,?,?,?,?,?,?,?,?,?,?,?,?,?,?,?,?,?,?,?)
2026-05-08T17:16:27.966+08:00 DEBUG 38228 --- [uscdip-backend] [nboundChannel-5] org.springframework.web.SimpLogging      : Processing SUBSCRIBE /topic/region.REGION-HZ.workorder.notifications id=sub-region session=f5b686af-8ed9-3368-66dd-fe889d01556c
2026-05-08T17:16:27.966+08:00 DEBUG 38228 --- [uscdip-backend] [nio-8080-exec-2] org.hibernate.SQL                        : update websocket_connection set client_ip=?,close_reason=?,connected_at=?,disconnected_at=?,last_seen_at=?,status=?,stomp_session_id=?,user_agent=?,user_id=?,username=? where connection_id=?
2026-05-08T17:16:27.968+08:00 DEBUG 38228 --- [uscdip-backend] [nio-8080-exec-2] org.hibernate.SQL                        : select wsce1_0.connection_id,wsce1_0.client_ip,wsce1_0.close_reason,wsce1_0.connected_at,wsce1_0.disconnected_at,wsce1_0.last_seen_at,wsce1_0.status,wsce1_0.stomp_session_id,wsce1_0.user_agent,wsce1_0.user_id,wsce1_0.username from websocket_connection wsce1_0 where wsce1_0.connection_id=?
2026-05-08T17:16:27.968+08:00 DEBUG 38228 --- [uscdip-backend] [nboundChannel-7] .WebSocketAnnotationMethodMessageHandler : Searching methods to handle SEND /app/push/heartbeat session=f5b686af-8ed9-3368-66dd-fe889d01556c application/json payload={"clientTime":"2026-05-08T09:16:27.942Z"}, lookupDestination='/push/heartbeat'
2026-05-08T17:16:27.968+08:00 DEBUG 38228 --- [uscdip-backend] [nio-8080-exec-2] org.hibernate.SQL                        : select tlee1_0.event_id,tlee1_0.actor_user_id,tlee1_0.client_ip,tlee1_0.detail,tlee1_0.event_time,tlee1_0.event_type,tlee1_0.latency_ms,tlee1_0.message_id,tlee1_0.object_id,tlee1_0.object_type,tlee1_0.parent_span_id,tlee1_0.recv_time,tlee1_0.route_path,tlee1_0.session_id,tlee1_0.source_module,tlee1_0.span_id,tlee1_0.stage,tlee1_0.status,tlee1_0.topic,tlee1_0.trace_id from trace_link_event tlee1_0 where tlee1_0.event_id=?
2026-05-08T17:16:27.969+08:00 DEBUG 38228 --- [uscdip-backend] [nio-8080-exec-2] org.hibernate.SQL                        : insert into trace_link_event (actor_user_id,client_ip,detail,event_time,event_type,latency_ms,message_id,object_id,object_type,parent_span_id,recv_time,route_path,session_id,source_module,span_id,stage,status,topic,trace_id,event_id) values (?,?,?,?,?,?,?,?,?,?,?,?,?,?,?,?,?,?,?,?)
2026-05-08T17:16:27.969+08:00 DEBUG 38228 --- [uscdip-backend] [nio-8080-exec-2] org.hibernate.SQL                        : update websocket_connection set client_ip=?,close_reason=?,connected_at=?,disconnected_at=?,last_seen_at=?,status=?,stomp_session_id=?,user_agent=?,user_id=?,username=? where connection_id=?
2026-05-08T17:16:27.970+08:00 DEBUG 38228 --- [uscdip-backend] [boundChannel-10] .WebSocketAnnotationMethodMessageHandler : Searching methods to handle SEND /app/push/ack session=f5b686af-8ed9-3368-66dd-fe889d01556c application/json payload={"topic":"region.REGION-HZ.workorder.notifications","lastAckSeq":0}, lookupDestination='/push/ack'
2026-05-08T17:16:27.972+08:00 DEBUG 38228 --- [uscdip-backend] [boundChannel-10] .WebSocketAnnotationMethodMessageHandler : Invoking WebSocketPushController#ack[2 args]
2026-05-08T17:16:27.972+08:00 DEBUG 38228 --- [uscdip-backend] [nboundChannel-7] .WebSocketAnnotationMethodMessageHandler : Invoking WebSocketPushController#heartbeat[3 args]
2026-05-08T17:16:27.975+08:00 DEBUG 38228 --- [uscdip-backend] [nboundChannel-7] org.hibernate.SQL                        : select wsce1_0.connection_id,wsce1_0.client_ip,wsce1_0.close_reason,wsce1_0.connected_at,wsce1_0.disconnected_at,wsce1_0.last_seen_at,wsce1_0.status,wsce1_0.stomp_session_id,wsce1_0.user_agent,wsce1_0.user_id,wsce1_0.username from websocket_connection wsce1_0 where wsce1_0.connection_id=?
2026-05-08T17:16:27.976+08:00 DEBUG 38228 --- [uscdip-backend] [nboundChannel-7] org.hibernate.SQL                        : select tlee1_0.event_id,tlee1_0.actor_user_id,tlee1_0.client_ip,tlee1_0.detail,tlee1_0.event_time,tlee1_0.event_type,tlee1_0.latency_ms,tlee1_0.message_id,tlee1_0.object_id,tlee1_0.object_type,tlee1_0.parent_span_id,tlee1_0.recv_time,tlee1_0.route_path,tlee1_0.session_id,tlee1_0.source_module,tlee1_0.span_id,tlee1_0.stage,tlee1_0.status,tlee1_0.topic,tlee1_0.trace_id from trace_link_event tlee1_0 where tlee1_0.event_id=?
2026-05-08T17:16:27.976+08:00 DEBUG 38228 --- [uscdip-backend] [nboundChannel-7] org.hibernate.SQL                        : insert into trace_link_event (actor_user_id,client_ip,detail,event_time,event_type,latency_ms,message_id,object_id,object_type,parent_span_id,recv_time,route_path,session_id,source_module,span_id,stage,status,topic,trace_id,event_id) values (?,?,?,?,?,?,?,?,?,?,?,?,?,?,?,?,?,?,?,?)
2026-05-08T17:16:27.978+08:00 DEBUG 38228 --- [uscdip-backend] [nboundChannel-7] org.hibernate.SQL                        : update websocket_connection set client_ip=?,close_reason=?,connected_at=?,disconnected_at=?,last_seen_at=?,status=?,stomp_session_id=?,user_agent=?,user_id=?,username=? where connection_id=?
2026-05-08T17:16:27.981+08:00 DEBUG 38228 --- [uscdip-backend] [boundChannel-10] org.hibernate.SQL                        : select uae1_0.user_id,uae1_0.created_at,uae1_0.disabled_at,uae1_0.display_name,uae1_0.primary_region_id,uae1_0.status,uae1_0.token_valid_after,uae1_0.updated_at,uae1_0.username from user_account uae1_0 where uae1_0.user_id=?
2026-05-08T17:16:27.982+08:00 DEBUG 38228 --- [uscdip-backend] [boundChannel-10] org.hibernate.SQL                        : select ure1_0.id,ure1_0.role_code,ure1_0.user_id from rbac_user_role ure1_0 where ure1_0.user_id=?
2026-05-08T17:16:27.983+08:00 DEBUG 38228 --- [uscdip-backend] [boundChannel-10] org.hibernate.SQL                        : select rpe1_0.id,rpe1_0.permission_code,rpe1_0.role_code from rbac_role_permission rpe1_0 where rpe1_0.role_code in (?)
2026-05-08T17:16:27.984+08:00 DEBUG 38228 --- [uscdip-backend] [boundChannel-10] org.hibernate.SQL                        : select udse1_0.id,udse1_0.scope_type,udse1_0.scope_value,udse1_0.user_id from user_data_scope udse1_0 where udse1_0.user_id=?
2026-05-08T17:16:27.984+08:00 DEBUG 38228 --- [uscdip-backend] [boundChannel-10] org.hibernate.SQL                        : select tsre1_0.id,tsre1_0.description,tsre1_0.role_code,tsre1_0.topic_pattern from topic_scope_rule tsre1_0 where tsre1_0.role_code in (?)
2026-05-08T17:16:27.985+08:00 DEBUG 38228 --- [uscdip-backend] [boundChannel-10] org.hibernate.SQL                        : select ure1_0.id,ure1_0.role_code,ure1_0.user_id from rbac_user_role ure1_0 where ure1_0.user_id=?
2026-05-08T17:16:27.986+08:00 DEBUG 38228 --- [uscdip-backend] [boundChannel-10] org.hibernate.SQL                        : select rpe1_0.id,rpe1_0.permission_code,rpe1_0.role_code from rbac_role_permission rpe1_0 where rpe1_0.role_code in (?)
2026-05-08T17:16:27.986+08:00 DEBUG 38228 --- [uscdip-backend] [boundChannel-10] org.hibernate.SQL                        : select udse1_0.id,udse1_0.scope_type,udse1_0.scope_value,udse1_0.user_id from user_data_scope udse1_0 where udse1_0.user_id=?
2026-05-08T17:16:27.987+08:00 DEBUG 38228 --- [uscdip-backend] [boundChannel-10] org.hibernate.SQL                        : select tsre1_0.id,tsre1_0.description,tsre1_0.role_code,tsre1_0.topic_pattern from topic_scope_rule tsre1_0 where tsre1_0.role_code in (?)
2026-05-08T17:16:27.988+08:00 DEBUG 38228 --- [uscdip-backend] [boundChannel-10] org.hibernate.SQL                        : select wsae1_0.ack_id,wsae1_0.last_ack_seq,wsae1_0.topic,wsae1_0.updated_at,wsae1_0.user_id from websocket_ack wsae1_0 where wsae1_0.user_id=? and wsae1_0.topic=?
2026-05-08T17:16:27.989+08:00 DEBUG 38228 --- [uscdip-backend] [boundChannel-10] org.hibernate.SQL                        : select wsce1_0.connection_id,wsce1_0.client_ip,wsce1_0.close_reason,wsce1_0.connected_at,wsce1_0.disconnected_at,wsce1_0.last_seen_at,wsce1_0.status,wsce1_0.stomp_session_id,wsce1_0.user_agent,wsce1_0.user_id,wsce1_0.username from websocket_connection wsce1_0 where wsce1_0.connection_id=?
2026-05-08T17:16:27.990+08:00 DEBUG 38228 --- [uscdip-backend] [boundChannel-10] org.hibernate.SQL                        : select tlee1_0.event_id,tlee1_0.actor_user_id,tlee1_0.client_ip,tlee1_0.detail,tlee1_0.event_time,tlee1_0.event_type,tlee1_0.latency_ms,tlee1_0.message_id,tlee1_0.object_id,tlee1_0.object_type,tlee1_0.parent_span_id,tlee1_0.recv_time,tlee1_0.route_path,tlee1_0.session_id,tlee1_0.source_module,tlee1_0.span_id,tlee1_0.stage,tlee1_0.status,tlee1_0.topic,tlee1_0.trace_id from trace_link_event tlee1_0 where tlee1_0.event_id=?
2026-05-08T17:16:27.990+08:00 DEBUG 38228 --- [uscdip-backend] [boundChannel-10] org.hibernate.SQL                        : insert into trace_link_event (actor_user_id,client_ip,detail,event_time,event_type,latency_ms,message_id,object_id,object_type,parent_span_id,recv_time,route_path,session_id,source_module,span_id,stage,status,topic,trace_id,event_id) values (?,?,?,?,?,?,?,?,?,?,?,?,?,?,?,?,?,?,?,?)
2026-05-08T17:16:27.991+08:00 DEBUG 38228 --- [uscdip-backend] [boundChannel-10] org.hibernate.SQL                        : select wsae1_0.ack_id,wsae1_0.last_ack_seq,wsae1_0.topic,wsae1_0.updated_at,wsae1_0.user_id from websocket_ack wsae1_0 where wsae1_0.ack_id=?
2026-05-08T17:16:27.992+08:00 DEBUG 38228 --- [uscdip-backend] [boundChannel-10] org.hibernate.SQL                        : select tlee1_0.event_id,tlee1_0.actor_user_id,tlee1_0.client_ip,tlee1_0.detail,tlee1_0.event_time,tlee1_0.event_type,tlee1_0.latency_ms,tlee1_0.message_id,tlee1_0.object_id,tlee1_0.object_type,tlee1_0.parent_span_id,tlee1_0.recv_time,tlee1_0.route_path,tlee1_0.session_id,tlee1_0.source_module,tlee1_0.span_id,tlee1_0.stage,tlee1_0.status,tlee1_0.topic,tlee1_0.trace_id from trace_link_event tlee1_0 where tlee1_0.event_id=?
2026-05-08T17:16:27.993+08:00 DEBUG 38228 --- [uscdip-backend] [boundChannel-10] org.hibernate.SQL                        : insert into trace_link_event (actor_user_id,client_ip,detail,event_time,event_type,latency_ms,message_id,object_id,object_type,parent_span_id,recv_time,route_path,session_id,source_module,span_id,stage,status,topic,trace_id,event_id) values (?,?,?,?,?,?,?,?,?,?,?,?,?,?,?,?,?,?,?,?)
2026-05-08T17:16:27.993+08:00 DEBUG 38228 --- [uscdip-backend] [boundChannel-10] org.hibernate.SQL                        : insert into websocket_ack (last_ack_seq,topic,updated_at,user_id,ack_id) values (?,?,?,?,?)
2026-05-08T17:16:27.994+08:00 DEBUG 38228 --- [uscdip-backend] [boundChannel-10] org.hibernate.SQL                        : update websocket_connection set client_ip=?,close_reason=?,connected_at=?,disconnected_at=?,last_seen_at=?,status=?,stomp_session_id=?,user_agent=?,user_id=?,username=? where connection_id=?
2026-05-08T17:16:32.793+08:00 DEBUG 38228 --- [uscdip-backend] [io-8080-exec-10] s.w.s.h.LoggingWebSocketHandlerDecorator : StandardWebSocketSession[id=f5b686af-8ed9-3368-66dd-fe889d01556c, uri=ws://localhost:8080/ws/push?access_token=eyJhbGciOiJIUzI1NiIsInR5cCI6IkpXVCJ9.eyJpc3MiOiJ1c2NkaXAtYmFja2VuZCIsInN1YiI6IlUtQURNSU4tMDAxIiwidXNlcm5hbWUiOiJhZG1pbiIsInNpZCI6IjY3ZDYwOTlkLTZhZjUtNDg4Mi1hMDc1LWQ5MWE3ODZhYWQ3MiIsImp0aSI6IjU0YzAwMGFjLWFhYmUtNDNjMy1hYjJlLTRiNTg4MTJjM2ExYSIsImF1dGhfbW9kZSI6IkJSRUFLX0dMQVNTIiwiZW1lcmdlbmN5X2FjY291bnRfaWQiOiJFQS1BRE1JTi0wMDEiLCJ0b2tlbl91c2UiOiJhY2Nlc3MiLCJpYXQiOjE3NzgyMzE3NzYsImV4cCI6MTc3ODIzMjM3Nn0.RDOIscRuCvDyXHcXjCJVpObmscjs3wveV8HBdKx4J38] closed with CloseStatus[code=1000, reason=null]
2026-05-08T17:16:32.794+08:00 DEBUG 38228 --- [uscdip-backend] [io-8080-exec-10] o.s.w.s.m.SubProtocolWebSocketHandler    : Clearing session f5b686af-8ed9-3368-66dd-fe889d01556c
2026-05-08T17:16:32.796+08:00 DEBUG 38228 --- [uscdip-backend] [io-8080-exec-10] org.hibernate.SQL                        : select wsce1_0.connection_id,wsce1_0.client_ip,wsce1_0.close_reason,wsce1_0.connected_at,wsce1_0.disconnected_at,wsce1_0.last_seen_at,wsce1_0.status,wsce1_0.stomp_session_id,wsce1_0.user_agent,wsce1_0.user_id,wsce1_0.username from websocket_connection wsce1_0 where wsce1_0.stomp_session_id=? and wsce1_0.status=?
2026-05-08T17:16:32.797+08:00 DEBUG 38228 --- [uscdip-backend] [io-8080-exec-10] org.hibernate.SQL                        : select tlee1_0.event_id,tlee1_0.actor_user_id,tlee1_0.client_ip,tlee1_0.detail,tlee1_0.event_time,tlee1_0.event_type,tlee1_0.latency_ms,tlee1_0.message_id,tlee1_0.object_id,tlee1_0.object_type,tlee1_0.parent_span_id,tlee1_0.recv_time,tlee1_0.route_path,tlee1_0.session_id,tlee1_0.source_module,tlee1_0.span_id,tlee1_0.stage,tlee1_0.status,tlee1_0.topic,tlee1_0.trace_id from trace_link_event tlee1_0 where tlee1_0.event_id=?
2026-05-08T17:16:32.798+08:00 DEBUG 38228 --- [uscdip-backend] [io-8080-exec-10] org.hibernate.SQL                        : insert into trace_link_event (actor_user_id,client_ip,detail,event_time,event_type,latency_ms,message_id,object_id,object_type,parent_span_id,recv_time,route_path,session_id,source_module,span_id,stage,status,topic,trace_id,event_id) values (?,?,?,?,?,?,?,?,?,?,?,?,?,?,?,?,?,?,?,?)
2026-05-08T17:16:32.799+08:00 DEBUG 38228 --- [uscdip-backend] [io-8080-exec-10] org.hibernate.SQL                        : select wsse1_0.subscription_row_id,wsse1_0.closed_at,wsse1_0.connection_id,wsse1_0.status,wsse1_0.stomp_session_id,wsse1_0.subscribed_at,wsse1_0.subscription_id,wsse1_0.topic,wsse1_0.user_id from websocket_subscription wsse1_0 where wsse1_0.stomp_session_id=? and wsse1_0.status=?
2026-05-08T17:16:32.800+08:00 DEBUG 38228 --- [uscdip-backend] [io-8080-exec-10] org.hibernate.SQL                        : update websocket_connection set client_ip=?,close_reason=?,connected_at=?,disconnected_at=?,last_seen_at=?,status=?,stomp_session_id=?,user_agent=?,user_id=?,username=? where connection_id=?
2026-05-08T17:16:32.801+08:00 DEBUG 38228 --- [uscdip-backend] [io-8080-exec-10] org.hibernate.SQL                        : update websocket_subscription set closed_at=?,connection_id=?,status=?,stomp_session_id=?,subscribed_at=?,subscription_id=?,topic=?,user_id=? where subscription_row_id=?
2026-05-08T17:16:32.927+08:00 DEBUG 38228 --- [uscdip-backend] [boundChannel-14] org.springframework.web.SimpLogging      : Processing DISCONNECT session=f5b686af-8ed9-3368-66dd-fe889d01556c
2026-05-08T17:16:32.928+08:00 DEBUG 38228 --- [uscdip-backend] [nio-8080-exec-8] org.hibernate.SQL                        : select tlee1_0.event_id,tlee1_0.actor_user_id,tlee1_0.client_ip,tlee1_0.detail,tlee1_0.event_time,tlee1_0.event_type,tlee1_0.latency_ms,tlee1_0.message_id,tlee1_0.object_id,tlee1_0.object_type,tlee1_0.parent_span_id,tlee1_0.recv_time,tlee1_0.route_path,tlee1_0.session_id,tlee1_0.source_module,tlee1_0.span_id,tlee1_0.stage,tlee1_0.status,tlee1_0.topic,tlee1_0.trace_id from trace_link_event tlee1_0 where tlee1_0.event_id=?
2026-05-08T17:16:32.929+08:00 DEBUG 38228 --- [uscdip-backend] [nio-8080-exec-8] org.hibernate.SQL                        : insert into trace_link_event (actor_user_id,client_ip,detail,event_time,event_type,latency_ms,message_id,object_id,object_type,parent_span_id,recv_time,route_path,session_id,source_module,span_id,stage,status,topic,trace_id,event_id) values (?,?,?,?,?,?,?,?,?,?,?,?,?,?,?,?,?,?,?,?)
2026-05-08T17:16:32.930+08:00 DEBUG 38228 --- [uscdip-backend] [nio-8080-exec-8] org.hibernate.SQL                        : select uae1_0.user_id,uae1_0.created_at,uae1_0.disabled_at,uae1_0.display_name,uae1_0.primary_region_id,uae1_0.status,uae1_0.token_valid_after,uae1_0.updated_at,uae1_0.username from user_account uae1_0 where uae1_0.user_id=?
2026-05-08T17:16:32.931+08:00 DEBUG 38228 --- [uscdip-backend] [nio-8080-exec-8] org.hibernate.SQL                        : select ase1_0.session_id,ase1_0.auth_mode,ase1_0.client_ip,ase1_0.created_at,ase1_0.emergency_account_id,ase1_0.revoke_reason,ase1_0.revoked_at,ase1_0.status,ase1_0.updated_at,ase1_0.user_agent,ase1_0.user_id from auth_session ase1_0 where ase1_0.session_id=?
2026-05-08T17:16:32.931+08:00 DEBUG 38228 --- [uscdip-backend] [nio-8080-exec-8] org.hibernate.SQL                        : select eae1_0.account_id,eae1_0.activated_at,eae1_0.activated_by,eae1_0.created_at,eae1_0.expires_at,eae1_0.last_login_at,eae1_0.linked_user_id,eae1_0.password_hash,eae1_0.revoke_reason,eae1_0.revoked_at,eae1_0.status,eae1_0.updated_at,eae1_0.username from emergency_account eae1_0 where eae1_0.account_id=?
2026-05-08T17:16:32.932+08:00 DEBUG 38228 --- [uscdip-backend] [nio-8080-exec-8] org.hibernate.SQL                        : select grpe1_0.policy_id,grpe1_0.audit_enabled,grpe1_0.auth_required,grpe1_0.created_at,grpe1_0.enabled,grpe1_0.http_method,grpe1_0.path_pattern,grpe1_0.rate_limit_capacity,grpe1_0.rate_limit_scope,grpe1_0.rate_limit_window_seconds,grpe1_0.risk_level,grpe1_0.route_code,grpe1_0.updated_at,grpe1_0.validation_profile from gateway_route_policy grpe1_0 where grpe1_0.enabled
2026-05-08T17:16:32.933+08:00 DEBUG 38228 --- [uscdip-backend] [nio-8080-exec-8] org.hibernate.SQL                        : select gcre1_0.rule_id,gcre1_0.created_at,gcre1_0.enabled,gcre1_0.expires_at,gcre1_0.reason,gcre1_0.rule_type,gcre1_0.subject_type,gcre1_0.subject_value,gcre1_0.updated_at from gateway_client_rule gcre1_0 where gcre1_0.enabled
2026-05-08T17:16:32.934+08:00 DEBUG 38228 --- [uscdip-backend] [tboundChannel-2] o.s.w.s.m.SubProtocolWebSocketHandler    : No session for GenericMessage [payload=byte[0], headers={simpMessageType=DISCONNECT_ACK, simpDisconnectMessage=GenericMessage [payload=byte[0], headers={simpMessageType=DISCONNECT, stompCommand=DISCONNECT, simpSessionAttributes={com.uscdip.backend.support.TraceIdContext.traceId=d9c529a0-ae6d-4a1a-a472-83911c87caa5, org.springframework.messaging.simp.SimpAttributes.COMPLETED=true, wsPrincipal=WebSocketUserPrincipal[name=U-ADMIN-001, userId=U-ADMIN-001, username=admin, connectionId=WSC-e52d6f28-9345-4d2e-b37e-c469410869ae]}, simpUser=WebSocketUserPrincipal[name=U-ADMIN-001, userId=U-ADMIN-001, username=admin, connectionId=WSC-e52d6f28-9345-4d2e-b37e-c469410869ae], simpSessionId=f5b686af-8ed9-3368-66dd-fe889d01556c}], simpUser=WebSocketUserPrincipal[name=U-ADMIN-001, userId=U-ADMIN-001, username=admin, connectionId=WSC-e52d6f28-9345-4d2e-b37e-c469410869ae], simpSessionId=f5b686af-8ed9-3368-66dd-fe889d01556c}]
2026-05-08T17:16:32.934+08:00 DEBUG 38228 --- [uscdip-backend] [nio-8080-exec-8] o.s.web.servlet.DispatcherServlet        : GET "/api/auth/me", parameters={}
2026-05-08T17:16:32.935+08:00 DEBUG 38228 --- [uscdip-backend] [nio-8080-exec-8] s.w.s.m.m.a.RequestMappingHandlerMapping : Mapped to com.uscdip.backend.controller.AuthController#me(Authentication, HttpServletRequest)
2026-05-08T17:16:32.935+08:00 DEBUG 38228 --- [uscdip-backend] [nio-8080-exec-8] org.hibernate.SQL                        : select uae1_0.user_id,uae1_0.created_at,uae1_0.disabled_at,uae1_0.display_name,uae1_0.primary_region_id,uae1_0.status,uae1_0.token_valid_after,uae1_0.updated_at,uae1_0.username from user_account uae1_0 where uae1_0.user_id=?
2026-05-08T17:16:32.936+08:00 DEBUG 38228 --- [uscdip-backend] [nio-8080-exec-8] org.hibernate.SQL                        : select ure1_0.id,ure1_0.role_code,ure1_0.user_id from rbac_user_role ure1_0 where ure1_0.user_id=?
2026-05-08T17:16:32.937+08:00 DEBUG 38228 --- [uscdip-backend] [nio-8080-exec-8] org.hibernate.SQL                        : select rpe1_0.id,rpe1_0.permission_code,rpe1_0.role_code from rbac_role_permission rpe1_0 where rpe1_0.role_code in (?)
2026-05-08T17:16:32.937+08:00 DEBUG 38228 --- [uscdip-backend] [nio-8080-exec-8] org.hibernate.SQL                        : select udse1_0.id,udse1_0.scope_type,udse1_0.scope_value,udse1_0.user_id from user_data_scope udse1_0 where udse1_0.user_id=?
2026-05-08T17:16:32.938+08:00 DEBUG 38228 --- [uscdip-backend] [nio-8080-exec-8] org.hibernate.SQL                        : select tsre1_0.id,tsre1_0.description,tsre1_0.role_code,tsre1_0.topic_pattern from topic_scope_rule tsre1_0 where tsre1_0.role_code in (?)
2026-05-08T17:16:32.939+08:00 DEBUG 38228 --- [uscdip-backend] [nio-8080-exec-8] o.s.w.s.m.m.a.HttpEntityMethodProcessor  : Using 'application/json', given [application/json] and supported [application/json, application/*+json]
2026-05-08T17:16:32.939+08:00 DEBUG 38228 --- [uscdip-backend] [nio-8080-exec-8] o.s.w.s.m.m.a.HttpEntityMethodProcessor  : Writing [ApiResponse[success=true, data={userId=U-ADMIN-001, authenticationType=UsernamePasswordAuthenticatio (truncated)...]
2026-05-08T17:16:32.940+08:00 DEBUG 38228 --- [uscdip-backend] [nio-8080-exec-8] o.s.web.servlet.DispatcherServlet        : Completed 200 OK
2026-05-08T17:16:32.941+08:00 DEBUG 38228 --- [uscdip-backend] [nio-8080-exec-8] org.hibernate.SQL                        : select tlee1_0.event_id,tlee1_0.actor_user_id,tlee1_0.client_ip,tlee1_0.detail,tlee1_0.event_time,tlee1_0.event_type,tlee1_0.latency_ms,tlee1_0.message_id,tlee1_0.object_id,tlee1_0.object_type,tlee1_0.parent_span_id,tlee1_0.recv_time,tlee1_0.route_path,tlee1_0.session_id,tlee1_0.source_module,tlee1_0.span_id,tlee1_0.stage,tlee1_0.status,tlee1_0.topic,tlee1_0.trace_id from trace_link_event tlee1_0 where tlee1_0.event_id=?
2026-05-08T17:16:32.941+08:00 DEBUG 38228 --- [uscdip-backend] [nio-8080-exec-8] org.hibernate.SQL                        : insert into trace_link_event (actor_user_id,client_ip,detail,event_time,event_type,latency_ms,message_id,object_id,object_type,parent_span_id,recv_time,route_path,session_id,source_module,span_id,stage,status,topic,trace_id,event_id) values (?,?,?,?,?,?,?,?,?,?,?,?,?,?,?,?,?,?,?,?)
2026-05-08T17:16:33.680+08:00 DEBUG 38228 --- [uscdip-backend] [nio-8080-exec-6] org.hibernate.SQL                        : select tlee1_0.event_id,tlee1_0.actor_user_id,tlee1_0.client_ip,tlee1_0.detail,tlee1_0.event_time,tlee1_0.event_type,tlee1_0.latency_ms,tlee1_0.message_id,tlee1_0.object_id,tlee1_0.object_type,tlee1_0.parent_span_id,tlee1_0.recv_time,tlee1_0.route_path,tlee1_0.session_id,tlee1_0.source_module,tlee1_0.span_id,tlee1_0.stage,tlee1_0.status,tlee1_0.topic,tlee1_0.trace_id from trace_link_event tlee1_0 where tlee1_0.event_id=?
2026-05-08T17:16:33.680+08:00 DEBUG 38228 --- [uscdip-backend] [nio-8080-exec-6] org.hibernate.SQL                        : insert into trace_link_event (actor_user_id,client_ip,detail,event_time,event_type,latency_ms,message_id,object_id,object_type,parent_span_id,recv_time,route_path,session_id,source_module,span_id,stage,status,topic,trace_id,event_id) values (?,?,?,?,?,?,?,?,?,?,?,?,?,?,?,?,?,?,?,?)
2026-05-08T17:16:33.682+08:00 DEBUG 38228 --- [uscdip-backend] [nio-8080-exec-6] org.hibernate.SQL                        : select uae1_0.user_id,uae1_0.created_at,uae1_0.disabled_at,uae1_0.display_name,uae1_0.primary_region_id,uae1_0.status,uae1_0.token_valid_after,uae1_0.updated_at,uae1_0.username from user_account uae1_0 where uae1_0.user_id=?
2026-05-08T17:16:33.684+08:00 DEBUG 38228 --- [uscdip-backend] [nio-8080-exec-6] org.hibernate.SQL                        : select ase1_0.session_id,ase1_0.auth_mode,ase1_0.client_ip,ase1_0.created_at,ase1_0.emergency_account_id,ase1_0.revoke_reason,ase1_0.revoked_at,ase1_0.status,ase1_0.updated_at,ase1_0.user_agent,ase1_0.user_id from auth_session ase1_0 where ase1_0.session_id=?
2026-05-08T17:16:33.684+08:00 DEBUG 38228 --- [uscdip-backend] [nio-8080-exec-6] org.hibernate.SQL                        : select eae1_0.account_id,eae1_0.activated_at,eae1_0.activated_by,eae1_0.created_at,eae1_0.expires_at,eae1_0.last_login_at,eae1_0.linked_user_id,eae1_0.password_hash,eae1_0.revoke_reason,eae1_0.revoked_at,eae1_0.status,eae1_0.updated_at,eae1_0.username from emergency_account eae1_0 where eae1_0.account_id=?
2026-05-08T17:16:33.686+08:00 DEBUG 38228 --- [uscdip-backend] [nio-8080-exec-6] org.hibernate.SQL                        : select grpe1_0.policy_id,grpe1_0.audit_enabled,grpe1_0.auth_required,grpe1_0.created_at,grpe1_0.enabled,grpe1_0.http_method,grpe1_0.path_pattern,grpe1_0.rate_limit_capacity,grpe1_0.rate_limit_scope,grpe1_0.rate_limit_window_seconds,grpe1_0.risk_level,grpe1_0.route_code,grpe1_0.updated_at,grpe1_0.validation_profile from gateway_route_policy grpe1_0 where grpe1_0.enabled
2026-05-08T17:16:33.688+08:00 DEBUG 38228 --- [uscdip-backend] [nio-8080-exec-6] org.hibernate.SQL                        : select gcre1_0.rule_id,gcre1_0.created_at,gcre1_0.enabled,gcre1_0.expires_at,gcre1_0.reason,gcre1_0.rule_type,gcre1_0.subject_type,gcre1_0.subject_value,gcre1_0.updated_at from gateway_client_rule gcre1_0 where gcre1_0.enabled
2026-05-08T17:16:33.688+08:00 DEBUG 38228 --- [uscdip-backend] [nio-8080-exec-6] o.s.web.servlet.DispatcherServlet        : GET "/api/incidents/INC-ALERT-SEED-001", parameters={}
2026-05-08T17:16:33.689+08:00 DEBUG 38228 --- [uscdip-backend] [nio-8080-exec-6] s.w.s.m.m.a.RequestMappingHandlerMapping : Mapped to com.uscdip.backend.controller.IncidentController#getIncidentDetail(Authentication, String)
2026-05-08T17:16:33.691+08:00 DEBUG 38228 --- [uscdip-backend] [nio-8080-exec-6] org.hibernate.SQL                        : select uae1_0.user_id,uae1_0.created_at,uae1_0.disabled_at,uae1_0.display_name,uae1_0.primary_region_id,uae1_0.status,uae1_0.token_valid_after,uae1_0.updated_at,uae1_0.username from user_account uae1_0 where uae1_0.user_id=?
2026-05-08T17:16:33.692+08:00 DEBUG 38228 --- [uscdip-backend] [nio-8080-exec-6] org.hibernate.SQL                        : select ure1_0.id,ure1_0.role_code,ure1_0.user_id from rbac_user_role ure1_0 where ure1_0.user_id=?
2026-05-08T17:16:33.693+08:00 DEBUG 38228 --- [uscdip-backend] [nio-8080-exec-6] org.hibernate.SQL                        : select rpe1_0.id,rpe1_0.permission_code,rpe1_0.role_code from rbac_role_permission rpe1_0 where rpe1_0.role_code in (?)
2026-05-08T17:16:33.694+08:00 DEBUG 38228 --- [uscdip-backend] [nio-8080-exec-6] org.hibernate.SQL                        : select udse1_0.id,udse1_0.scope_type,udse1_0.scope_value,udse1_0.user_id from user_data_scope udse1_0 where udse1_0.user_id=?
2026-05-08T17:16:33.695+08:00 DEBUG 38228 --- [uscdip-backend] [nio-8080-exec-6] org.hibernate.SQL                        : select tsre1_0.id,tsre1_0.description,tsre1_0.role_code,tsre1_0.topic_pattern from topic_scope_rule tsre1_0 where tsre1_0.role_code in (?)
2026-05-08T17:16:33.697+08:00 DEBUG 38228 --- [uscdip-backend] [nio-8080-exec-6] org.hibernate.SQL                        : select ure1_0.id,ure1_0.role_code,ure1_0.user_id from rbac_user_role ure1_0 where ure1_0.user_id=?
2026-05-08T17:16:33.698+08:00 DEBUG 38228 --- [uscdip-backend] [nio-8080-exec-6] org.hibernate.SQL                        : select rpe1_0.id,rpe1_0.permission_code,rpe1_0.role_code from rbac_role_permission rpe1_0 where rpe1_0.role_code in (?)
2026-05-08T17:16:33.698+08:00 DEBUG 38228 --- [uscdip-backend] [nio-8080-exec-6] org.hibernate.SQL                        : select udse1_0.id,udse1_0.scope_type,udse1_0.scope_value,udse1_0.user_id from user_data_scope udse1_0 where udse1_0.user_id=?
2026-05-08T17:16:33.700+08:00 DEBUG 38228 --- [uscdip-backend] [nio-8080-exec-6] org.hibernate.SQL                        : select tsre1_0.id,tsre1_0.description,tsre1_0.role_code,tsre1_0.topic_pattern from topic_scope_rule tsre1_0 where tsre1_0.role_code in (?)
2026-05-08T17:16:33.701+08:00 DEBUG 38228 --- [uscdip-backend] [nio-8080-exec-6] org.hibernate.SQL                        : select ie1_0.incident_id,ie1_0.alert_conf_final,ie1_0.close_reason,ie1_0.confirmed_at,ie1_0.confirmed_by,ie1_0.created_at,ie1_0.device_id,ie1_0.dq_score_snapshot,ie1_0.incident_type,ie1_0.node_id,ie1_0.resolved_at,ie1_0.segment_id,ie1_0.severity,ie1_0.severity_source,ie1_0.source_alert_id,ie1_0.source_batch_id,ie1_0.source_case_id,ie1_0.source_rule_code,ie1_0.status,ie1_0.title,ie1_0.trace_id,ie1_0.updated_at,ie1_0.version_no from incident ie1_0 where ie1_0.incident_id=?
2026-05-08T17:16:33.702+08:00 DEBUG 38228 --- [uscdip-backend] [nio-8080-exec-6] org.hibernate.SQL                        : select osbe1_0.binding_id,osbe1_0.created_at,osbe1_0.object_id,osbe1_0.object_type,osbe1_0.owner_user_id,osbe1_0.owner_username,osbe1_0.region_id,osbe1_0.scope_level,osbe1_0.updated_at from object_scope_binding osbe1_0 where osbe1_0.object_type=? and osbe1_0.object_id=?
2026-05-08T17:16:33.704+08:00 DEBUG 38228 --- [uscdip-backend] [nio-8080-exec-6] org.hibernate.SQL                        : select ale1_0.audit_id,ale1_0.action,ale1_0.actor_user_id,ale1_0.actor_username,ale1_0.after_snapshot,ale1_0.auth_mode,ale1_0.before_snapshot,ale1_0.client_ip,ale1_0.detail,ale1_0.emergency_account_id,ale1_0.event_category,ale1_0.event_time,ale1_0.event_type,ale1_0.http_method,ale1_0.object_id,ale1_0.object_type,ale1_0.outcome,ale1_0.request_path,ale1_0.risk_level,ale1_0.source_module,ale1_0.source_record_id,ale1_0.source_table,ale1_0.trace_id,ale1_0.user_agent from audit_log ale1_0 where ale1_0.audit_id=?
2026-05-08T17:16:33.706+08:00 DEBUG 38228 --- [uscdip-backend] [nio-8080-exec-6] org.hibernate.SQL                        : insert into audit_log (action,actor_user_id,actor_username,after_snapshot,auth_mode,before_snapshot,client_ip,detail,emergency_account_id,event_category,event_time,event_type,http_method,object_id,object_type,outcome,request_path,risk_level,source_module,source_record_id,source_table,trace_id,user_agent,audit_id) values (?,?,?,?,?,?,?,?,?,?,?,?,?,?,?,?,?,?,?,?,?,?,?,?)
2026-05-08T17:16:33.708+08:00 DEBUG 38228 --- [uscdip-backend] [nio-8080-exec-6] m.m.a.RequestResponseBodyMethodProcessor : Using 'application/json', given [application/json] and supported [application/json, application/*+json]
2026-05-08T17:16:33.708+08:00 DEBUG 38228 --- [uscdip-backend] [nio-8080-exec-6] m.m.a.RequestResponseBodyMethodProcessor : Writing [ApiResponse[success=true, data=IncidentResponse[incidentId=INC-ALERT-SEED-001, incidentType=ALERT_EV (truncated)...]
2026-05-08T17:16:33.709+08:00 DEBUG 38228 --- [uscdip-backend] [nio-8080-exec-6] o.s.web.servlet.DispatcherServlet        : Completed 200 OK
2026-05-08T17:16:33.710+08:00 DEBUG 38228 --- [uscdip-backend] [nio-8080-exec-6] org.hibernate.SQL                        : select tlee1_0.event_id,tlee1_0.actor_user_id,tlee1_0.client_ip,tlee1_0.detail,tlee1_0.event_time,tlee1_0.event_type,tlee1_0.latency_ms,tlee1_0.message_id,tlee1_0.object_id,tlee1_0.object_type,tlee1_0.parent_span_id,tlee1_0.recv_time,tlee1_0.route_path,tlee1_0.session_id,tlee1_0.source_module,tlee1_0.span_id,tlee1_0.stage,tlee1_0.status,tlee1_0.topic,tlee1_0.trace_id from trace_link_event tlee1_0 where tlee1_0.event_id=?
2026-05-08T17:16:33.712+08:00 DEBUG 38228 --- [uscdip-backend] [nio-8080-exec-6] org.hibernate.SQL                        : insert into trace_link_event (actor_user_id,client_ip,detail,event_time,event_type,latency_ms,message_id,object_id,object_type,parent_span_id,recv_time,route_path,session_id,source_module,span_id,stage,status,topic,trace_id,event_id) values (?,?,?,?,?,?,?,?,?,?,?,?,?,?,?,?,?,?,?,?)
2026-05-08T17:16:35.856+08:00 DEBUG 38228 --- [uscdip-backend] [nio-8080-exec-7] org.hibernate.SQL                        : select tlee1_0.event_id,tlee1_0.actor_user_id,tlee1_0.client_ip,tlee1_0.detail,tlee1_0.event_time,tlee1_0.event_type,tlee1_0.latency_ms,tlee1_0.message_id,tlee1_0.object_id,tlee1_0.object_type,tlee1_0.parent_span_id,tlee1_0.recv_time,tlee1_0.route_path,tlee1_0.session_id,tlee1_0.source_module,tlee1_0.span_id,tlee1_0.stage,tlee1_0.status,tlee1_0.topic,tlee1_0.trace_id from trace_link_event tlee1_0 where tlee1_0.event_id=?
2026-05-08T17:16:35.858+08:00 DEBUG 38228 --- [uscdip-backend] [nio-8080-exec-7] org.hibernate.SQL                        : insert into trace_link_event (actor_user_id,client_ip,detail,event_time,event_type,latency_ms,message_id,object_id,object_type,parent_span_id,recv_time,route_path,session_id,source_module,span_id,stage,status,topic,trace_id,event_id) values (?,?,?,?,?,?,?,?,?,?,?,?,?,?,?,?,?,?,?,?)
2026-05-08T17:16:35.859+08:00 DEBUG 38228 --- [uscdip-backend] [nio-8080-exec-7] org.hibernate.SQL                        : select uae1_0.user_id,uae1_0.created_at,uae1_0.disabled_at,uae1_0.display_name,uae1_0.primary_region_id,uae1_0.status,uae1_0.token_valid_after,uae1_0.updated_at,uae1_0.username from user_account uae1_0 where uae1_0.user_id=?
2026-05-08T17:16:35.860+08:00 DEBUG 38228 --- [uscdip-backend] [nio-8080-exec-7] org.hibernate.SQL                        : select ase1_0.session_id,ase1_0.auth_mode,ase1_0.client_ip,ase1_0.created_at,ase1_0.emergency_account_id,ase1_0.revoke_reason,ase1_0.revoked_at,ase1_0.status,ase1_0.updated_at,ase1_0.user_agent,ase1_0.user_id from auth_session ase1_0 where ase1_0.session_id=?
2026-05-08T17:16:35.860+08:00 DEBUG 38228 --- [uscdip-backend] [nio-8080-exec-7] org.hibernate.SQL                        : select eae1_0.account_id,eae1_0.activated_at,eae1_0.activated_by,eae1_0.created_at,eae1_0.expires_at,eae1_0.last_login_at,eae1_0.linked_user_id,eae1_0.password_hash,eae1_0.revoke_reason,eae1_0.revoked_at,eae1_0.status,eae1_0.updated_at,eae1_0.username from emergency_account eae1_0 where eae1_0.account_id=?
2026-05-08T17:16:35.861+08:00 DEBUG 38228 --- [uscdip-backend] [nio-8080-exec-7] org.hibernate.SQL                        : select grpe1_0.policy_id,grpe1_0.audit_enabled,grpe1_0.auth_required,grpe1_0.created_at,grpe1_0.enabled,grpe1_0.http_method,grpe1_0.path_pattern,grpe1_0.rate_limit_capacity,grpe1_0.rate_limit_scope,grpe1_0.rate_limit_window_seconds,grpe1_0.risk_level,grpe1_0.route_code,grpe1_0.updated_at,grpe1_0.validation_profile from gateway_route_policy grpe1_0 where grpe1_0.enabled
2026-05-08T17:16:35.862+08:00 DEBUG 38228 --- [uscdip-backend] [nio-8080-exec-7] org.hibernate.SQL                        : select gcre1_0.rule_id,gcre1_0.created_at,gcre1_0.enabled,gcre1_0.expires_at,gcre1_0.reason,gcre1_0.rule_type,gcre1_0.subject_type,gcre1_0.subject_value,gcre1_0.updated_at from gateway_client_rule gcre1_0 where gcre1_0.enabled
2026-05-08T17:16:35.863+08:00 DEBUG 38228 --- [uscdip-backend] [nio-8080-exec-7] o.s.web.servlet.DispatcherServlet        : GET "/api/auth/me", parameters={}
2026-05-08T17:16:35.863+08:00 DEBUG 38228 --- [uscdip-backend] [nio-8080-exec-7] s.w.s.m.m.a.RequestMappingHandlerMapping : Mapped to com.uscdip.backend.controller.AuthController#me(Authentication, HttpServletRequest)
2026-05-08T17:16:35.865+08:00 DEBUG 38228 --- [uscdip-backend] [nio-8080-exec-7] org.hibernate.SQL                        : select uae1_0.user_id,uae1_0.created_at,uae1_0.disabled_at,uae1_0.display_name,uae1_0.primary_region_id,uae1_0.status,uae1_0.token_valid_after,uae1_0.updated_at,uae1_0.username from user_account uae1_0 where uae1_0.user_id=?
2026-05-08T17:16:35.866+08:00 DEBUG 38228 --- [uscdip-backend] [nio-8080-exec-7] org.hibernate.SQL                        : select ure1_0.id,ure1_0.role_code,ure1_0.user_id from rbac_user_role ure1_0 where ure1_0.user_id=?
2026-05-08T17:16:35.867+08:00 DEBUG 38228 --- [uscdip-backend] [nio-8080-exec-7] org.hibernate.SQL                        : select rpe1_0.id,rpe1_0.permission_code,rpe1_0.role_code from rbac_role_permission rpe1_0 where rpe1_0.role_code in (?)
2026-05-08T17:16:35.868+08:00 DEBUG 38228 --- [uscdip-backend] [nio-8080-exec-7] org.hibernate.SQL                        : select udse1_0.id,udse1_0.scope_type,udse1_0.scope_value,udse1_0.user_id from user_data_scope udse1_0 where udse1_0.user_id=?
2026-05-08T17:16:35.869+08:00 DEBUG 38228 --- [uscdip-backend] [nio-8080-exec-7] org.hibernate.SQL                        : select tsre1_0.id,tsre1_0.description,tsre1_0.role_code,tsre1_0.topic_pattern from topic_scope_rule tsre1_0 where tsre1_0.role_code in (?)
2026-05-08T17:16:35.870+08:00 DEBUG 38228 --- [uscdip-backend] [nio-8080-exec-7] o.s.w.s.m.m.a.HttpEntityMethodProcessor  : Using 'application/json', given [application/json] and supported [application/json, application/*+json]
2026-05-08T17:16:35.871+08:00 DEBUG 38228 --- [uscdip-backend] [nio-8080-exec-7] o.s.w.s.m.m.a.HttpEntityMethodProcessor  : Writing [ApiResponse[success=true, data={userId=U-ADMIN-001, authenticationType=UsernamePasswordAuthenticatio (truncated)...]
2026-05-08T17:16:35.872+08:00 DEBUG 38228 --- [uscdip-backend] [nio-8080-exec-7] o.s.web.servlet.DispatcherServlet        : Completed 200 OK
2026-05-08T17:16:35.873+08:00 DEBUG 38228 --- [uscdip-backend] [nio-8080-exec-7] org.hibernate.SQL                        : select tlee1_0.event_id,tlee1_0.actor_user_id,tlee1_0.client_ip,tlee1_0.detail,tlee1_0.event_time,tlee1_0.event_type,tlee1_0.latency_ms,tlee1_0.message_id,tlee1_0.object_id,tlee1_0.object_type,tlee1_0.parent_span_id,tlee1_0.recv_time,tlee1_0.route_path,tlee1_0.session_id,tlee1_0.source_module,tlee1_0.span_id,tlee1_0.stage,tlee1_0.status,tlee1_0.topic,tlee1_0.trace_id from trace_link_event tlee1_0 where tlee1_0.event_id=?
2026-05-08T17:16:35.874+08:00 DEBUG 38228 --- [uscdip-backend] [nio-8080-exec-7] org.hibernate.SQL                        : insert into trace_link_event (actor_user_id,client_ip,detail,event_time,event_type,latency_ms,message_id,object_id,object_type,parent_span_id,recv_time,route_path,session_id,source_module,span_id,stage,status,topic,trace_id,event_id) values (?,?,?,?,?,?,?,?,?,?,?,?,?,?,?,?,?,?,?,?)
2026-05-08T17:16:37.525+08:00 DEBUG 38228 --- [uscdip-backend] [nio-8080-exec-4] org.hibernate.SQL                        : select tlee1_0.event_id,tlee1_0.actor_user_id,tlee1_0.client_ip,tlee1_0.detail,tlee1_0.event_time,tlee1_0.event_type,tlee1_0.latency_ms,tlee1_0.message_id,tlee1_0.object_id,tlee1_0.object_type,tlee1_0.parent_span_id,tlee1_0.recv_time,tlee1_0.route_path,tlee1_0.session_id,tlee1_0.source_module,tlee1_0.span_id,tlee1_0.stage,tlee1_0.status,tlee1_0.topic,tlee1_0.trace_id from trace_link_event tlee1_0 where tlee1_0.event_id=?
2026-05-08T17:16:37.526+08:00 DEBUG 38228 --- [uscdip-backend] [nio-8080-exec-4] org.hibernate.SQL                        : insert into trace_link_event (actor_user_id,client_ip,detail,event_time,event_type,latency_ms,message_id,object_id,object_type,parent_span_id,recv_time,route_path,session_id,source_module,span_id,stage,status,topic,trace_id,event_id) values (?,?,?,?,?,?,?,?,?,?,?,?,?,?,?,?,?,?,?,?)
2026-05-08T17:16:37.527+08:00 DEBUG 38228 --- [uscdip-backend] [nio-8080-exec-4] org.hibernate.SQL                        : select uae1_0.user_id,uae1_0.created_at,uae1_0.disabled_at,uae1_0.display_name,uae1_0.primary_region_id,uae1_0.status,uae1_0.token_valid_after,uae1_0.updated_at,uae1_0.username from user_account uae1_0 where uae1_0.user_id=?
2026-05-08T17:16:37.527+08:00 DEBUG 38228 --- [uscdip-backend] [nio-8080-exec-4] org.hibernate.SQL                        : select ase1_0.session_id,ase1_0.auth_mode,ase1_0.client_ip,ase1_0.created_at,ase1_0.emergency_account_id,ase1_0.revoke_reason,ase1_0.revoked_at,ase1_0.status,ase1_0.updated_at,ase1_0.user_agent,ase1_0.user_id from auth_session ase1_0 where ase1_0.session_id=?
2026-05-08T17:16:37.529+08:00 DEBUG 38228 --- [uscdip-backend] [nio-8080-exec-4] org.hibernate.SQL                        : select eae1_0.account_id,eae1_0.activated_at,eae1_0.activated_by,eae1_0.created_at,eae1_0.expires_at,eae1_0.last_login_at,eae1_0.linked_user_id,eae1_0.password_hash,eae1_0.revoke_reason,eae1_0.revoked_at,eae1_0.status,eae1_0.updated_at,eae1_0.username from emergency_account eae1_0 where eae1_0.account_id=?
2026-05-08T17:16:37.530+08:00 DEBUG 38228 --- [uscdip-backend] [nio-8080-exec-4] org.hibernate.SQL                        : select grpe1_0.policy_id,grpe1_0.audit_enabled,grpe1_0.auth_required,grpe1_0.created_at,grpe1_0.enabled,grpe1_0.http_method,grpe1_0.path_pattern,grpe1_0.rate_limit_capacity,grpe1_0.rate_limit_scope,grpe1_0.rate_limit_window_seconds,grpe1_0.risk_level,grpe1_0.route_code,grpe1_0.updated_at,grpe1_0.validation_profile from gateway_route_policy grpe1_0 where grpe1_0.enabled
2026-05-08T17:16:37.531+08:00 DEBUG 38228 --- [uscdip-backend] [nio-8080-exec-4] org.hibernate.SQL                        : select gcre1_0.rule_id,gcre1_0.created_at,gcre1_0.enabled,gcre1_0.expires_at,gcre1_0.reason,gcre1_0.rule_type,gcre1_0.subject_type,gcre1_0.subject_value,gcre1_0.updated_at from gateway_client_rule gcre1_0 where gcre1_0.enabled
2026-05-08T17:16:37.532+08:00 DEBUG 38228 --- [uscdip-backend] [nio-8080-exec-4] o.s.web.servlet.DispatcherServlet        : GET "/api/workorders/WO-B22-CREATED-001", parameters={}
2026-05-08T17:16:37.532+08:00 DEBUG 38228 --- [uscdip-backend] [nio-8080-exec-4] s.w.s.m.m.a.RequestMappingHandlerMapping : Mapped to com.uscdip.backend.controller.WorkOrderController#getWorkOrderDetail(Authentication, String)
2026-05-08T17:16:37.534+08:00 DEBUG 38228 --- [uscdip-backend] [nio-8080-exec-4] org.hibernate.SQL                        : select uae1_0.user_id,uae1_0.created_at,uae1_0.disabled_at,uae1_0.display_name,uae1_0.primary_region_id,uae1_0.status,uae1_0.token_valid_after,uae1_0.updated_at,uae1_0.username from user_account uae1_0 where uae1_0.user_id=?
2026-05-08T17:16:37.535+08:00 DEBUG 38228 --- [uscdip-backend] [nio-8080-exec-4] org.hibernate.SQL                        : select ure1_0.id,ure1_0.role_code,ure1_0.user_id from rbac_user_role ure1_0 where ure1_0.user_id=?
2026-05-08T17:16:37.535+08:00 DEBUG 38228 --- [uscdip-backend] [nio-8080-exec-4] org.hibernate.SQL                        : select rpe1_0.id,rpe1_0.permission_code,rpe1_0.role_code from rbac_role_permission rpe1_0 where rpe1_0.role_code in (?)
2026-05-08T17:16:37.536+08:00 DEBUG 38228 --- [uscdip-backend] [nio-8080-exec-4] org.hibernate.SQL                        : select udse1_0.id,udse1_0.scope_type,udse1_0.scope_value,udse1_0.user_id from user_data_scope udse1_0 where udse1_0.user_id=?
2026-05-08T17:16:37.537+08:00 DEBUG 38228 --- [uscdip-backend] [nio-8080-exec-4] org.hibernate.SQL                        : select tsre1_0.id,tsre1_0.description,tsre1_0.role_code,tsre1_0.topic_pattern from topic_scope_rule tsre1_0 where tsre1_0.role_code in (?)
2026-05-08T17:16:37.538+08:00 DEBUG 38228 --- [uscdip-backend] [nio-8080-exec-4] org.hibernate.SQL                        : select ure1_0.id,ure1_0.role_code,ure1_0.user_id from rbac_user_role ure1_0 where ure1_0.user_id=?
2026-05-08T17:16:37.538+08:00 DEBUG 38228 --- [uscdip-backend] [nio-8080-exec-4] org.hibernate.SQL                        : select rpe1_0.id,rpe1_0.permission_code,rpe1_0.role_code from rbac_role_permission rpe1_0 where rpe1_0.role_code in (?)
2026-05-08T17:16:37.539+08:00 DEBUG 38228 --- [uscdip-backend] [nio-8080-exec-4] org.hibernate.SQL                        : select udse1_0.id,udse1_0.scope_type,udse1_0.scope_value,udse1_0.user_id from user_data_scope udse1_0 where udse1_0.user_id=?
2026-05-08T17:16:37.539+08:00 DEBUG 38228 --- [uscdip-backend] [nio-8080-exec-4] org.hibernate.SQL                        : select tsre1_0.id,tsre1_0.description,tsre1_0.role_code,tsre1_0.topic_pattern from topic_scope_rule tsre1_0 where tsre1_0.role_code in (?)
2026-05-08T17:16:37.540+08:00 DEBUG 38228 --- [uscdip-backend] [nio-8080-exec-4] org.hibernate.SQL                        : select woe1_0.work_order_id,woe1_0.accepted_at,woe1_0.accepted_by,woe1_0.assignee,woe1_0.assignee_user_id,woe1_0.close_reason,woe1_0.closed_at,woe1_0.closed_by,woe1_0.completed_at,woe1_0.completed_by,woe1_0.completion_summary,woe1_0.created_at,woe1_0.created_by,woe1_0.description,woe1_0.dispatched_at,woe1_0.dispatched_by,woe1_0.incident_id,woe1_0.node_id,woe1_0.priority,woe1_0.segment_id,woe1_0.sla_due_at,woe1_0.status,woe1_0.updated_at,woe1_0.version_no,woe1_0.work_order_type,woe1_0.writeback_at,woe1_0.writeback_reason,woe1_0.writeback_type from work_order woe1_0 where woe1_0.work_order_id=?
2026-05-08T17:16:37.542+08:00 DEBUG 38228 --- [uscdip-backend] [nio-8080-exec-4] org.hibernate.SQL                        : select osbe1_0.binding_id,osbe1_0.created_at,osbe1_0.object_id,osbe1_0.object_type,osbe1_0.owner_user_id,osbe1_0.owner_username,osbe1_0.region_id,osbe1_0.scope_level,osbe1_0.updated_at from object_scope_binding osbe1_0 where osbe1_0.object_type=? and osbe1_0.object_id=?
2026-05-08T17:16:37.543+08:00 DEBUG 38228 --- [uscdip-backend] [nio-8080-exec-4] org.hibernate.SQL                        : select ale1_0.audit_id,ale1_0.action,ale1_0.actor_user_id,ale1_0.actor_username,ale1_0.after_snapshot,ale1_0.auth_mode,ale1_0.before_snapshot,ale1_0.client_ip,ale1_0.detail,ale1_0.emergency_account_id,ale1_0.event_category,ale1_0.event_time,ale1_0.event_type,ale1_0.http_method,ale1_0.object_id,ale1_0.object_type,ale1_0.outcome,ale1_0.request_path,ale1_0.risk_level,ale1_0.source_module,ale1_0.source_record_id,ale1_0.source_table,ale1_0.trace_id,ale1_0.user_agent from audit_log ale1_0 where ale1_0.audit_id=?
2026-05-08T17:16:37.544+08:00 DEBUG 38228 --- [uscdip-backend] [nio-8080-exec-4] org.hibernate.SQL                        : insert into audit_log (action,actor_user_id,actor_username,after_snapshot,auth_mode,before_snapshot,client_ip,detail,emergency_account_id,event_category,event_time,event_type,http_method,object_id,object_type,outcome,request_path,risk_level,source_module,source_record_id,source_table,trace_id,user_agent,audit_id) values (?,?,?,?,?,?,?,?,?,?,?,?,?,?,?,?,?,?,?,?,?,?,?,?)
2026-05-08T17:16:37.544+08:00 DEBUG 38228 --- [uscdip-backend] [nio-8080-exec-4] m.m.a.RequestResponseBodyMethodProcessor : Using 'application/json', given [application/json] and supported [application/json, application/*+json]
2026-05-08T17:16:37.545+08:00 DEBUG 38228 --- [uscdip-backend] [nio-8080-exec-4] m.m.a.RequestResponseBodyMethodProcessor : Writing [ApiResponse[success=true, data=WorkOrderResponse[workOrderId=WO-B22-CREATED-001, incidentId=INC-ALER (truncated)...]
2026-05-08T17:16:37.545+08:00 DEBUG 38228 --- [uscdip-backend] [nio-8080-exec-4] o.s.web.servlet.DispatcherServlet        : Completed 200 OK
2026-05-08T17:16:37.546+08:00 DEBUG 38228 --- [uscdip-backend] [nio-8080-exec-4] org.hibernate.SQL                        : select tlee1_0.event_id,tlee1_0.actor_user_id,tlee1_0.client_ip,tlee1_0.detail,tlee1_0.event_time,tlee1_0.event_type,tlee1_0.latency_ms,tlee1_0.message_id,tlee1_0.object_id,tlee1_0.object_type,tlee1_0.parent_span_id,tlee1_0.recv_time,tlee1_0.route_path,tlee1_0.session_id,tlee1_0.source_module,tlee1_0.span_id,tlee1_0.stage,tlee1_0.status,tlee1_0.topic,tlee1_0.trace_id from trace_link_event tlee1_0 where tlee1_0.event_id=?
2026-05-08T17:16:37.547+08:00 DEBUG 38228 --- [uscdip-backend] [nio-8080-exec-4] org.hibernate.SQL                        : insert into trace_link_event (actor_user_id,client_ip,detail,event_time,event_type,latency_ms,message_id,object_id,object_type,parent_span_id,recv_time,route_path,session_id,source_module,span_id,stage,status,topic,trace_id,event_id) values (?,?,?,?,?,?,?,?,?,?,?,?,?,?,?,?,?,?,?,?)
2026-05-08T17:16:39.709+08:00 DEBUG 38228 --- [uscdip-backend] [nio-8080-exec-5] org.hibernate.SQL                        : select tlee1_0.event_id,tlee1_0.actor_user_id,tlee1_0.client_ip,tlee1_0.detail,tlee1_0.event_time,tlee1_0.event_type,tlee1_0.latency_ms,tlee1_0.message_id,tlee1_0.object_id,tlee1_0.object_type,tlee1_0.parent_span_id,tlee1_0.recv_time,tlee1_0.route_path,tlee1_0.session_id,tlee1_0.source_module,tlee1_0.span_id,tlee1_0.stage,tlee1_0.status,tlee1_0.topic,tlee1_0.trace_id from trace_link_event tlee1_0 where tlee1_0.event_id=?
2026-05-08T17:16:39.709+08:00 DEBUG 38228 --- [uscdip-backend] [nio-8080-exec-1] org.hibernate.SQL                        : select tlee1_0.event_id,tlee1_0.actor_user_id,tlee1_0.client_ip,tlee1_0.detail,tlee1_0.event_time,tlee1_0.event_type,tlee1_0.latency_ms,tlee1_0.message_id,tlee1_0.object_id,tlee1_0.object_type,tlee1_0.parent_span_id,tlee1_0.recv_time,tlee1_0.route_path,tlee1_0.session_id,tlee1_0.source_module,tlee1_0.span_id,tlee1_0.stage,tlee1_0.status,tlee1_0.topic,tlee1_0.trace_id from trace_link_event tlee1_0 where tlee1_0.event_id=?
2026-05-08T17:16:39.710+08:00 DEBUG 38228 --- [uscdip-backend] [nio-8080-exec-5] org.hibernate.SQL                        : insert into trace_link_event (actor_user_id,client_ip,detail,event_time,event_type,latency_ms,message_id,object_id,object_type,parent_span_id,recv_time,route_path,session_id,source_module,span_id,stage,status,topic,trace_id,event_id) values (?,?,?,?,?,?,?,?,?,?,?,?,?,?,?,?,?,?,?,?)
2026-05-08T17:16:39.712+08:00 DEBUG 38228 --- [uscdip-backend] [nio-8080-exec-1] org.hibernate.SQL                        : insert into trace_link_event (actor_user_id,client_ip,detail,event_time,event_type,latency_ms,message_id,object_id,object_type,parent_span_id,recv_time,route_path,session_id,source_module,span_id,stage,status,topic,trace_id,event_id) values (?,?,?,?,?,?,?,?,?,?,?,?,?,?,?,?,?,?,?,?)
2026-05-08T17:16:39.714+08:00 DEBUG 38228 --- [uscdip-backend] [nio-8080-exec-1] org.hibernate.SQL                        : select uae1_0.user_id,uae1_0.created_at,uae1_0.disabled_at,uae1_0.display_name,uae1_0.primary_region_id,uae1_0.status,uae1_0.token_valid_after,uae1_0.updated_at,uae1_0.username from user_account uae1_0 where uae1_0.user_id=?
2026-05-08T17:16:39.714+08:00 DEBUG 38228 --- [uscdip-backend] [nio-8080-exec-5] org.hibernate.SQL                        : select uae1_0.user_id,uae1_0.created_at,uae1_0.disabled_at,uae1_0.display_name,uae1_0.primary_region_id,uae1_0.status,uae1_0.token_valid_after,uae1_0.updated_at,uae1_0.username from user_account uae1_0 where uae1_0.user_id=?
2026-05-08T17:16:39.715+08:00 DEBUG 38228 --- [uscdip-backend] [nio-8080-exec-5] org.hibernate.SQL                        : select ase1_0.session_id,ase1_0.auth_mode,ase1_0.client_ip,ase1_0.created_at,ase1_0.emergency_account_id,ase1_0.revoke_reason,ase1_0.revoked_at,ase1_0.status,ase1_0.updated_at,ase1_0.user_agent,ase1_0.user_id from auth_session ase1_0 where ase1_0.session_id=?
2026-05-08T17:16:39.715+08:00 DEBUG 38228 --- [uscdip-backend] [nio-8080-exec-3] org.hibernate.SQL                        : select tlee1_0.event_id,tlee1_0.actor_user_id,tlee1_0.client_ip,tlee1_0.detail,tlee1_0.event_time,tlee1_0.event_type,tlee1_0.latency_ms,tlee1_0.message_id,tlee1_0.object_id,tlee1_0.object_type,tlee1_0.parent_span_id,tlee1_0.recv_time,tlee1_0.route_path,tlee1_0.session_id,tlee1_0.source_module,tlee1_0.span_id,tlee1_0.stage,tlee1_0.status,tlee1_0.topic,tlee1_0.trace_id from trace_link_event tlee1_0 where tlee1_0.event_id=?
2026-05-08T17:16:39.715+08:00 DEBUG 38228 --- [uscdip-backend] [nio-8080-exec-1] org.hibernate.SQL                        : select ase1_0.session_id,ase1_0.auth_mode,ase1_0.client_ip,ase1_0.created_at,ase1_0.emergency_account_id,ase1_0.revoke_reason,ase1_0.revoked_at,ase1_0.status,ase1_0.updated_at,ase1_0.user_agent,ase1_0.user_id from auth_session ase1_0 where ase1_0.session_id=?
2026-05-08T17:16:39.715+08:00 DEBUG 38228 --- [uscdip-backend] [nio-8080-exec-3] org.hibernate.SQL                        : insert into trace_link_event (actor_user_id,client_ip,detail,event_time,event_type,latency_ms,message_id,object_id,object_type,parent_span_id,recv_time,route_path,session_id,source_module,span_id,stage,status,topic,trace_id,event_id) values (?,?,?,?,?,?,?,?,?,?,?,?,?,?,?,?,?,?,?,?)
2026-05-08T17:16:39.715+08:00 DEBUG 38228 --- [uscdip-backend] [nio-8080-exec-5] org.hibernate.SQL                        : select eae1_0.account_id,eae1_0.activated_at,eae1_0.activated_by,eae1_0.created_at,eae1_0.expires_at,eae1_0.last_login_at,eae1_0.linked_user_id,eae1_0.password_hash,eae1_0.revoke_reason,eae1_0.revoked_at,eae1_0.status,eae1_0.updated_at,eae1_0.username from emergency_account eae1_0 where eae1_0.account_id=?
2026-05-08T17:16:39.716+08:00 DEBUG 38228 --- [uscdip-backend] [nio-8080-exec-1] org.hibernate.SQL                        : select eae1_0.account_id,eae1_0.activated_at,eae1_0.activated_by,eae1_0.created_at,eae1_0.expires_at,eae1_0.last_login_at,eae1_0.linked_user_id,eae1_0.password_hash,eae1_0.revoke_reason,eae1_0.revoked_at,eae1_0.status,eae1_0.updated_at,eae1_0.username from emergency_account eae1_0 where eae1_0.account_id=?
2026-05-08T17:16:39.717+08:00 DEBUG 38228 --- [uscdip-backend] [nio-8080-exec-3] org.hibernate.SQL                        : select uae1_0.user_id,uae1_0.created_at,uae1_0.disabled_at,uae1_0.display_name,uae1_0.primary_region_id,uae1_0.status,uae1_0.token_valid_after,uae1_0.updated_at,uae1_0.username from user_account uae1_0 where uae1_0.user_id=?
2026-05-08T17:16:39.718+08:00 DEBUG 38228 --- [uscdip-backend] [nio-8080-exec-1] org.hibernate.SQL                        : select grpe1_0.policy_id,grpe1_0.audit_enabled,grpe1_0.auth_required,grpe1_0.created_at,grpe1_0.enabled,grpe1_0.http_method,grpe1_0.path_pattern,grpe1_0.rate_limit_capacity,grpe1_0.rate_limit_scope,grpe1_0.rate_limit_window_seconds,grpe1_0.risk_level,grpe1_0.route_code,grpe1_0.updated_at,grpe1_0.validation_profile from gateway_route_policy grpe1_0 where grpe1_0.enabled
2026-05-08T17:16:39.718+08:00 DEBUG 38228 --- [uscdip-backend] [nio-8080-exec-5] org.hibernate.SQL                        : select grpe1_0.policy_id,grpe1_0.audit_enabled,grpe1_0.auth_required,grpe1_0.created_at,grpe1_0.enabled,grpe1_0.http_method,grpe1_0.path_pattern,grpe1_0.rate_limit_capacity,grpe1_0.rate_limit_scope,grpe1_0.rate_limit_window_seconds,grpe1_0.risk_level,grpe1_0.route_code,grpe1_0.updated_at,grpe1_0.validation_profile from gateway_route_policy grpe1_0 where grpe1_0.enabled
2026-05-08T17:16:39.720+08:00 DEBUG 38228 --- [uscdip-backend] [nio-8080-exec-3] org.hibernate.SQL                        : select ase1_0.session_id,ase1_0.auth_mode,ase1_0.client_ip,ase1_0.created_at,ase1_0.emergency_account_id,ase1_0.revoke_reason,ase1_0.revoked_at,ase1_0.status,ase1_0.updated_at,ase1_0.user_agent,ase1_0.user_id from auth_session ase1_0 where ase1_0.session_id=?
2026-05-08T17:16:39.721+08:00 DEBUG 38228 --- [uscdip-backend] [nio-8080-exec-3] org.hibernate.SQL                        : select eae1_0.account_id,eae1_0.activated_at,eae1_0.activated_by,eae1_0.created_at,eae1_0.expires_at,eae1_0.last_login_at,eae1_0.linked_user_id,eae1_0.password_hash,eae1_0.revoke_reason,eae1_0.revoked_at,eae1_0.status,eae1_0.updated_at,eae1_0.username from emergency_account eae1_0 where eae1_0.account_id=?
2026-05-08T17:16:39.721+08:00 DEBUG 38228 --- [uscdip-backend] [nio-8080-exec-1] org.hibernate.SQL                        : select gcre1_0.rule_id,gcre1_0.created_at,gcre1_0.enabled,gcre1_0.expires_at,gcre1_0.reason,gcre1_0.rule_type,gcre1_0.subject_type,gcre1_0.subject_value,gcre1_0.updated_at from gateway_client_rule gcre1_0 where gcre1_0.enabled
2026-05-08T17:16:39.721+08:00 DEBUG 38228 --- [uscdip-backend] [nio-8080-exec-5] org.hibernate.SQL                        : select gcre1_0.rule_id,gcre1_0.created_at,gcre1_0.enabled,gcre1_0.expires_at,gcre1_0.reason,gcre1_0.rule_type,gcre1_0.subject_type,gcre1_0.subject_value,gcre1_0.updated_at from gateway_client_rule gcre1_0 where gcre1_0.enabled
2026-05-08T17:16:39.722+08:00 DEBUG 38228 --- [uscdip-backend] [nio-8080-exec-3] org.hibernate.SQL                        : select grpe1_0.policy_id,grpe1_0.audit_enabled,grpe1_0.auth_required,grpe1_0.created_at,grpe1_0.enabled,grpe1_0.http_method,grpe1_0.path_pattern,grpe1_0.rate_limit_capacity,grpe1_0.rate_limit_scope,grpe1_0.rate_limit_window_seconds,grpe1_0.risk_level,grpe1_0.route_code,grpe1_0.updated_at,grpe1_0.validation_profile from gateway_route_policy grpe1_0 where grpe1_0.enabled
2026-05-08T17:16:39.723+08:00 DEBUG 38228 --- [uscdip-backend] [nio-8080-exec-5] o.s.web.servlet.DispatcherServlet        : GET "/api/auth/me", parameters={}
2026-05-08T17:16:39.723+08:00 DEBUG 38228 --- [uscdip-backend] [nio-8080-exec-5] s.w.s.m.m.a.RequestMappingHandlerMapping : Mapped to com.uscdip.backend.controller.AuthController#me(Authentication, HttpServletRequest)
2026-05-08T17:16:39.723+08:00 DEBUG 38228 --- [uscdip-backend] [nio-8080-exec-1] o.s.web.servlet.DispatcherServlet        : GET "/api/platforms", parameters={}
2026-05-08T17:16:39.723+08:00 DEBUG 38228 --- [uscdip-backend] [nio-8080-exec-3] org.hibernate.SQL                        : select gcre1_0.rule_id,gcre1_0.created_at,gcre1_0.enabled,gcre1_0.expires_at,gcre1_0.reason,gcre1_0.rule_type,gcre1_0.subject_type,gcre1_0.subject_value,gcre1_0.updated_at from gateway_client_rule gcre1_0 where gcre1_0.enabled
2026-05-08T17:16:39.724+08:00 DEBUG 38228 --- [uscdip-backend] [nio-8080-exec-5] org.hibernate.SQL                        : select uae1_0.user_id,uae1_0.created_at,uae1_0.disabled_at,uae1_0.display_name,uae1_0.primary_region_id,uae1_0.status,uae1_0.token_valid_after,uae1_0.updated_at,uae1_0.username from user_account uae1_0 where uae1_0.user_id=?
2026-05-08T17:16:39.724+08:00 DEBUG 38228 --- [uscdip-backend] [nio-8080-exec-3] o.s.web.servlet.DispatcherServlet        : GET "/api/menu-boundaries", parameters={}
2026-05-08T17:16:39.725+08:00 DEBUG 38228 --- [uscdip-backend] [nio-8080-exec-5] org.hibernate.SQL                        : select ure1_0.id,ure1_0.role_code,ure1_0.user_id from rbac_user_role ure1_0 where ure1_0.user_id=?
2026-05-08T17:16:39.724+08:00 DEBUG 38228 --- [uscdip-backend] [nio-8080-exec-1] s.w.s.m.m.a.RequestMappingHandlerMapping : Mapped to com.uscdip.backend.controller.BoundaryController#getPlatforms()
2026-05-08T17:16:39.725+08:00 DEBUG 38228 --- [uscdip-backend] [nio-8080-exec-3] s.w.s.m.m.a.RequestMappingHandlerMapping : Mapped to com.uscdip.backend.controller.BoundaryController#getMenuBoundaries()
2026-05-08T17:16:39.725+08:00 DEBUG 38228 --- [uscdip-backend] [nio-8080-exec-5] org.hibernate.SQL                        : select rpe1_0.id,rpe1_0.permission_code,rpe1_0.role_code from rbac_role_permission rpe1_0 where rpe1_0.role_code in (?)
2026-05-08T17:16:39.726+08:00 DEBUG 38228 --- [uscdip-backend] [nio-8080-exec-3] m.m.a.RequestResponseBodyMethodProcessor : Using 'application/json', given [application/json] and supported [application/json, application/*+json]
2026-05-08T17:16:39.727+08:00 DEBUG 38228 --- [uscdip-backend] [nio-8080-exec-1] m.m.a.RequestResponseBodyMethodProcessor : Using 'application/json', given [application/json] and supported [application/json, application/*+json]
2026-05-08T17:16:39.727+08:00 DEBUG 38228 --- [uscdip-backend] [nio-8080-exec-3] m.m.a.RequestResponseBodyMethodProcessor : Writing [ApiResponse[success=true, data=BoundarySpec[version=1.0.0, source=A-01统一菜单与平台边界表-后端落地版, platforms=[P (truncated)...]
2026-05-08T17:16:39.727+08:00 DEBUG 38228 --- [uscdip-backend] [nio-8080-exec-5] org.hibernate.SQL                        : select udse1_0.id,udse1_0.scope_type,udse1_0.scope_value,udse1_0.user_id from user_data_scope udse1_0 where udse1_0.user_id=?
2026-05-08T17:16:39.727+08:00 DEBUG 38228 --- [uscdip-backend] [nio-8080-exec-1] m.m.a.RequestResponseBodyMethodProcessor : Writing [ApiResponse[success=true, data=[PlatformBoundary[platformCode=PORTAL, platformName=平台选择门户, routePref (truncated)...]
2026-05-08T17:16:39.729+08:00 DEBUG 38228 --- [uscdip-backend] [nio-8080-exec-5] org.hibernate.SQL                        : select tsre1_0.id,tsre1_0.description,tsre1_0.role_code,tsre1_0.topic_pattern from topic_scope_rule tsre1_0 where tsre1_0.role_code in (?)
2026-05-08T17:16:39.729+08:00 DEBUG 38228 --- [uscdip-backend] [nio-8080-exec-3] o.s.web.servlet.DispatcherServlet        : Completed 200 OK
2026-05-08T17:16:39.731+08:00 DEBUG 38228 --- [uscdip-backend] [nio-8080-exec-3] org.hibernate.SQL                        : select tlee1_0.event_id,tlee1_0.actor_user_id,tlee1_0.client_ip,tlee1_0.detail,tlee1_0.event_time,tlee1_0.event_type,tlee1_0.latency_ms,tlee1_0.message_id,tlee1_0.object_id,tlee1_0.object_type,tlee1_0.parent_span_id,tlee1_0.recv_time,tlee1_0.route_path,tlee1_0.session_id,tlee1_0.source_module,tlee1_0.span_id,tlee1_0.stage,tlee1_0.status,tlee1_0.topic,tlee1_0.trace_id from trace_link_event tlee1_0 where tlee1_0.event_id=?
2026-05-08T17:16:39.732+08:00 DEBUG 38228 --- [uscdip-backend] [nio-8080-exec-3] org.hibernate.SQL                        : insert into trace_link_event (actor_user_id,client_ip,detail,event_time,event_type,latency_ms,message_id,object_id,object_type,parent_span_id,recv_time,route_path,session_id,source_module,span_id,stage,status,topic,trace_id,event_id) values (?,?,?,?,?,?,?,?,?,?,?,?,?,?,?,?,?,?,?,?)
2026-05-08T17:16:39.732+08:00 DEBUG 38228 --- [uscdip-backend] [nio-8080-exec-5] o.s.w.s.m.m.a.HttpEntityMethodProcessor  : Using 'application/json', given [application/json] and supported [application/json, application/*+json]
2026-05-08T17:16:39.732+08:00 DEBUG 38228 --- [uscdip-backend] [nio-8080-exec-1] o.s.web.servlet.DispatcherServlet        : Completed 200 OK
2026-05-08T17:16:39.733+08:00 DEBUG 38228 --- [uscdip-backend] [nio-8080-exec-5] o.s.w.s.m.m.a.HttpEntityMethodProcessor  : Writing [ApiResponse[success=true, data={userId=U-ADMIN-001, authenticationType=UsernamePasswordAuthenticatio (truncated)...]
2026-05-08T17:16:39.733+08:00 DEBUG 38228 --- [uscdip-backend] [nio-8080-exec-1] org.hibernate.SQL                        : select tlee1_0.event_id,tlee1_0.actor_user_id,tlee1_0.client_ip,tlee1_0.detail,tlee1_0.event_time,tlee1_0.event_type,tlee1_0.latency_ms,tlee1_0.message_id,tlee1_0.object_id,tlee1_0.object_type,tlee1_0.parent_span_id,tlee1_0.recv_time,tlee1_0.route_path,tlee1_0.session_id,tlee1_0.source_module,tlee1_0.span_id,tlee1_0.stage,tlee1_0.status,tlee1_0.topic,tlee1_0.trace_id from trace_link_event tlee1_0 where tlee1_0.event_id=?
2026-05-08T17:16:39.733+08:00 DEBUG 38228 --- [uscdip-backend] [nio-8080-exec-5] o.s.web.servlet.DispatcherServlet        : Completed 200 OK
2026-05-08T17:16:39.733+08:00 DEBUG 38228 --- [uscdip-backend] [nio-8080-exec-1] org.hibernate.SQL                        : insert into trace_link_event (actor_user_id,client_ip,detail,event_time,event_type,latency_ms,message_id,object_id,object_type,parent_span_id,recv_time,route_path,session_id,source_module,span_id,stage,status,topic,trace_id,event_id) values (?,?,?,?,?,?,?,?,?,?,?,?,?,?,?,?,?,?,?,?)
2026-05-08T17:16:39.735+08:00 DEBUG 38228 --- [uscdip-backend] [nio-8080-exec-5] org.hibernate.SQL                        : select tlee1_0.event_id,tlee1_0.actor_user_id,tlee1_0.client_ip,tlee1_0.detail,tlee1_0.event_time,tlee1_0.event_type,tlee1_0.latency_ms,tlee1_0.message_id,tlee1_0.object_id,tlee1_0.object_type,tlee1_0.parent_span_id,tlee1_0.recv_time,tlee1_0.route_path,tlee1_0.session_id,tlee1_0.source_module,tlee1_0.span_id,tlee1_0.stage,tlee1_0.status,tlee1_0.topic,tlee1_0.trace_id from trace_link_event tlee1_0 where tlee1_0.event_id=?
2026-05-08T17:16:39.735+08:00 DEBUG 38228 --- [uscdip-backend] [nio-8080-exec-5] org.hibernate.SQL                        : insert into trace_link_event (actor_user_id,client_ip,detail,event_time,event_type,latency_ms,message_id,object_id,object_type,parent_span_id,recv_time,route_path,session_id,source_module,span_id,stage,status,topic,trace_id,event_id) values (?,?,?,?,?,?,?,?,?,?,?,?,?,?,?,?,?,?,?,?)
2026-05-08T17:16:40.051+08:00 DEBUG 38228 --- [uscdip-backend] [nio-8080-exec-9] org.hibernate.SQL                        : select tlee1_0.event_id,tlee1_0.actor_user_id,tlee1_0.client_ip,tlee1_0.detail,tlee1_0.event_time,tlee1_0.event_type,tlee1_0.latency_ms,tlee1_0.message_id,tlee1_0.object_id,tlee1_0.object_type,tlee1_0.parent_span_id,tlee1_0.recv_time,tlee1_0.route_path,tlee1_0.session_id,tlee1_0.source_module,tlee1_0.span_id,tlee1_0.stage,tlee1_0.status,tlee1_0.topic,tlee1_0.trace_id from trace_link_event tlee1_0 where tlee1_0.event_id=?
2026-05-08T17:16:40.052+08:00 DEBUG 38228 --- [uscdip-backend] [nio-8080-exec-2] org.hibernate.SQL                        : select tlee1_0.event_id,tlee1_0.actor_user_id,tlee1_0.client_ip,tlee1_0.detail,tlee1_0.event_time,tlee1_0.event_type,tlee1_0.latency_ms,tlee1_0.message_id,tlee1_0.object_id,tlee1_0.object_type,tlee1_0.parent_span_id,tlee1_0.recv_time,tlee1_0.route_path,tlee1_0.session_id,tlee1_0.source_module,tlee1_0.span_id,tlee1_0.stage,tlee1_0.status,tlee1_0.topic,tlee1_0.trace_id from trace_link_event tlee1_0 where tlee1_0.event_id=?
2026-05-08T17:16:40.052+08:00 DEBUG 38228 --- [uscdip-backend] [nio-8080-exec-9] org.hibernate.SQL                        : insert into trace_link_event (actor_user_id,client_ip,detail,event_time,event_type,latency_ms,message_id,object_id,object_type,parent_span_id,recv_time,route_path,session_id,source_module,span_id,stage,status,topic,trace_id,event_id) values (?,?,?,?,?,?,?,?,?,?,?,?,?,?,?,?,?,?,?,?)
2026-05-08T17:16:40.052+08:00 DEBUG 38228 --- [uscdip-backend] [nio-8080-exec-2] org.hibernate.SQL                        : insert into trace_link_event (actor_user_id,client_ip,detail,event_time,event_type,latency_ms,message_id,object_id,object_type,parent_span_id,recv_time,route_path,session_id,source_module,span_id,stage,status,topic,trace_id,event_id) values (?,?,?,?,?,?,?,?,?,?,?,?,?,?,?,?,?,?,?,?)
2026-05-08T17:16:40.054+08:00 DEBUG 38228 --- [uscdip-backend] [nio-8080-exec-2] org.hibernate.SQL                        : select uae1_0.user_id,uae1_0.created_at,uae1_0.disabled_at,uae1_0.display_name,uae1_0.primary_region_id,uae1_0.status,uae1_0.token_valid_after,uae1_0.updated_at,uae1_0.username from user_account uae1_0 where uae1_0.user_id=?
2026-05-08T17:16:40.054+08:00 DEBUG 38228 --- [uscdip-backend] [nio-8080-exec-9] org.hibernate.SQL                        : select uae1_0.user_id,uae1_0.created_at,uae1_0.disabled_at,uae1_0.display_name,uae1_0.primary_region_id,uae1_0.status,uae1_0.token_valid_after,uae1_0.updated_at,uae1_0.username from user_account uae1_0 where uae1_0.user_id=?
2026-05-08T17:16:40.054+08:00 DEBUG 38228 --- [uscdip-backend] [nio-8080-exec-2] org.hibernate.SQL                        : select ase1_0.session_id,ase1_0.auth_mode,ase1_0.client_ip,ase1_0.created_at,ase1_0.emergency_account_id,ase1_0.revoke_reason,ase1_0.revoked_at,ase1_0.status,ase1_0.updated_at,ase1_0.user_agent,ase1_0.user_id from auth_session ase1_0 where ase1_0.session_id=?
2026-05-08T17:16:40.054+08:00 DEBUG 38228 --- [uscdip-backend] [nio-8080-exec-9] org.hibernate.SQL                        : select ase1_0.session_id,ase1_0.auth_mode,ase1_0.client_ip,ase1_0.created_at,ase1_0.emergency_account_id,ase1_0.revoke_reason,ase1_0.revoked_at,ase1_0.status,ase1_0.updated_at,ase1_0.user_agent,ase1_0.user_id from auth_session ase1_0 where ase1_0.session_id=?
2026-05-08T17:16:40.055+08:00 DEBUG 38228 --- [uscdip-backend] [nio-8080-exec-2] org.hibernate.SQL                        : select eae1_0.account_id,eae1_0.activated_at,eae1_0.activated_by,eae1_0.created_at,eae1_0.expires_at,eae1_0.last_login_at,eae1_0.linked_user_id,eae1_0.password_hash,eae1_0.revoke_reason,eae1_0.revoked_at,eae1_0.status,eae1_0.updated_at,eae1_0.username from emergency_account eae1_0 where eae1_0.account_id=?
2026-05-08T17:16:40.055+08:00 DEBUG 38228 --- [uscdip-backend] [nio-8080-exec-9] org.hibernate.SQL                        : select eae1_0.account_id,eae1_0.activated_at,eae1_0.activated_by,eae1_0.created_at,eae1_0.expires_at,eae1_0.last_login_at,eae1_0.linked_user_id,eae1_0.password_hash,eae1_0.revoke_reason,eae1_0.revoked_at,eae1_0.status,eae1_0.updated_at,eae1_0.username from emergency_account eae1_0 where eae1_0.account_id=?
2026-05-08T17:16:40.055+08:00 DEBUG 38228 --- [uscdip-backend] [nio-8080-exec-2] org.hibernate.SQL                        : select grpe1_0.policy_id,grpe1_0.audit_enabled,grpe1_0.auth_required,grpe1_0.created_at,grpe1_0.enabled,grpe1_0.http_method,grpe1_0.path_pattern,grpe1_0.rate_limit_capacity,grpe1_0.rate_limit_scope,grpe1_0.rate_limit_window_seconds,grpe1_0.risk_level,grpe1_0.route_code,grpe1_0.updated_at,grpe1_0.validation_profile from gateway_route_policy grpe1_0 where grpe1_0.enabled
2026-05-08T17:16:40.056+08:00 DEBUG 38228 --- [uscdip-backend] [nio-8080-exec-9] org.hibernate.SQL                        : select grpe1_0.policy_id,grpe1_0.audit_enabled,grpe1_0.auth_required,grpe1_0.created_at,grpe1_0.enabled,grpe1_0.http_method,grpe1_0.path_pattern,grpe1_0.rate_limit_capacity,grpe1_0.rate_limit_scope,grpe1_0.rate_limit_window_seconds,grpe1_0.risk_level,grpe1_0.route_code,grpe1_0.updated_at,grpe1_0.validation_profile from gateway_route_policy grpe1_0 where grpe1_0.enabled
2026-05-08T17:16:40.057+08:00 DEBUG 38228 --- [uscdip-backend] [nio-8080-exec-2] org.hibernate.SQL                        : select gcre1_0.rule_id,gcre1_0.created_at,gcre1_0.enabled,gcre1_0.expires_at,gcre1_0.reason,gcre1_0.rule_type,gcre1_0.subject_type,gcre1_0.subject_value,gcre1_0.updated_at from gateway_client_rule gcre1_0 where gcre1_0.enabled
2026-05-08T17:16:40.057+08:00 DEBUG 38228 --- [uscdip-backend] [nio-8080-exec-9] org.hibernate.SQL                        : select gcre1_0.rule_id,gcre1_0.created_at,gcre1_0.enabled,gcre1_0.expires_at,gcre1_0.reason,gcre1_0.rule_type,gcre1_0.subject_type,gcre1_0.subject_value,gcre1_0.updated_at from gateway_client_rule gcre1_0 where gcre1_0.enabled
2026-05-08T17:16:40.058+08:00 DEBUG 38228 --- [uscdip-backend] [nio-8080-exec-9] o.s.web.servlet.DispatcherServlet        : GET "/api/notifications?page=1&pageSize=5", parameters={masked}
2026-05-08T17:16:40.058+08:00 DEBUG 38228 --- [uscdip-backend] [nio-8080-exec-2] o.s.web.servlet.DispatcherServlet        : GET "/api/workorders?page=1&pageSize=5", parameters={masked}
2026-05-08T17:16:40.058+08:00 DEBUG 38228 --- [uscdip-backend] [nio-8080-exec-9] s.w.s.m.m.a.RequestMappingHandlerMapping : Mapped to com.uscdip.backend.controller.NotificationController#listNotifications(Authentication, int, int, String, String, String, String, String)
2026-05-08T17:16:40.058+08:00 DEBUG 38228 --- [uscdip-backend] [nio-8080-exec-2] s.w.s.m.m.a.RequestMappingHandlerMapping : Mapped to com.uscdip.backend.controller.WorkOrderController#listWorkOrders(Authentication, int, int, String, String, String, String)
2026-05-08T17:16:40.059+08:00 DEBUG 38228 --- [uscdip-backend] [nio-8080-exec-9] org.hibernate.SQL                        : select uae1_0.user_id,uae1_0.created_at,uae1_0.disabled_at,uae1_0.display_name,uae1_0.primary_region_id,uae1_0.status,uae1_0.token_valid_after,uae1_0.updated_at,uae1_0.username from user_account uae1_0 where uae1_0.user_id=?
2026-05-08T17:16:40.059+08:00 DEBUG 38228 --- [uscdip-backend] [nio-8080-exec-2] org.hibernate.SQL                        : select uae1_0.user_id,uae1_0.created_at,uae1_0.disabled_at,uae1_0.display_name,uae1_0.primary_region_id,uae1_0.status,uae1_0.token_valid_after,uae1_0.updated_at,uae1_0.username from user_account uae1_0 where uae1_0.user_id=?
2026-05-08T17:16:40.060+08:00 DEBUG 38228 --- [uscdip-backend] [nio-8080-exec-9] org.hibernate.SQL                        : select ure1_0.id,ure1_0.role_code,ure1_0.user_id from rbac_user_role ure1_0 where ure1_0.user_id=?
2026-05-08T17:16:40.060+08:00 DEBUG 38228 --- [uscdip-backend] [nio-8080-exec-2] org.hibernate.SQL                        : select ure1_0.id,ure1_0.role_code,ure1_0.user_id from rbac_user_role ure1_0 where ure1_0.user_id=?
2026-05-08T17:16:40.060+08:00 DEBUG 38228 --- [uscdip-backend] [nio-8080-exec-9] org.hibernate.SQL                        : select rpe1_0.id,rpe1_0.permission_code,rpe1_0.role_code from rbac_role_permission rpe1_0 where rpe1_0.role_code in (?)
2026-05-08T17:16:40.060+08:00 DEBUG 38228 --- [uscdip-backend] [nio-8080-exec-2] org.hibernate.SQL                        : select rpe1_0.id,rpe1_0.permission_code,rpe1_0.role_code from rbac_role_permission rpe1_0 where rpe1_0.role_code in (?)
2026-05-08T17:16:40.061+08:00 DEBUG 38228 --- [uscdip-backend] [nio-8080-exec-9] org.hibernate.SQL                        : select udse1_0.id,udse1_0.scope_type,udse1_0.scope_value,udse1_0.user_id from user_data_scope udse1_0 where udse1_0.user_id=?
2026-05-08T17:16:40.061+08:00 DEBUG 38228 --- [uscdip-backend] [nio-8080-exec-2] org.hibernate.SQL                        : select udse1_0.id,udse1_0.scope_type,udse1_0.scope_value,udse1_0.user_id from user_data_scope udse1_0 where udse1_0.user_id=?
2026-05-08T17:16:40.062+08:00 DEBUG 38228 --- [uscdip-backend] [nio-8080-exec-9] org.hibernate.SQL                        : select tsre1_0.id,tsre1_0.description,tsre1_0.role_code,tsre1_0.topic_pattern from topic_scope_rule tsre1_0 where tsre1_0.role_code in (?)
2026-05-08T17:16:40.062+08:00 DEBUG 38228 --- [uscdip-backend] [nio-8080-exec-2] org.hibernate.SQL                        : select tsre1_0.id,tsre1_0.description,tsre1_0.role_code,tsre1_0.topic_pattern from topic_scope_rule tsre1_0 where tsre1_0.role_code in (?)
2026-05-08T17:16:40.063+08:00 DEBUG 38228 --- [uscdip-backend] [nio-8080-exec-2] org.hibernate.SQL                        : select ure1_0.id,ure1_0.role_code,ure1_0.user_id from rbac_user_role ure1_0 where ure1_0.user_id=?
2026-05-08T17:16:40.063+08:00 DEBUG 38228 --- [uscdip-backend] [nio-8080-exec-9] org.hibernate.SQL                        : select ure1_0.id,ure1_0.role_code,ure1_0.user_id from rbac_user_role ure1_0 where ure1_0.user_id=?
2026-05-08T17:16:40.064+08:00 DEBUG 38228 --- [uscdip-backend] [nio-8080-exec-2] org.hibernate.SQL                        : select rpe1_0.id,rpe1_0.permission_code,rpe1_0.role_code from rbac_role_permission rpe1_0 where rpe1_0.role_code in (?)
2026-05-08T17:16:40.064+08:00 DEBUG 38228 --- [uscdip-backend] [nio-8080-exec-9] org.hibernate.SQL                        : select rpe1_0.id,rpe1_0.permission_code,rpe1_0.role_code from rbac_role_permission rpe1_0 where rpe1_0.role_code in (?)
2026-05-08T17:16:40.064+08:00 DEBUG 38228 --- [uscdip-backend] [nio-8080-exec-2] org.hibernate.SQL                        : select udse1_0.id,udse1_0.scope_type,udse1_0.scope_value,udse1_0.user_id from user_data_scope udse1_0 where udse1_0.user_id=?
2026-05-08T17:16:40.065+08:00 DEBUG 38228 --- [uscdip-backend] [nio-8080-exec-9] org.hibernate.SQL                        : select udse1_0.id,udse1_0.scope_type,udse1_0.scope_value,udse1_0.user_id from user_data_scope udse1_0 where udse1_0.user_id=?
2026-05-08T17:16:40.065+08:00 DEBUG 38228 --- [uscdip-backend] [nio-8080-exec-2] org.hibernate.SQL                        : select tsre1_0.id,tsre1_0.description,tsre1_0.role_code,tsre1_0.topic_pattern from topic_scope_rule tsre1_0 where tsre1_0.role_code in (?)
2026-05-08T17:16:40.065+08:00 DEBUG 38228 --- [uscdip-backend] [nio-8080-exec-9] org.hibernate.SQL                        : select tsre1_0.id,tsre1_0.description,tsre1_0.role_code,tsre1_0.topic_pattern from topic_scope_rule tsre1_0 where tsre1_0.role_code in (?)
2026-05-08T17:16:40.066+08:00 DEBUG 38228 --- [uscdip-backend] [nio-8080-exec-9] org.hibernate.SQL                        : select nme1_0.notification_id,nme1_0.aggregate_id,nme1_0.aggregate_type,nme1_0.completed_at,nme1_0.content,nme1_0.created_at,nme1_0.event_type,nme1_0.idempotent_key,nme1_0.last_error,nme1_0.recipient_user_id,nme1_0.recipient_username,nme1_0.source_event_id,nme1_0.status,nme1_0.title,nme1_0.trace_id,nme1_0.updated_at from notification_message nme1_0 order by nme1_0.created_at desc,nme1_0.notification_id desc
2026-05-08T17:16:40.066+08:00 DEBUG 38228 --- [uscdip-backend] [nio-8080-exec-2] org.hibernate.SQL                        : select woe1_0.work_order_id,woe1_0.accepted_at,woe1_0.accepted_by,woe1_0.assignee,woe1_0.assignee_user_id,woe1_0.close_reason,woe1_0.closed_at,woe1_0.closed_by,woe1_0.completed_at,woe1_0.completed_by,woe1_0.completion_summary,woe1_0.created_at,woe1_0.created_by,woe1_0.description,woe1_0.dispatched_at,woe1_0.dispatched_by,woe1_0.incident_id,woe1_0.node_id,woe1_0.priority,woe1_0.segment_id,woe1_0.sla_due_at,woe1_0.status,woe1_0.updated_at,woe1_0.version_no,woe1_0.work_order_type,woe1_0.writeback_at,woe1_0.writeback_reason,woe1_0.writeback_type from work_order woe1_0 order by woe1_0.updated_at desc,woe1_0.work_order_id desc
2026-05-08T17:16:40.067+08:00 DEBUG 38228 --- [uscdip-backend] [nio-8080-exec-9] org.hibernate.SQL                        : select nde1_0.delivery_id,nde1_0.attempt_count,nde1_0.channel,nde1_0.created_at,nde1_0.last_error,nde1_0.next_retry_at,nde1_0.notification_id,nde1_0.sent_at,nde1_0.status,nde1_0.target,nde1_0.updated_at from notification_delivery nde1_0 where nde1_0.notification_id in (?)
2026-05-08T17:16:40.067+08:00 DEBUG 38228 --- [uscdip-backend] [nio-8080-exec-2] org.hibernate.SQL                        : select osbe1_0.binding_id,osbe1_0.created_at,osbe1_0.object_id,osbe1_0.object_type,osbe1_0.owner_user_id,osbe1_0.owner_username,osbe1_0.region_id,osbe1_0.scope_level,osbe1_0.updated_at from object_scope_binding osbe1_0 where osbe1_0.object_type=? and osbe1_0.object_id in (?,?,?,?,?)
2026-05-08T17:16:40.068+08:00 DEBUG 38228 --- [uscdip-backend] [nio-8080-exec-9] org.hibernate.SQL                        : select osbe1_0.binding_id,osbe1_0.created_at,osbe1_0.object_id,osbe1_0.object_type,osbe1_0.owner_user_id,osbe1_0.owner_username,osbe1_0.region_id,osbe1_0.scope_level,osbe1_0.updated_at from object_scope_binding osbe1_0 where osbe1_0.object_type=? and osbe1_0.object_id in (?)
2026-05-08T17:16:40.069+08:00 DEBUG 38228 --- [uscdip-backend] [nio-8080-exec-2] org.hibernate.SQL                        : select ale1_0.audit_id,ale1_0.action,ale1_0.actor_user_id,ale1_0.actor_username,ale1_0.after_snapshot,ale1_0.auth_mode,ale1_0.before_snapshot,ale1_0.client_ip,ale1_0.detail,ale1_0.emergency_account_id,ale1_0.event_category,ale1_0.event_time,ale1_0.event_type,ale1_0.http_method,ale1_0.object_id,ale1_0.object_type,ale1_0.outcome,ale1_0.request_path,ale1_0.risk_level,ale1_0.source_module,ale1_0.source_record_id,ale1_0.source_table,ale1_0.trace_id,ale1_0.user_agent from audit_log ale1_0 where ale1_0.audit_id=?
2026-05-08T17:16:40.069+08:00 DEBUG 38228 --- [uscdip-backend] [nio-8080-exec-9] org.hibernate.SQL                        : select ale1_0.audit_id,ale1_0.action,ale1_0.actor_user_id,ale1_0.actor_username,ale1_0.after_snapshot,ale1_0.auth_mode,ale1_0.before_snapshot,ale1_0.client_ip,ale1_0.detail,ale1_0.emergency_account_id,ale1_0.event_category,ale1_0.event_time,ale1_0.event_type,ale1_0.http_method,ale1_0.object_id,ale1_0.object_type,ale1_0.outcome,ale1_0.request_path,ale1_0.risk_level,ale1_0.source_module,ale1_0.source_record_id,ale1_0.source_table,ale1_0.trace_id,ale1_0.user_agent from audit_log ale1_0 where ale1_0.audit_id=?
2026-05-08T17:16:40.069+08:00 DEBUG 38228 --- [uscdip-backend] [nio-8080-exec-2] org.hibernate.SQL                        : insert into audit_log (action,actor_user_id,actor_username,after_snapshot,auth_mode,before_snapshot,client_ip,detail,emergency_account_id,event_category,event_time,event_type,http_method,object_id,object_type,outcome,request_path,risk_level,source_module,source_record_id,source_table,trace_id,user_agent,audit_id) values (?,?,?,?,?,?,?,?,?,?,?,?,?,?,?,?,?,?,?,?,?,?,?,?)
2026-05-08T17:16:40.069+08:00 DEBUG 38228 --- [uscdip-backend] [nio-8080-exec-9] org.hibernate.SQL                        : insert into audit_log (action,actor_user_id,actor_username,after_snapshot,auth_mode,before_snapshot,client_ip,detail,emergency_account_id,event_category,event_time,event_type,http_method,object_id,object_type,outcome,request_path,risk_level,source_module,source_record_id,source_table,trace_id,user_agent,audit_id) values (?,?,?,?,?,?,?,?,?,?,?,?,?,?,?,?,?,?,?,?,?,?,?,?)
2026-05-08T17:16:40.070+08:00 DEBUG 38228 --- [uscdip-backend] [nio-8080-exec-9] m.m.a.RequestResponseBodyMethodProcessor : Using 'application/json', given [application/json] and supported [application/json, application/*+json]
2026-05-08T17:16:40.070+08:00 DEBUG 38228 --- [uscdip-backend] [nio-8080-exec-2] m.m.a.RequestResponseBodyMethodProcessor : Using 'application/json', given [application/json] and supported [application/json, application/*+json]
2026-05-08T17:16:40.070+08:00 DEBUG 38228 --- [uscdip-backend] [nio-8080-exec-9] m.m.a.RequestResponseBodyMethodProcessor : Writing [ApiResponse[success=true, data=PageResponse[items=[NotificationResponse[notificationId=NOTIFY-SEED-W (truncated)...]
2026-05-08T17:16:40.070+08:00 DEBUG 38228 --- [uscdip-backend] [nio-8080-exec-2] m.m.a.RequestResponseBodyMethodProcessor : Writing [ApiResponse[success=true, data=PageResponse[items=[WorkOrderResponse[workOrderId=WO-002, incidentId= (truncated)...]
2026-05-08T17:16:40.071+08:00 DEBUG 38228 --- [uscdip-backend] [nio-8080-exec-9] o.s.web.servlet.DispatcherServlet        : Completed 200 OK
2026-05-08T17:16:40.071+08:00 DEBUG 38228 --- [uscdip-backend] [nio-8080-exec-2] o.s.web.servlet.DispatcherServlet        : Completed 200 OK
2026-05-08T17:16:40.072+08:00 DEBUG 38228 --- [uscdip-backend] [nio-8080-exec-9] org.hibernate.SQL                        : select tlee1_0.event_id,tlee1_0.actor_user_id,tlee1_0.client_ip,tlee1_0.detail,tlee1_0.event_time,tlee1_0.event_type,tlee1_0.latency_ms,tlee1_0.message_id,tlee1_0.object_id,tlee1_0.object_type,tlee1_0.parent_span_id,tlee1_0.recv_time,tlee1_0.route_path,tlee1_0.session_id,tlee1_0.source_module,tlee1_0.span_id,tlee1_0.stage,tlee1_0.status,tlee1_0.topic,tlee1_0.trace_id from trace_link_event tlee1_0 where tlee1_0.event_id=?
2026-05-08T17:16:40.072+08:00 DEBUG 38228 --- [uscdip-backend] [nio-8080-exec-2] org.hibernate.SQL                        : select tlee1_0.event_id,tlee1_0.actor_user_id,tlee1_0.client_ip,tlee1_0.detail,tlee1_0.event_time,tlee1_0.event_type,tlee1_0.latency_ms,tlee1_0.message_id,tlee1_0.object_id,tlee1_0.object_type,tlee1_0.parent_span_id,tlee1_0.recv_time,tlee1_0.route_path,tlee1_0.session_id,tlee1_0.source_module,tlee1_0.span_id,tlee1_0.stage,tlee1_0.status,tlee1_0.topic,tlee1_0.trace_id from trace_link_event tlee1_0 where tlee1_0.event_id=?
2026-05-08T17:16:40.072+08:00 DEBUG 38228 --- [uscdip-backend] [nio-8080-exec-9] org.hibernate.SQL                        : insert into trace_link_event (actor_user_id,client_ip,detail,event_time,event_type,latency_ms,message_id,object_id,object_type,parent_span_id,recv_time,route_path,session_id,source_module,span_id,stage,status,topic,trace_id,event_id) values (?,?,?,?,?,?,?,?,?,?,?,?,?,?,?,?,?,?,?,?)
2026-05-08T17:16:40.073+08:00 DEBUG 38228 --- [uscdip-backend] [nio-8080-exec-2] org.hibernate.SQL                        : insert into trace_link_event (actor_user_id,client_ip,detail,event_time,event_type,latency_ms,message_id,object_id,object_type,parent_span_id,recv_time,route_path,session_id,source_module,span_id,stage,status,topic,trace_id,event_id) values (?,?,?,?,?,?,?,?,?,?,?,?,?,?,?,?,?,?,?,?)
2026-05-08T17:16:51.485+08:00 DEBUG 38228 --- [uscdip-backend] [pool-2-thread-1] org.hibernate.SQL                        : select nde1_0.delivery_id,nde1_0.attempt_count,nde1_0.channel,nde1_0.created_at,nde1_0.last_error,nde1_0.next_retry_at,nde1_0.notification_id,nde1_0.sent_at,nde1_0.status,nde1_0.target,nde1_0.updated_at from notification_delivery nde1_0 where nde1_0.status=? and nde1_0.next_retry_at<=? order by nde1_0.next_retry_at
2026-05-08T17:16:51.573+08:00 DEBUG 38228 --- [uscdip-backend] [pool-2-thread-1] org.hibernate.SQL                        : select oee1_0.event_id,oee1_0.aggregate_id,oee1_0.aggregate_type,oee1_0.claimed_at,oee1_0.claimed_by,oee1_0.created_at,oee1_0.event_type,oee1_0.last_error,oee1_0.next_retry_time,oee1_0.payload,oee1_0.retry_count,oee1_0.sent_at,oee1_0.status,oee1_0.trace_id,oee1_0.updated_at from outbox_event oee1_0 where oee1_0.status=? and oee1_0.claimed_at<? order by oee1_0.created_at
2026-05-08T17:16:51.574+08:00 DEBUG 38228 --- [uscdip-backend] [pool-2-thread-1] org.hibernate.SQL                        : select oee1_0.event_id,oee1_0.aggregate_id,oee1_0.aggregate_type,oee1_0.claimed_at,oee1_0.claimed_by,oee1_0.created_at,oee1_0.event_type,oee1_0.last_error,oee1_0.next_retry_time,oee1_0.payload,oee1_0.retry_count,oee1_0.sent_at,oee1_0.status,oee1_0.trace_id,oee1_0.updated_at from outbox_event oee1_0 where oee1_0.status in (?,?) and oee1_0.next_retry_time<=? order by oee1_0.created_at fetch first ? rows only
2026-05-08T17:16:51.576+08:00 DEBUG 38228 --- [uscdip-backend] [pool-2-thread-1] org.hibernate.SQL                        : select twle1_0.write_log_id,twle1_0.attempt_no,twle1_0.created_at,twle1_0.duration_ms,twle1_0.failed_count,twle1_0.last_error,twle1_0.next_retry_at,twle1_0.requested_count,twle1_0.source_batch_id,twle1_0.status,twle1_0.success_count,twle1_0.trace_id,twle1_0.updated_at,twle1_0.write_type from ts_write_log twle1_0 where twle1_0.status in (?,?) and twle1_0.next_retry_at<=? order by twle1_0.created_at
2026-05-08T17:16:51.577+08:00 DEBUG 38228 --- [uscdip-backend] [pool-2-thread-1] org.hibernate.SQL                        : select wsce1_0.connection_id,wsce1_0.client_ip,wsce1_0.close_reason,wsce1_0.connected_at,wsce1_0.disconnected_at,wsce1_0.last_seen_at,wsce1_0.status,wsce1_0.stomp_session_id,wsce1_0.user_agent,wsce1_0.user_id,wsce1_0.username from websocket_connection wsce1_0 where wsce1_0.status=? and wsce1_0.last_seen_at<?
2026-05-08T17:16:51.648+08:00 DEBUG 38228 --- [uscdip-backend] [pool-2-thread-1] org.hibernate.SQL                        : select nme1_0.notification_id,nme1_0.aggregate_id,nme1_0.aggregate_type,nme1_0.completed_at,nme1_0.content,nme1_0.created_at,nme1_0.event_type,nme1_0.idempotent_key,nme1_0.last_error,nme1_0.recipient_user_id,nme1_0.recipient_username,nme1_0.source_event_id,nme1_0.status,nme1_0.title,nme1_0.trace_id,nme1_0.updated_at from notification_message nme1_0 order by nme1_0.created_at desc,nme1_0.notification_id desc
2026-05-08T17:16:51.649+08:00 DEBUG 38228 --- [uscdip-backend] [pool-2-thread-1] org.hibernate.SQL                        : select osbe1_0.binding_id,osbe1_0.created_at,osbe1_0.object_id,osbe1_0.object_type,osbe1_0.owner_user_id,osbe1_0.owner_username,osbe1_0.region_id,osbe1_0.scope_level,osbe1_0.updated_at from object_scope_binding osbe1_0 where osbe1_0.object_type=? and osbe1_0.object_id=?
2026-05-08T17:16:51.650+08:00 DEBUG 38228 --- [uscdip-backend] [pool-2-thread-1] org.hibernate.SQL                        : select wspme1_0.seq_no,wspme1_0.content,wspme1_0.created_at,wspme1_0.message_id,wspme1_0.message_type,wspme1_0.payload,wspme1_0.recipient_user_id,wspme1_0.source_notification_id,wspme1_0.title,wspme1_0.topic,wspme1_0.trace_id from websocket_push_message wspme1_0 where wspme1_0.source_notification_id=? and wspme1_0.topic=?
2026-05-08T17:16:51.651+08:00 DEBUG 38228 --- [uscdip-backend] [pool-2-thread-1] org.hibernate.SQL                        : select wspme1_0.seq_no,wspme1_0.content,wspme1_0.created_at,wspme1_0.message_id,wspme1_0.message_type,wspme1_0.payload,wspme1_0.recipient_user_id,wspme1_0.source_notification_id,wspme1_0.title,wspme1_0.topic,wspme1_0.trace_id from websocket_push_message wspme1_0 where wspme1_0.source_notification_id=? and wspme1_0.topic=?
2026-05-08T17:17:21.465+08:00 DEBUG 38228 --- [uscdip-backend] [pool-2-thread-1] org.hibernate.SQL                        : select ace1_0.case_id,ace1_0.case_status,ace1_0.created_at,ace1_0.decision_snapshot,ace1_0.dedupe_key,ace1_0.device_id,ace1_0.escalation_level,ace1_0.first_alert_id,ace1_0.first_triggered_at,ace1_0.hit_count,ace1_0.last_alert_id,ace1_0.last_triggered_at,ace1_0.node_id,ace1_0.recovered_at,ace1_0.rule_code,ace1_0.segment_id,ace1_0.severity_current,ace1_0.suppressed_until,ace1_0.trace_id,ace1_0.unsuppressed_hit_count,ace1_0.updated_at from alert_case ace1_0 where ace1_0.case_status in (?,?,?,?,?) and ace1_0.last_triggered_at<?
2026-05-08T17:17:21.466+08:00 DEBUG 38228 --- [uscdip-backend] [pool-2-thread-1] org.hibernate.SQL                        : select ape1_0.policy_id,ape1_0.created_at,ape1_0.dedupe_window_seconds,ape1_0.enabled,ape1_0.escalate_threshold_l1,ape1_0.escalate_threshold_l2,ape1_0.recovery_window_seconds,ape1_0.rule_code,ape1_0.suppress_window_seconds,ape1_0.updated_at from alert_policy ape1_0 order by ape1_0.rule_code
2026-05-08T17:17:21.488+08:00 DEBUG 38228 --- [uscdip-backend] [pool-2-thread-1] org.hibernate.SQL                        : select nde1_0.delivery_id,nde1_0.attempt_count,nde1_0.channel,nde1_0.created_at,nde1_0.last_error,nde1_0.next_retry_at,nde1_0.notification_id,nde1_0.sent_at,nde1_0.status,nde1_0.target,nde1_0.updated_at from notification_delivery nde1_0 where nde1_0.status=? and nde1_0.next_retry_at<=? order by nde1_0.next_retry_at
2026-05-08T17:17:21.578+08:00 DEBUG 38228 --- [uscdip-backend] [pool-2-thread-1] org.hibernate.SQL                        : select oee1_0.event_id,oee1_0.aggregate_id,oee1_0.aggregate_type,oee1_0.claimed_at,oee1_0.claimed_by,oee1_0.created_at,oee1_0.event_type,oee1_0.last_error,oee1_0.next_retry_time,oee1_0.payload,oee1_0.retry_count,oee1_0.sent_at,oee1_0.status,oee1_0.trace_id,oee1_0.updated_at from outbox_event oee1_0 where oee1_0.status=? and oee1_0.claimed_at<? order by oee1_0.created_at
2026-05-08T17:17:21.579+08:00 DEBUG 38228 --- [uscdip-backend] [pool-2-thread-1] org.hibernate.SQL                        : select oee1_0.event_id,oee1_0.aggregate_id,oee1_0.aggregate_type,oee1_0.claimed_at,oee1_0.claimed_by,oee1_0.created_at,oee1_0.event_type,oee1_0.last_error,oee1_0.next_retry_time,oee1_0.payload,oee1_0.retry_count,oee1_0.sent_at,oee1_0.status,oee1_0.trace_id,oee1_0.updated_at from outbox_event oee1_0 where oee1_0.status in (?,?) and oee1_0.next_retry_time<=? order by oee1_0.created_at fetch first ? rows only
2026-05-08T17:17:21.580+08:00 DEBUG 38228 --- [uscdip-backend] [pool-2-thread-1] org.hibernate.SQL                        : select twle1_0.write_log_id,twle1_0.attempt_no,twle1_0.created_at,twle1_0.duration_ms,twle1_0.failed_count,twle1_0.last_error,twle1_0.next_retry_at,twle1_0.requested_count,twle1_0.source_batch_id,twle1_0.status,twle1_0.success_count,twle1_0.trace_id,twle1_0.updated_at,twle1_0.write_type from ts_write_log twle1_0 where twle1_0.status in (?,?) and twle1_0.next_retry_at<=? order by twle1_0.created_at
2026-05-08T17:17:21.581+08:00 DEBUG 38228 --- [uscdip-backend] [pool-2-thread-1] org.hibernate.SQL                        : select wsce1_0.connection_id,wsce1_0.client_ip,wsce1_0.close_reason,wsce1_0.connected_at,wsce1_0.disconnected_at,wsce1_0.last_seen_at,wsce1_0.status,wsce1_0.stomp_session_id,wsce1_0.user_agent,wsce1_0.user_id,wsce1_0.username from websocket_connection wsce1_0 where wsce1_0.status=? and wsce1_0.last_seen_at<?
2026-05-08T17:17:21.653+08:00 DEBUG 38228 --- [uscdip-backend] [pool-2-thread-1] org.hibernate.SQL                        : select nme1_0.notification_id,nme1_0.aggregate_id,nme1_0.aggregate_type,nme1_0.completed_at,nme1_0.content,nme1_0.created_at,nme1_0.event_type,nme1_0.idempotent_key,nme1_0.last_error,nme1_0.recipient_user_id,nme1_0.recipient_username,nme1_0.source_event_id,nme1_0.status,nme1_0.title,nme1_0.trace_id,nme1_0.updated_at from notification_message nme1_0 order by nme1_0.created_at desc,nme1_0.notification_id desc
2026-05-08T17:17:21.655+08:00 DEBUG 38228 --- [uscdip-backend] [pool-2-thread-1] org.hibernate.SQL                        : select osbe1_0.binding_id,osbe1_0.created_at,osbe1_0.object_id,osbe1_0.object_type,osbe1_0.owner_user_id,osbe1_0.owner_username,osbe1_0.region_id,osbe1_0.scope_level,osbe1_0.updated_at from object_scope_binding osbe1_0 where osbe1_0.object_type=? and osbe1_0.object_id=?
2026-05-08T17:17:21.655+08:00 DEBUG 38228 --- [uscdip-backend] [pool-2-thread-1] org.hibernate.SQL                        : select wspme1_0.seq_no,wspme1_0.content,wspme1_0.created_at,wspme1_0.message_id,wspme1_0.message_type,wspme1_0.payload,wspme1_0.recipient_user_id,wspme1_0.source_notification_id,wspme1_0.title,wspme1_0.topic,wspme1_0.trace_id from websocket_push_message wspme1_0 where wspme1_0.source_notification_id=? and wspme1_0.topic=?
2026-05-08T17:17:21.656+08:00 DEBUG 38228 --- [uscdip-backend] [pool-2-thread-1] org.hibernate.SQL                        : select wspme1_0.seq_no,wspme1_0.content,wspme1_0.created_at,wspme1_0.message_id,wspme1_0.message_type,wspme1_0.payload,wspme1_0.recipient_user_id,wspme1_0.source_notification_id,wspme1_0.title,wspme1_0.topic,wspme1_0.trace_id from websocket_push_message wspme1_0 where wspme1_0.source_notification_id=? and wspme1_0.topic=?
[INFO] ------------------------------------------------------------------------
[INFO] BUILD FAILURE
[INFO] ------------------------------------------------------------------------
[INFO] Total time:  04:28 min
[INFO] Finished at: 2026-05-08T17:17:27+08:00
[INFO] ------------------------------------------------------------------------
[ERROR] Failed to execute goal org.springframework.boot:spring-boot-maven-plugin:3.3.5:run (default-cli) on project backend: Process terminated with exit code: -1 -> [Help 1]
[ERROR] 
[ERROR] To see the full stack trace of the errors, re-run Maven with the -e switch.
[ERROR] Re-run Maven using the -X switch to enable full debug logging.
[ERROR] 
[ERROR] For more information about the errors and possible solutions, please read the following articles:
[ERROR] [Help 1] http://cwiki.apache.org/confluence/display/MAVEN/MojoExecutionException
